1008.117,0,-10.983,3,1.6606,13,0,303,6,3,4,NaN,NaN,NaN,6,2,4,NaN,NaN,NaN
1207.6945,0,-10.9165,3,1.196,11,0,303,5,3,3,NaN,NaN,NaN,5,2,3,NaN,NaN,NaN
1318.5502,0,-10.8222,3,3.557,19,0,303,9,4,6,NaN,NaN,NaN,9,3,6,NaN,NaN,NaN
1364.519,0,-10.9291,3,0.809,9,0,303,4,3,2,NaN,NaN,NaN,4,2,2,NaN,NaN,NaN
1589.9889,0,-10.6829,3,2.8596,17,0,303,8,4,5,NaN,NaN,NaN,8,3,5,NaN,NaN,NaN
1611.3645,0,-10.8527,3,0.8013,9,0,303,4,3,1,NaN,NaN,NaN,4,2,3,NaN,NaN,NaN
1617.3493,0,-10.8265,3,6.1642,25,0,303,12,5,8,NaN,NaN,NaN,12,4,8,NaN,NaN,NaN
1737.0497,0,-10.7741,3,1.1804,11,0,303,5,3,2,NaN,NaN,NaN,5,2,4,NaN,NaN,NaN
1813.8868,0,-10.5927,3,2.2403,15,0,303,7,4,4,NaN,NaN,NaN,7,3,4,NaN,NaN,NaN
1954.1172,0,-10.6401,3,5.2338,23,0,303,11,5,7,NaN,NaN,NaN,11,4,7,NaN,NaN,NaN
1968.5559,0,-10.7555,3,1.6342,13,0,303,6,3,3,NaN,NaN,NaN,6,2,5,NaN,NaN,NaN
1973.7322,0,-10.5593,3,1.6998,13,0,303,6,4,3,NaN,NaN,NaN,6,3,3,NaN,NaN,NaN
2068.9246,0,-10.6047,3,1.2383,11,0,303,5,4,2,NaN,NaN,NaN,5,3,2,NaN,NaN,NaN
2115.3965,0,-10.795,3,0.8551,9,0,303,4,4,1,NaN,NaN,NaN,4,3,1,NaN,NaN,NaN
2131.8708,0,-10.7897,3,0.8546,9,0,303,4,4,0,NaN,NaN,NaN,4,3,2,NaN,NaN,NaN
2132.7424,0,-10.585,3,1.2363,11,0,303,5,4,1,NaN,NaN,NaN,5,3,3,NaN,NaN,NaN
2152.8014,0,-10.5068,3,1.6942,13,0,303,6,4,2,NaN,NaN,NaN,6,3,4,NaN,NaN,NaN
2215.617,0,-10.4846,3,2.2282,15,0,303,7,4,3,NaN,NaN,NaN,7,3,5,NaN,NaN,NaN
2238.944,0,-10.4946,3,4.3819,21,0,303,10,5,6,NaN,NaN,NaN,10,4,6,NaN,NaN,NaN
2306.0147,0,-10.7345,3,8.3186,29,0,303,14,6,9,NaN,NaN,NaN,14,5,9,NaN,NaN,NaN
2337.1999,0,-10.7772,3,2.1623,15,0,303,7,3,4,NaN,NaN,NaN,7,2,6,NaN,NaN,NaN
2355.0788,0,-10.4979,3,2.8377,17,0,303,8,4,4,NaN,NaN,NaN,8,3,6,NaN,NaN,NaN
2452.0119,0,-10.392,3,3.6093,19,0,303,9,5,5,NaN,NaN,NaN,9,4,5,NaN,NaN,NaN
2591.0422,0,-10.3376,3,2.9162,17,0,303,8,5,4,NaN,NaN,NaN,8,4,4,NaN,NaN,NaN
2610.6425,0,-10.5396,3,3.5222,19,0,303,9,4,5,NaN,NaN,NaN,9,3,7,NaN,NaN,NaN
2647.3097,0,-10.5483,3,7.2339,27,0,303,13,6,8,NaN,NaN,NaN,13,5,8,NaN,NaN,NaN
2671.1822,0,-10.3371,3,2.3021,15,0,303,7,5,3,NaN,NaN,NaN,7,4,3,NaN,NaN,NaN
2706.1098,0,-10.3078,3,2.9126,17,0,303,8,5,3,NaN,NaN,NaN,8,4,5,NaN,NaN,NaN
2711.894,0,-10.3263,3,2.3008,15,0,303,7,5,2,NaN,NaN,NaN,7,4,4,NaN,NaN,NaN
2713.5955,0,-10.4057,3,1.7661,13,0,303,6,5,2,NaN,NaN,NaN,6,4,2,NaN,NaN,NaN
2723.7623,0,-10.3245,3,3.601,19,0,303,9,5,4,NaN,NaN,NaN,9,4,6,NaN,NaN,NaN
2725.0762,0,-10.4026,3,1.7657,13,0,303,6,5,1,NaN,NaN,NaN,6,4,3,NaN,NaN,NaN
2735.09,0,-10.6092,3,1.3074,11,0,303,5,5,1,NaN,NaN,NaN,5,4,1,NaN,NaN,NaN
2737.4239,0,-10.6086,3,1.3073,11,0,303,5,5,0,NaN,NaN,NaN,5,4,2,NaN,NaN,NaN
2790.8115,0,-10.3664,3,4.3656,21,0,303,10,5,5,NaN,NaN,NaN,10,4,7,NaN,NaN,NaN
2853.0558,0,-10.8235,3,2.7644,17,0,303,8,3,5,NaN,NaN,NaN,8,2,7,NaN,NaN,NaN
2909.7635,0,-10.4001,3,6.2291,25,0,303,12,6,7,NaN,NaN,NaN,12,5,7,NaN,NaN,NaN
2943.3108,0,-10.4291,3,5.206,23,0,303,11,5,6,NaN,NaN,NaN,11,4,8,NaN,NaN,NaN
3013.9481,0,-10.6051,3,4.2813,21,0,303,10,4,6,NaN,NaN,NaN,10,3,8,NaN,NaN,NaN
3089.8464,0,-10.2919,3,5.3042,23,0,303,11,6,6,NaN,NaN,NaN,11,5,6,NaN,NaN,NaN
3202.4644,0,-10.2232,3,4.4587,21,0,303,10,6,5,NaN,NaN,NaN,10,5,5,NaN,NaN,NaN
3222.0397,0,-10.511,3,6.1216,25,0,303,12,5,7,NaN,NaN,NaN,12,4,9,NaN,NaN,NaN
3258.4206,0,-10.2544,3,5.299,23,0,303,11,6,5,NaN,NaN,NaN,11,5,7,NaN,NaN,NaN
3269.4754,0,-10.193,3,3.6919,19,0,303,9,6,4,NaN,NaN,NaN,9,5,4,NaN,NaN,NaN
3271.0097,0,-10.2077,3,4.4566,21,0,303,10,6,4,NaN,NaN,NaN,10,5,6,NaN,NaN,NaN
3273.7471,0,-10.3217,3,6.2181,25,0,303,12,6,6,NaN,NaN,NaN,12,5,8,NaN,NaN,NaN
3293.5809,0,-10.1875,3,3.6911,19,0,303,9,6,3,NaN,NaN,NaN,9,5,5,NaN,NaN,NaN
3309.1193,0,-10.2054,3,3.0029,17,0,303,8,6,3,NaN,NaN,NaN,8,5,3,NaN,NaN,NaN
3316.2463,0,-10.2038,3,3.0027,17,0,303,8,6,2,NaN,NaN,NaN,8,5,4,NaN,NaN,NaN
3333.0042,0,-10.2792,3,2.3913,15,0,303,7,6,2,NaN,NaN,NaN,7,5,2,NaN,NaN,NaN
3334.6832,0,-10.2788,3,2.3912,15,0,303,7,6,1,NaN,NaN,NaN,7,5,3,NaN,NaN,NaN
3344.9908,0,-10.406,3,7.2137,27,0,303,13,6,7,NaN,NaN,NaN,13,5,9,NaN,NaN,NaN
3347.5886,0,-10.4845,3,1.8566,13,0,303,6,6,1,NaN,NaN,NaN,6,5,1,NaN,NaN,NaN
3347.8716,0,-10.4845,3,1.8566,13,0,303,6,6,0,NaN,NaN,NaN,6,5,2,NaN,NaN,NaN
3503.3593,0,-10.8786,3,3.4402,19,0,303,9,3,6,NaN,NaN,NaN,9,2,8,NaN,NaN,NaN
3510.0862,0,-10.5057,3,8.2852,29,0,303,14,6,8,NaN,NaN,NaN,14,5,10,NaN,NaN,NaN
3570.9674,0,-10.3893,3,8.4023,29,0,303,14,7,8,NaN,NaN,NaN,14,6,8,NaN,NaN,NaN
3574.3643,0,-10.6861,3,5.1146,23,0,303,11,4,7,NaN,NaN,NaN,11,3,9,NaN,NaN,NaN
3658.9412,0,-10.61,3,7.1119,27,0,303,13,5,8,NaN,NaN,NaN,13,4,10,NaN,NaN,NaN
3714.5488,0,-10.2755,3,7.3253,27,0,303,13,7,7,NaN,NaN,NaN,13,6,7,NaN,NaN,NaN
3794.0443,0,-10.3456,3,8.3955,29,0,303,14,7,7,NaN,NaN,NaN,14,6,9,NaN,NaN,NaN
3805.6787,0,-10.1923,3,6.3273,25,0,303,12,7,6,NaN,NaN,NaN,12,6,6,NaN,NaN,NaN
3812.9562,0,-10.256,3,7.3222,27,0,303,13,7,6,NaN,NaN,NaN,13,6,8,NaN,NaN,NaN
3844.5707,0,-10.1846,3,6.3261,25,0,303,12,7,5,NaN,NaN,NaN,12,6,7,NaN,NaN,NaN
3863.9537,0,-10.1376,3,5.4077,23,0,303,11,7,5,NaN,NaN,NaN,11,6,5,NaN,NaN,NaN
3877.5812,0,-10.1349,3,5.4072,23,0,303,11,7,4,NaN,NaN,NaN,11,6,6,NaN,NaN,NaN
3902.3739,0,-10.113,3,4.5657,21,0,303,10,7,4,NaN,NaN,NaN,10,6,4,NaN,NaN,NaN
3906.5245,0,-10.1122,3,4.5655,21,0,303,10,7,3,NaN,NaN,NaN,10,6,5,NaN,NaN,NaN
3928.4798,0,-10.1263,3,3.801,19,0,303,9,7,3,NaN,NaN,NaN,9,6,3,NaN,NaN,NaN
3929.5424,0,-10.1261,3,3.8009,19,0,303,9,7,2,NaN,NaN,NaN,9,6,4,NaN,NaN,NaN
3946.4583,0,-10.1985,3,3.1133,17,0,303,8,7,2,NaN,NaN,NaN,8,6,2,NaN,NaN,NaN
3946.6741,0,-10.1985,3,3.1133,17,0,303,8,7,1,NaN,NaN,NaN,8,6,3,NaN,NaN,NaN
3958.727,0,-10.4019,3,2.5024,15,0,303,7,7,1,NaN,NaN,NaN,7,6,1,NaN,NaN,NaN
3958.7581,0,-10.4018,3,2.5024,15,0,303,7,7,0,NaN,NaN,NaN,7,6,2,NaN,NaN,NaN
4259.5967,0,-10.9307,3,4.1894,21,0,303,10,3,7,NaN,NaN,NaN,10,2,9,NaN,NaN,NaN
4262.6464,0,-10.7204,3,8.1764,29,0,303,14,5,9,NaN,NaN,NaN,14,4,11,NaN,NaN,NaN
4276.7058,0,-10.7715,3,6.0215,25,0,303,12,4,8,NaN,NaN,NaN,12,3,10,NaN,NaN,NaN
4402.4665,0,-10.23,3,8.5221,29,0,303,14,8,7,NaN,NaN,NaN,14,7,7,NaN,NaN,NaN
4423.8213,0,-10.2262,3,8.5214,29,0,303,14,8,6,NaN,NaN,NaN,14,7,8,NaN,NaN,NaN
4455.6753,0,-10.1533,3,7.4494,27,0,303,13,8,6,NaN,NaN,NaN,13,7,6,NaN,NaN,NaN
4463.1419,0,-10.1519,3,7.4492,27,0,303,13,8,5,NaN,NaN,NaN,13,7,7,NaN,NaN,NaN
4493.9485,0,-10.0998,3,6.4544,25,0,303,12,8,5,NaN,NaN,NaN,12,7,5,NaN,NaN,NaN
4496.2697,0,-10.0993,3,6.4543,25,0,303,12,8,4,NaN,NaN,NaN,12,7,6,NaN,NaN,NaN
4522.1392,0,-10.0734,3,5.5366,23,0,303,11,8,4,NaN,NaN,NaN,11,7,4,NaN,NaN,NaN
4522.7662,0,-10.0733,3,5.5365,23,0,303,11,8,3,NaN,NaN,NaN,11,7,5,NaN,NaN,NaN
4543.0515,0,-10.0835,3,4.6958,21,0,303,10,8,3,NaN,NaN,NaN,10,7,3,NaN,NaN,NaN
4543.1934,0,-10.0835,3,4.6958,21,0,303,10,8,2,NaN,NaN,NaN,10,7,4,NaN,NaN,NaN
4558.4394,0,-10.152,3,3.932,19,0,303,9,8,2,NaN,NaN,NaN,9,7,2,NaN,NaN,NaN
4558.4648,0,-10.1519,3,3.932,19,0,303,9,8,1,NaN,NaN,NaN,9,7,3,NaN,NaN,NaN
4569.5305,0,-10.3516,3,3.2449,17,0,303,8,8,1,NaN,NaN,NaN,8,7,1,NaN,NaN,NaN
4569.5336,0,-10.3516,3,3.2449,17,0,303,8,8,0,NaN,NaN,NaN,8,7,2,NaN,NaN,NaN
4857.2422,0,-10.9566,3,3.439,19,0,303,9,4,6,NaN,NaN,NaN,9,1,8,NaN,NaN,NaN
5082.8268,0,-10.9752,3,5.0119,23,0,303,11,3,8,NaN,NaN,NaN,11,2,10,NaN,NaN,NaN
5084.3361,0,-10.1514,3,8.669,29,0,303,14,9,6,NaN,NaN,NaN,14,8,6,NaN,NaN,NaN
5085.5984,0,-10.1512,3,8.6689,29,0,303,14,9,5,NaN,NaN,NaN,14,8,7,NaN,NaN,NaN
5088.4271,0,-10.8526,3,7.002,27,0,303,13,4,9,NaN,NaN,NaN,13,3,11,NaN,NaN,NaN
5114.4485,0,-10.0947,3,7.5981,27,0,303,13,9,5,NaN,NaN,NaN,13,8,5,NaN,NaN,NaN
5114.8025,0,-10.0946,3,7.598,27,0,303,13,9,4,NaN,NaN,NaN,13,8,6,NaN,NaN,NaN
5137.9088,0,-10.0641,3,6.6043,25,0,303,12,9,4,NaN,NaN,NaN,12,8,4,NaN,NaN,NaN
5137.9948,0,-10.0641,3,6.6043,25,0,303,12,9,3,NaN,NaN,NaN,12,8,5,NaN,NaN,NaN
5156.0519,0,-10.0694,3,5.6874,23,0,303,11,9,3,NaN,NaN,NaN,11,8,3,NaN,NaN,NaN
5156.0694,0,-10.0694,3,5.6874,23,0,303,11,9,2,NaN,NaN,NaN,11,8,4,NaN,NaN,NaN
5169.8785,0,-10.133,3,4.8474,21,0,303,10,9,2,NaN,NaN,NaN,10,8,2,NaN,NaN,NaN
5169.8813,0,-10.133,3,4.8474,21,0,303,10,9,1,NaN,NaN,NaN,10,8,3,NaN,NaN,NaN
5180.1964,0,-10.3279,3,4.0841,19,0,303,9,9,1,NaN,NaN,NaN,9,8,1,NaN,NaN,NaN
5180.1967,0,-10.3279,3,4.0841,19,0,303,9,9,0,NaN,NaN,NaN,9,8,2,NaN,NaN,NaN
5300.3815,0,-10.9362,3,4.1888,21,0,303,10,4,7,NaN,NaN,NaN,10,1,9,NaN,NaN,NaN
5468.2441,0,-10.94,3,4.2742,21,0,303,10,5,6,NaN,NaN,NaN,10,2,8,NaN,NaN,NaN
5645.3731,0,-10.8535,3,5.1107,23,0,303,11,5,7,NaN,NaN,NaN,11,2,9,NaN,NaN,NaN
5647.5227,0,-10.7832,3,0.2693,7,0,303,3,1,3,NaN,NaN,NaN,2,2,1,NaN,NaN,NaN
5731.4251,0,-10.1156,3,8.8386,29,0,303,14,10,5,NaN,NaN,NaN,14,9,5,NaN,NaN,NaN
5731.4747,0,-10.1156,3,8.8386,29,0,303,14,10,4,NaN,NaN,NaN,14,9,6,NaN,NaN,NaN
5751.9984,0,-10.0797,3,7.7687,27,0,303,13,10,4,NaN,NaN,NaN,13,9,4,NaN,NaN,NaN
5752.0094,0,-10.0797,3,7.7687,27,0,303,13,10,3,NaN,NaN,NaN,13,9,5,NaN,NaN,NaN
5768.3005,0,-10.0795,3,6.7756,25,0,303,12,10,3,NaN,NaN,NaN,12,9,3,NaN,NaN,NaN
5768.3025,0,-10.0795,3,6.7756,25,0,303,12,10,2,NaN,NaN,NaN,12,9,4,NaN,NaN,NaN
5781.029,0,-10.1375,3,5.8594,23,0,303,11,10,2,NaN,NaN,NaN,11,9,2,NaN,NaN,NaN
5781.0293,0,-10.1375,3,5.8594,23,0,303,11,10,1,NaN,NaN,NaN,11,9,3,NaN,NaN,NaN
5790.7839,0,-10.327,3,5.0198,21,0,303,10,10,1,NaN,NaN,NaN,10,9,1,NaN,NaN,NaN
5790.784,0,-10.327,3,5.0198,21,0,303,10,10,0,NaN,NaN,NaN,10,9,2,NaN,NaN,NaN
5827.0064,0,-10.95,3,5.0116,23,0,303,11,4,8,NaN,NaN,NaN,11,1,10,NaN,NaN,NaN
5953.5122,0,-10.8288,3,6.0195,25,0,303,12,5,8,NaN,NaN,NaN,12,2,10,NaN,NaN,NaN
5966.251,0,-10.9261,3,8.0558,29,0,303,14,4,10,NaN,NaN,NaN,14,3,12,NaN,NaN,NaN
6145.4367,0,-10.3826,3,0.2699,7,0,303,3,1,2,NaN,NaN,NaN,2,2,0,NaN,NaN,NaN
6318.8333,0,-10.0415,3,0.2428,7,0,303,3,0,3,NaN,NaN,NaN,2,1,1,NaN,NaN,NaN
6365.1424,0,-10.117,3,9.0297,29,0,303,14,11,4,NaN,NaN,NaN,14,10,4,NaN,NaN,NaN
6365.1437,0,-10.117,3,9.0297,29,0,303,14,11,3,NaN,NaN,NaN,14,10,5,NaN,NaN,NaN
6375.4634,0,-10.8472,3,7.001,27,0,303,13,5,9,NaN,NaN,NaN,13,2,11,NaN,NaN,NaN
6380.0936,0,-10.1107,3,7.9605,27,0,303,13,11,3,NaN,NaN,NaN,13,10,3,NaN,NaN,NaN
6380.0938,0,-10.1107,3,7.9605,27,0,303,13,11,2,NaN,NaN,NaN,13,10,4,NaN,NaN,NaN
6391.9965,0,-10.1628,3,6.9681,25,0,303,12,11,1,NaN,NaN,NaN,12,10,3,NaN,NaN,NaN
6391.9965,0,-10.1628,3,6.9681,25,0,303,12,11,2,NaN,NaN,NaN,12,10,2,NaN,NaN,NaN
6401.3205,0,-10.3464,3,6.0522,23,0,303,11,11,0,NaN,NaN,NaN,11,10,2,NaN,NaN,NaN
6401.3205,0,-10.3464,3,6.0522,23,0,303,11,11,1,NaN,NaN,NaN,11,10,1,NaN,NaN,NaN
6418.4966,0,-10.9868,3,5.9075,25,0,303,12,4,9,NaN,NaN,NaN,12,1,11,NaN,NaN,NaN
6599.8561,0,-10.8987,3,7.1021,27,0,303,13,6,8,NaN,NaN,NaN,13,3,10,NaN,NaN,NaN
6617.7832,0,-10.9984,3,6.1054,25,0,303,12,6,7,NaN,NaN,NaN,12,3,9,NaN,NaN,NaN
6732.8494,0,-10.8618,3,8.1709,29,0,303,14,6,9,NaN,NaN,NaN,14,3,11,NaN,NaN,NaN
6890.2997,0,-10.8948,3,8.0554,29,0,303,14,5,10,NaN,NaN,NaN,14,2,12,NaN,NaN,NaN
6991.5806,0,-10.161,3,9.2421,29,0,303,14,12,2,NaN,NaN,NaN,14,11,4,NaN,NaN,NaN
6991.5806,0,-10.161,3,9.2421,29,0,303,14,12,3,NaN,NaN,NaN,14,11,3,NaN,NaN,NaN
7002.8386,0,-10.2067,3,8.1733,27,0,303,13,12,1,NaN,NaN,NaN,13,11,3,NaN,NaN,NaN
7002.8386,0,-10.2067,3,8.1733,27,0,303,13,12,2,NaN,NaN,NaN,13,11,2,NaN,NaN,NaN
7011.8217,0,-10.3842,3,7.1813,25,0,303,12,12,0,NaN,NaN,NaN,12,11,2,NaN,NaN,NaN
7011.8217,0,-10.3842,3,7.1813,25,0,303,12,12,1,NaN,NaN,NaN,12,11,1,NaN,NaN,NaN
7414.0945,0,-9.26,3,0.2276,7,0,303,3,1,2,NaN,NaN,NaN,2,0,2,NaN,NaN,NaN
7556.6106,0,-10.5353,3,0.5493,9,0,303,4,2,3,NaN,NaN,NaN,3,3,1,NaN,NaN,NaN
7613.5906,0,-10.2678,3,9.4753,29,0,303,14,13,1,NaN,NaN,NaN,14,12,3,NaN,NaN,NaN
7613.5906,0,-10.2678,3,9.4753,29,0,303,14,13,2,NaN,NaN,NaN,14,12,2,NaN,NaN,NaN
7622.2975,0,-10.4389,3,8.4069,27,0,303,13,13,0,NaN,NaN,NaN,13,12,2,NaN,NaN,NaN
7622.2975,0,-10.4389,3,8.4069,27,0,303,13,13,1,NaN,NaN,NaN,13,12,1,NaN,NaN,NaN
7721.5121,0,-9.1471,3,0.2428,7,0,303,3,2,1,NaN,NaN,NaN,2,1,1,NaN,NaN,NaN
7725.5315,0,-10.2764,3,0.4975,9,0,303,4,1,4,NaN,NaN,NaN,3,2,2,NaN,NaN,NaN
7784.8657,0,-10.4527,3,0.5494,9,0,303,4,2,2,NaN,NaN,NaN,3,3,0,NaN,NaN,NaN
7895.7021,0,-9.2559,3,0.2342,7,0,303,3,2,2,NaN,NaN,NaN,2,1,2,NaN,NaN,NaN
8232.7545,0,-10.5094,3,9.7292,29,0,303,14,14,0,NaN,NaN,NaN,14,13,2,NaN,NaN,NaN
8232.7545,0,-10.5094,3,9.7292,29,0,303,14,14,1,NaN,NaN,NaN,14,13,1,NaN,NaN,NaN
8336.3982,0,-9.8489,3,0.4749,9,0,303,4,0,4,NaN,NaN,NaN,3,1,2,NaN,NaN,NaN
8377.3097,0,-9.018,3,0.2699,7,0,303,3,3,0,NaN,NaN,NaN,2,2,0,NaN,NaN,NaN
8392.8226,0,-9.0193,3,0.2693,7,0,303,3,3,1,NaN,NaN,NaN,2,2,1,NaN,NaN,NaN
8488.0523,0,-9.7345,3,0.5004,9,0,303,4,1,3,NaN,NaN,NaN,3,2,1,NaN,NaN,NaN
9311.6697,0,-10.4684,3,0.9257,11,0,303,5,3,3,NaN,NaN,NaN,4,4,1,NaN,NaN,NaN
9372.9187,0,-10.457,3,0.9257,11,0,303,5,3,2,NaN,NaN,NaN,4,4,0,NaN,NaN,NaN
9746.312,0,-10.0011,3,0.8013,11,0,303,5,1,5,NaN,NaN,NaN,4,2,3,NaN,NaN,NaN
9767.7397,0,-9.9927,3,0.8546,11,0,303,5,2,4,NaN,NaN,NaN,4,3,2,NaN,NaN,NaN
9890.731,0,-8.9988,3,0.4536,9,0,303,4,1,3,NaN,NaN,NaN,3,0,3,NaN,NaN,NaN
10016.7388,0,-8.838,3,0.4749,9,0,303,4,2,2,NaN,NaN,NaN,3,1,2,NaN,NaN,NaN
10219.3717,0,-9.8235,3,0.8551,11,0,303,5,2,3,NaN,NaN,NaN,4,3,1,NaN,NaN,NaN
10248.5105,0,-9.7698,3,0.7835,11,0,303,5,0,5,NaN,NaN,NaN,4,1,3,NaN,NaN,NaN
10301.9105,0,-9.0137,3,0.4577,9,0,303,4,2,3,NaN,NaN,NaN,3,1,3,NaN,NaN,NaN
10634.3993,0,-8.7862,3,0.5004,9,0,303,4,3,1,NaN,NaN,NaN,3,2,1,NaN,NaN,NaN
10703.086,0,-8.7951,3,0.4975,9,0,303,4,3,2,NaN,NaN,NaN,3,2,2,NaN,NaN,NaN
10749.5968,0,-9.3792,3,0.809,11,0,303,5,1,4,NaN,NaN,NaN,4,2,2,NaN,NaN,NaN
11003.7235,0,-10.4522,3,1.3986,13,0,303,6,4,3,NaN,NaN,NaN,5,5,1,NaN,NaN,NaN
11014.8978,0,-10.4508,3,1.3986,13,0,303,6,4,2,NaN,NaN,NaN,5,5,0,NaN,NaN,NaN
11281.2555,0,-8.6531,3,0.5494,9,0,303,4,4,0,NaN,NaN,NaN,3,3,0,NaN,NaN,NaN
11283.3715,0,-8.6531,3,0.5493,9,0,303,4,4,1,NaN,NaN,NaN,3,3,1,NaN,NaN,NaN
11599.5203,0,-9.9242,3,1.3073,13,0,303,6,3,4,NaN,NaN,NaN,5,4,2,NaN,NaN,NaN
11714.848,0,-9.8365,3,1.1804,13,0,303,6,1,6,NaN,NaN,NaN,5,2,4,NaN,NaN,NaN
11765.0813,0,-9.8932,3,1.3074,13,0,303,6,3,3,NaN,NaN,NaN,5,4,1,NaN,NaN,NaN
11929.2678,0,-9.6792,3,1.2363,13,0,303,6,2,5,NaN,NaN,NaN,5,3,3,NaN,NaN,NaN
12037.078,0,-10.6819,3,0.4536,9,0,303,4,3,1,NaN,NaN,NaN,3,0,3,NaN,NaN,NaN
12082.6774,0,-9.7261,3,1.1676,13,0,303,6,0,6,NaN,NaN,NaN,5,1,4,NaN,NaN,NaN
12365.7188,0,-8.6113,3,0.7835,11,0,303,5,2,3,NaN,NaN,NaN,4,1,3,NaN,NaN,NaN
12429.9373,0,-8.8287,3,0.753,11,0,303,5,1,4,NaN,NaN,NaN,4,0,4,NaN,NaN,NaN
12660.3279,0,-9.3983,3,1.2383,13,0,303,6,2,4,NaN,NaN,NaN,5,3,2,NaN,NaN,NaN
12679.9333,0,-10.4584,3,1.9682,15,0,303,7,5,3,NaN,NaN,NaN,6,6,1,NaN,NaN,NaN
12681.579,0,-10.4582,3,1.9682,15,0,303,7,5,2,NaN,NaN,NaN,6,6,0,NaN,NaN,NaN
12745.2942,0,-8.837,3,0.7552,11,0,303,5,2,4,NaN,NaN,NaN,4,1,4,NaN,NaN,NaN
12869.3084,0,-8.5873,3,0.809,11,0,303,5,3,2,NaN,NaN,NaN,4,2,2,NaN,NaN,NaN
12892.4871,0,-9.21,3,1.196,13,0,303,6,1,5,NaN,NaN,NaN,5,2,3,NaN,NaN,NaN
13038.4307,0,-8.617,3,0.8013,11,0,303,5,3,3,NaN,NaN,NaN,4,2,3,NaN,NaN,NaN
13317.5566,0,-9.9247,3,1.8566,15,0,303,7,4,4,NaN,NaN,NaN,6,5,2,NaN,NaN,NaN
13356.3398,0,-9.9202,3,1.8566,15,0,303,7,4,3,NaN,NaN,NaN,6,5,1,NaN,NaN,NaN
13559.8086,0,-8.4986,3,0.8551,11,0,303,5,4,1,NaN,NaN,NaN,4,3,1,NaN,NaN,NaN
13573.714,0,-8.4989,3,0.8546,11,0,303,5,4,2,NaN,NaN,NaN,4,3,2,NaN,NaN,NaN
13640.0008,0,-9.7353,3,1.6342,15,0,303,7,1,7,NaN,NaN,NaN,6,2,5,NaN,NaN,NaN
13787.6859,0,-10.8164,3,2.3021,17,0,303,8,1,7,NaN,NaN,NaN,7,4,3,NaN,NaN,NaN
13865.799,0,-9.5925,3,1.7657,15,0,303,7,3,5,NaN,NaN,NaN,6,4,3,NaN,NaN,NaN
13878.0903,0,-9.6887,3,1.626,15,0,303,7,0,7,NaN,NaN,NaN,6,1,5,NaN,NaN,NaN
14032.8667,0,-9.4862,3,1.6942,15,0,303,7,2,6,NaN,NaN,NaN,6,3,4,NaN,NaN,NaN
14179.2672,0,-8.3918,3,0.9257,11,0,303,5,5,0,NaN,NaN,NaN,4,4,0,NaN,NaN,NaN
14179.5021,0,-8.3918,3,0.9257,11,0,303,5,5,1,NaN,NaN,NaN,4,4,1,NaN,NaN,NaN
14217.2652,0,-9.5209,3,1.7661,15,0,303,7,3,4,NaN,NaN,NaN,6,4,2,NaN,NaN,NaN
14354.0932,0,-10.4812,3,2.6345,17,0,303,8,6,3,NaN,NaN,NaN,7,7,1,NaN,NaN,NaN
14354.3056,0,-10.4812,3,2.6345,17,0,303,8,6,2,NaN,NaN,NaN,7,7,0,NaN,NaN,NaN
14549.6489,0,-10.2914,3,0.753,11,0,303,5,3,2,NaN,NaN,NaN,4,0,4,NaN,NaN,NaN
14780.0396,0,-8.454,3,1.1676,13,0,303,6,2,4,NaN,NaN,NaN,5,1,4,NaN,NaN,NaN
14901.2969,0,-9.1618,3,1.6606,15,0,303,7,1,6,NaN,NaN,NaN,6,2,4,NaN,NaN,NaN
14996.8174,0,-9.9501,3,2.5024,17,0,303,8,5,4,NaN,NaN,NaN,7,6,2,NaN,NaN,NaN
15003.7008,0,-9.9495,3,2.5024,17,0,303,8,5,3,NaN,NaN,NaN,7,6,1,NaN,NaN,NaN
15009.6954,0,-8.7081,3,1.1254,13,0,303,6,1,5,NaN,NaN,NaN,5,0,5,NaN,NaN,NaN
15054.7647,0,-9.0992,3,1.6998,15,0,303,7,2,5,NaN,NaN,NaN,6,3,3,NaN,NaN,NaN
15105.5182,0,-8.414,3,1.196,13,0,303,6,3,3,NaN,NaN,NaN,5,2,3,NaN,NaN,NaN
15204.2529,0,-10.9879,3,3.0029,19,0,303,9,2,7,NaN,NaN,NaN,8,5,3,NaN,NaN,NaN
15221.3865,0,-8.7084,3,1.1265,13,0,303,6,2,5,NaN,NaN,NaN,5,1,5,NaN,NaN,NaN
15405.4947,0,-8.4788,3,1.1804,13,0,303,6,3,4,NaN,NaN,NaN,5,2,4,NaN,NaN,NaN
15532.599,0,-9.6739,3,2.1623,17,0,303,8,1,8,NaN,NaN,NaN,7,2,6,NaN,NaN,NaN
15632.2743,0,-9.5989,3,2.3912,17,0,303,8,4,5,NaN,NaN,NaN,7,5,3,NaN,NaN,NaN
15669.6315,0,-9.6556,3,2.1577,17,0,303,8,0,8,NaN,NaN,NaN,7,1,6,NaN,NaN,NaN
15671.8698,0,-10.7019,3,2.9162,19,0,303,9,1,8,NaN,NaN,NaN,8,4,4,NaN,NaN,NaN
15706.1557,0,-10.8845,3,0.7835,11,0,303,5,4,1,NaN,NaN,NaN,4,1,3,NaN,NaN,NaN
15738.7794,0,-9.5867,3,2.3913,17,0,303,8,4,4,NaN,NaN,NaN,7,5,2,NaN,NaN,NaN
15821.2463,0,-8.3703,3,1.2383,13,0,303,6,4,2,NaN,NaN,NaN,5,3,2,NaN,NaN,NaN
15871.5559,0,-8.3721,3,1.2363,13,0,303,6,4,3,NaN,NaN,NaN,5,3,3,NaN,NaN,NaN
16028.5866,0,-10.5191,3,3.3974,19,0,303,9,7,3,NaN,NaN,NaN,8,8,1,NaN,NaN,NaN
16028.6117,0,-10.5191,3,3.3974,19,0,303,9,7,2,NaN,NaN,NaN,8,8,0,NaN,NaN,NaN
16076.0287,0,-9.3708,3,2.2282,17,0,303,8,2,7,NaN,NaN,NaN,7,3,5,NaN,NaN,NaN
16095.5946,0,-9.3729,3,2.3008,17,0,303,8,3,6,NaN,NaN,NaN,7,4,4,NaN,NaN,NaN
16463.8896,0,-8.2841,3,1.3074,13,0,303,6,5,1,NaN,NaN,NaN,5,4,1,NaN,NaN,NaN
16465.9172,0,-8.2841,3,1.3073,13,0,303,6,5,2,NaN,NaN,NaN,5,4,2,NaN,NaN,NaN
16668.6029,0,-9.9906,3,3.2449,19,0,303,9,6,4,NaN,NaN,NaN,8,7,2,NaN,NaN,NaN
16669.6373,0,-9.9905,3,3.2449,19,0,303,9,6,3,NaN,NaN,NaN,8,7,1,NaN,NaN,NaN
16713.4675,0,-9.2324,3,2.3021,17,0,303,8,3,5,NaN,NaN,NaN,7,4,3,NaN,NaN,NaN
16788.0693,0,-9.1752,3,2.202,17,0,303,8,1,7,NaN,NaN,NaN,7,2,5,NaN,NaN,NaN
17076.3648,0,-8.1987,3,1.3986,13,0,303,6,6,0,NaN,NaN,NaN,5,5,0,NaN,NaN,NaN
17076.3883,0,-8.1987,3,1.3986,13,0,303,6,6,1,NaN,NaN,NaN,5,5,1,NaN,NaN,NaN
17222.7265,0,-10.1543,3,1.1254,13,0,303,6,3,3,NaN,NaN,NaN,5,0,5,NaN,NaN,NaN
17267.7958,0,-8.3525,3,1.626,15,0,303,7,2,5,NaN,NaN,NaN,6,1,5,NaN,NaN,NaN
17322.7305,0,-9.6387,3,3.1133,19,0,303,9,5,5,NaN,NaN,NaN,8,6,3,NaN,NaN,NaN
17345.5858,0,-9.6369,3,3.1133,19,0,303,9,5,4,NaN,NaN,NaN,8,6,2,NaN,NaN,NaN
17347.9721,0,-8.9189,3,2.2403,17,0,303,8,2,6,NaN,NaN,NaN,7,3,4,NaN,NaN,NaN
17373.0307,0,-10.7417,3,3.6093,21,0,303,10,1,9,NaN,NaN,NaN,9,4,5,NaN,NaN,NaN
17378.1836,0,-8.2722,3,1.6606,15,0,303,7,3,4,NaN,NaN,NaN,6,2,4,NaN,NaN,NaN
17403.2029,0,-9.6398,3,2.7644,19,0,303,9,1,9,NaN,NaN,NaN,8,2,7,NaN,NaN,NaN
17456.3659,0,-10.6491,3,3.6919,21,0,303,10,2,8,NaN,NaN,NaN,9,5,4,NaN,NaN,NaN
17474.8537,0,-9.6327,3,2.762,19,0,303,9,0,9,NaN,NaN,NaN,8,1,7,NaN,NaN,NaN
17598.659,0,-8.6181,3,1.5706,15,0,303,7,1,6,NaN,NaN,NaN,6,0,6,NaN,NaN,NaN
17703.5304,0,-10.5711,3,4.2569,21,0,303,10,8,3,NaN,NaN,NaN,9,9,1,NaN,NaN,NaN
17703.5331,0,-10.5711,3,4.2569,21,0,303,10,8,2,NaN,NaN,NaN,9,9,0,NaN,NaN,NaN
17723.5133,0,-8.6161,3,1.5711,15,0,303,7,2,6,NaN,NaN,NaN,6,1,6,NaN,NaN,NaN
17808.0871,0,-8.3754,3,1.6342,15,0,303,7,3,5,NaN,NaN,NaN,6,2,5,NaN,NaN,NaN
17938.0698,0,-9.3748,3,3.0027,19,0,303,9,4,6,NaN,NaN,NaN,8,5,4,NaN,NaN,NaN
17940.958,0,-10.3196,3,1.1676,13,0,303,6,4,2,NaN,NaN,NaN,5,1,4,NaN,NaN,NaN
18055.1481,0,-8.2627,3,1.6998,15,0,303,7,4,3,NaN,NaN,NaN,6,3,3,NaN,NaN,NaN
18062.2813,0,-9.3083,3,2.8377,19,0,303,9,2,8,NaN,NaN,NaN,8,3,6,NaN,NaN,NaN
18179.8379,0,-9.3451,3,3.0029,19,0,303,9,4,5,NaN,NaN,NaN,8,5,3,NaN,NaN,NaN
18183.9534,0,-8.2703,3,1.6942,15,0,303,7,4,4,NaN,NaN,NaN,6,3,4,NaN,NaN,NaN
18275.3051,0,-9.23,3,2.9126,19,0,303,9,3,7,NaN,NaN,NaN,8,4,5,NaN,NaN,NaN
18340.5364,0,-10.0443,3,4.0841,21,0,303,10,7,4,NaN,NaN,NaN,9,8,2,NaN,NaN,NaN
18340.6752,0,-10.0443,3,4.0841,21,0,303,10,7,3,NaN,NaN,NaN,9,8,1,NaN,NaN,NaN
18588.458,0,-9.2063,3,2.819,19,0,303,9,1,8,NaN,NaN,NaN,8,2,6,NaN,NaN,NaN
18743.0461,0,-8.1964,3,1.7661,15,0,303,7,5,2,NaN,NaN,NaN,6,4,2,NaN,NaN,NaN
18752.5981,0,-8.1964,3,1.7657,15,0,303,7,5,3,NaN,NaN,NaN,6,4,3,NaN,NaN,NaN
18879.0227,0,-10.8992,3,4.3819,23,0,303,11,1,10,NaN,NaN,NaN,10,4,6,NaN,NaN,NaN
18992.6155,0,-9.6943,3,3.932,21,0,303,10,6,5,NaN,NaN,NaN,9,7,3,NaN,NaN,NaN
18996.6019,0,-9.694,3,3.932,21,0,303,10,6,4,NaN,NaN,NaN,9,7,2,NaN,NaN,NaN
19210.5618,0,-8.9993,3,2.9162,19,0,303,9,3,6,NaN,NaN,NaN,8,4,4,NaN,NaN,NaN
19260.4419,0,-9.626,3,3.4402,21,0,303,10,1,10,NaN,NaN,NaN,9,2,8,NaN,NaN,NaN
19295.3479,0,-9.6233,3,3.439,21,0,303,10,0,10,NaN,NaN,NaN,9,1,8,NaN,NaN,NaN
19362.2051,0,-8.1246,3,1.8566,15,0,303,7,6,1,NaN,NaN,NaN,6,5,1,NaN,NaN,NaN
19362.4548,0,-8.1246,3,1.8566,15,0,303,7,6,2,NaN,NaN,NaN,6,5,2,NaN,NaN,NaN
19378.7924,0,-10.6365,3,5.213,23,0,303,11,9,3,NaN,NaN,NaN,10,10,1,NaN,NaN,NaN
19378.7927,0,-10.6365,3,5.213,23,0,303,11,9,2,NaN,NaN,NaN,10,10,0,NaN,NaN,NaN
19500.3515,0,-8.85,3,2.8596,19,0,303,9,2,7,NaN,NaN,NaN,8,3,5,NaN,NaN,NaN
19544.9324,0,-10.4706,3,4.4587,23,0,303,11,2,9,NaN,NaN,NaN,10,5,5,NaN,NaN,NaN
19655.1346,0,-9.424,3,3.8009,21,0,303,10,5,6,NaN,NaN,NaN,9,6,4,NaN,NaN,NaN
19713.851,0,-8.1692,3,2.202,17,0,303,8,3,5,NaN,NaN,NaN,7,2,5,NaN,NaN,NaN
19718.6309,0,-9.419,3,3.801,21,0,303,10,5,5,NaN,NaN,NaN,9,6,3,NaN,NaN,NaN
19824.8588,0,-8.2907,3,2.1577,17,0,303,8,2,6,NaN,NaN,NaN,7,1,6,NaN,NaN,NaN
19973.3413,0,-8.0552,3,1.9682,15,0,303,7,7,0,NaN,NaN,NaN,6,6,0,NaN,NaN,NaN
19973.3435,0,-8.0552,3,1.9682,15,0,303,7,7,1,NaN,NaN,NaN,6,6,1,NaN,NaN,NaN
19999.9993,0,-9.2827,3,3.5222,21,0,303,10,2,9,NaN,NaN,NaN,9,3,7,NaN,NaN,NaN
20013.5072,0,-10.1107,3,5.0198,23,0,303,11,8,4,NaN,NaN,NaN,10,9,2,NaN,NaN,NaN
20013.5244,0,-10.1107,3,5.0198,23,0,303,11,8,3,NaN,NaN,NaN,10,9,1,NaN,NaN,NaN
20075.5458,0,-10.1901,3,1.5706,15,0,303,7,3,4,NaN,NaN,NaN,6,0,6,NaN,NaN,NaN
20177.7748,0,-8.5537,3,2.0889,17,0,303,8,1,7,NaN,NaN,NaN,7,0,7,NaN,NaN,NaN
20221.4003,0,-9.2185,3,3.6911,21,0,303,10,4,7,NaN,NaN,NaN,9,5,5,NaN,NaN,NaN
20244.115,0,-8.5521,3,2.0892,17,0,303,8,2,7,NaN,NaN,NaN,7,1,7,NaN,NaN,NaN
20246.6814,0,-8.3021,3,2.1623,17,0,303,8,3,6,NaN,NaN,NaN,7,2,6,NaN,NaN,NaN
20264.5603,0,-8.1699,3,2.2403,17,0,303,8,4,4,NaN,NaN,NaN,7,3,4,NaN,NaN,NaN
20268.1792,0,-9.9317,3,1.626,15,0,303,7,4,3,NaN,NaN,NaN,6,1,5,NaN,NaN,NaN
20348.6157,0,-9.2357,3,3.5101,21,0,303,10,1,9,NaN,NaN,NaN,9,2,7,NaN,NaN,NaN
20395.4803,0,-9.1457,3,3.601,21,0,303,10,3,8,NaN,NaN,NaN,9,4,6,NaN,NaN,NaN
20519.0734,0,-8.1922,3,2.2282,17,0,303,8,4,5,NaN,NaN,NaN,7,3,5,NaN,NaN,NaN
20660.6395,0,-9.7621,3,4.8474,23,0,303,11,7,5,NaN,NaN,NaN,10,8,3,NaN,NaN,NaN
20661.2465,0,-9.7621,3,4.8474,23,0,303,11,7,4,NaN,NaN,NaN,10,8,2,NaN,NaN,NaN
20685.666,0,-9.1537,3,3.6919,21,0,303,10,4,6,NaN,NaN,NaN,9,5,4,NaN,NaN,NaN
20916.7942,0,-10.6957,3,5.4077,25,0,303,12,3,9,NaN,NaN,NaN,11,6,5,NaN,NaN,NaN
21009.5662,0,-8.127,3,2.3021,17,0,303,8,5,3,NaN,NaN,NaN,7,4,3,NaN,NaN,NaN
21041.7156,0,-8.1272,3,2.3008,17,0,303,8,5,4,NaN,NaN,NaN,7,4,4,NaN,NaN,NaN
21054.2702,0,-10.7149,3,6.2658,25,0,303,12,10,2,NaN,NaN,NaN,11,11,0,NaN,NaN,NaN
21054.2702,0,-10.7149,3,6.2658,25,0,303,12,10,3,NaN,NaN,NaN,11,11,1,NaN,NaN,NaN
21110.3758,0,-9.6289,3,4.1894,23,0,303,11,1,11,NaN,NaN,NaN,10,2,9,NaN,NaN,NaN
21126.5353,0,-9.6278,3,4.1888,23,0,303,11,0,11,NaN,NaN,NaN,10,1,9,NaN,NaN,NaN
21326.8587,0,-9.4927,3,4.6958,23,0,303,11,6,6,NaN,NaN,NaN,10,7,4,NaN,NaN,NaN
21339.7372,0,-9.4919,3,4.6958,23,0,303,11,6,5,NaN,NaN,NaN,10,7,3,NaN,NaN,NaN
21446.8371,0,-10.4356,3,5.3042,25,0,303,12,2,10,NaN,NaN,NaN,11,5,6,NaN,NaN,NaN
21498.6785,0,-8.8666,3,3.557,21,0,303,10,2,8,NaN,NaN,NaN,9,3,6,NaN,NaN,NaN
21646.0679,0,-8.0668,3,2.3913,17,0,303,8,6,2,NaN,NaN,NaN,7,5,2,NaN,NaN,NaN
21647.5033,0,-8.0668,3,2.3912,17,0,303,8,6,3,NaN,NaN,NaN,7,5,3,NaN,NaN,NaN
21648.9535,0,-8.8273,3,3.6093,21,0,303,10,3,7,NaN,NaN,NaN,9,4,5,NaN,NaN,NaN
21687.2882,0,-10.1895,3,6.0522,25,0,303,12,9,4,NaN,NaN,NaN,11,10,2,NaN,NaN,NaN
21687.2902,0,-10.1895,3,6.0522,25,0,303,12,9,3,NaN,NaN,NaN,11,10,1,NaN,NaN,NaN
21874.6001,0,-10.8941,3,1.5711,15,0,303,7,4,4,NaN,NaN,NaN,6,1,6,NaN,NaN,NaN
21900.2378,0,-9.2831,3,4.2813,23,0,303,11,2,10,NaN,NaN,NaN,10,3,8,NaN,NaN,NaN
21903.9645,0,-10.6332,3,1.6606,15,0,303,7,5,2,NaN,NaN,NaN,6,2,4,NaN,NaN,NaN
21987.8412,0,-9.2713,3,4.5655,23,0,303,11,5,7,NaN,NaN,NaN,10,6,5,NaN,NaN,NaN
22108.3227,0,-9.2629,3,4.2742,23,0,303,11,1,10,NaN,NaN,NaN,10,2,8,NaN,NaN,NaN
22127.1499,0,-8.106,3,2.819,19,0,303,9,3,6,NaN,NaN,NaN,8,2,6,NaN,NaN,NaN
22139.3862,0,-9.2589,3,4.5657,23,0,303,11,5,6,NaN,NaN,NaN,10,6,4,NaN,NaN,NaN
22259.4943,0,-8.0072,3,2.5024,17,0,303,8,7,1,NaN,NaN,NaN,7,6,1,NaN,NaN,NaN
22259.522,0,-8.0072,3,2.5024,17,0,303,8,7,2,NaN,NaN,NaN,7,6,2,NaN,NaN,NaN
22330.3247,0,-9.8416,3,5.8594,25,0,303,12,8,5,NaN,NaN,NaN,11,9,3,NaN,NaN,NaN
22330.4084,0,-9.8416,3,5.8594,25,0,303,12,8,4,NaN,NaN,NaN,11,9,2,NaN,NaN,NaN
22426.1332,0,-8.2524,3,2.762,19,0,303,9,2,7,NaN,NaN,NaN,8,1,7,NaN,NaN,NaN
22452.6356,0,-9.1073,3,4.3656,23,0,303,11,3,9,NaN,NaN,NaN,10,4,7,NaN,NaN,NaN
22467.0851,0,-9.1151,3,4.4566,23,0,303,11,4,8,NaN,NaN,NaN,10,5,6,NaN,NaN,NaN
22475.9365,0,-8.0896,3,2.8596,19,0,303,9,4,5,NaN,NaN,NaN,8,3,5,NaN,NaN,NaN
22694.8862,0,-10.8799,3,1.6342,15,0,303,7,5,3,NaN,NaN,NaN,6,2,5,NaN,NaN,NaN
22718.3498,0,-8.2546,3,2.7644,19,0,303,9,3,7,NaN,NaN,NaN,8,2,7,NaN,NaN,NaN
22729.8986,0,-10.8057,3,7.4152,27,0,303,13,11,2,NaN,NaN,NaN,12,12,0,NaN,NaN,NaN
22729.8986,0,-10.8057,3,7.4152,27,0,303,13,11,3,NaN,NaN,NaN,12,12,1,NaN,NaN,NaN
22741.447,0,-9.7178,3,2.1577,17,0,303,8,4,4,NaN,NaN,NaN,7,1,6,NaN,NaN,NaN
22743.6854,0,-8.512,3,2.6804,19,0,303,9,1,8,NaN,NaN,NaN,8,0,8,NaN,NaN,NaN
22776.3636,0,-8.5111,3,2.6804,19,0,303,9,2,8,NaN,NaN,NaN,8,1,8,NaN,NaN,NaN
22870.2975,0,-7.9504,3,2.6345,17,0,303,8,8,0,NaN,NaN,NaN,7,7,0,NaN,NaN,NaN
22870.2977,0,-7.9504,3,2.6345,17,0,303,8,8,1,NaN,NaN,NaN,7,7,1,NaN,NaN,NaN
22884.1908,0,-8.1369,3,2.8377,19,0,303,9,4,6,NaN,NaN,NaN,8,3,6,NaN,NaN,NaN
22956.7324,0,-9.6463,3,5.0119,25,0,303,12,1,12,NaN,NaN,NaN,11,2,10,NaN,NaN,NaN
22963.9353,0,-9.6459,3,5.0116,25,0,303,12,0,12,NaN,NaN,NaN,11,1,10,NaN,NaN,NaN
22990.2081,0,-9.5735,3,5.6874,25,0,303,12,7,6,NaN,NaN,NaN,11,8,4,NaN,NaN,NaN
22992.4281,0,-9.5734,3,5.6874,25,0,303,12,7,5,NaN,NaN,NaN,11,8,3,NaN,NaN,NaN
23103.5565,0,-10.3234,3,2.0889,17,0,303,8,3,5,NaN,NaN,NaN,7,0,7,NaN,NaN,NaN
23143.5985,0,-10.5251,3,6.2291,27,0,303,13,2,11,NaN,NaN,NaN,12,5,7,NaN,NaN,NaN
23226.4942,0,-10.4678,3,6.3273,27,0,303,13,3,10,NaN,NaN,NaN,12,6,6,NaN,NaN,NaN
23236.1884,0,-8.9914,3,4.4587,23,0,303,11,4,7,NaN,NaN,NaN,10,5,5,NaN,NaN,NaN
23252.8743,0,-8.0738,3,2.9162,19,0,303,9,5,4,NaN,NaN,NaN,8,4,4,NaN,NaN,NaN
23337.9596,0,-8.0753,3,2.9126,19,0,303,9,5,5,NaN,NaN,NaN,8,4,5,NaN,NaN,NaN
23360.2027,0,-8.9302,3,4.3314,23,0,303,11,2,9,NaN,NaN,NaN,10,3,7,NaN,NaN,NaN
23361.6265,0,-10.2803,3,7.1813,27,0,303,13,10,4,NaN,NaN,NaN,12,11,2,NaN,NaN,NaN
23361.6267,0,-10.2803,3,7.1813,27,0,303,13,10,3,NaN,NaN,NaN,12,11,1,NaN,NaN,NaN
23670.6236,0,-9.3507,3,5.5365,25,0,303,12,6,7,NaN,NaN,NaN,11,7,5,NaN,NaN,NaN
23706.6687,0,-9.3485,3,5.5366,25,0,303,12,6,6,NaN,NaN,NaN,11,7,4,NaN,NaN,NaN
23774.3219,0,-9.3026,3,5.1146,25,0,303,12,2,11,NaN,NaN,NaN,11,3,9,NaN,NaN,NaN
23888.0712,0,-9.2942,3,5.1107,25,0,303,12,1,11,NaN,NaN,NaN,11,2,9,NaN,NaN,NaN
23925.4307,0,-8.0244,3,3.0029,19,0,303,9,6,3,NaN,NaN,NaN,8,5,3,NaN,NaN,NaN
23931.3075,0,-8.0243,3,3.0027,19,0,303,9,6,4,NaN,NaN,NaN,8,5,4,NaN,NaN,NaN
23969.1165,0,-8.7334,3,4.3819,23,0,303,11,3,8,NaN,NaN,NaN,10,4,6,NaN,NaN,NaN
24001.6139,0,-9.9327,3,6.9681,27,0,303,13,9,5,NaN,NaN,NaN,12,10,3,NaN,NaN,NaN
24001.6246,0,-9.9327,3,6.9681,27,0,303,13,9,4,NaN,NaN,NaN,12,10,2,NaN,NaN,NaN
24009.9496,0,-10.205,3,2.202,17,0,303,8,5,3,NaN,NaN,NaN,7,2,5,NaN,NaN,NaN
24145.3241,0,-10.877,3,7.4494,29,0,303,14,4,10,NaN,NaN,NaN,13,7,6,NaN,NaN,NaN
24310.5028,0,-9.1646,3,5.4072,25,0,303,12,5,8,NaN,NaN,NaN,11,6,6,NaN,NaN,NaN
24405.6363,0,-10.9088,3,8.6612,29,0,303,14,12,2,NaN,NaN,NaN,13,13,0,NaN,NaN,NaN
24405.6363,0,-10.9088,3,8.6612,29,0,303,14,12,3,NaN,NaN,NaN,13,13,1,NaN,NaN,NaN
24449.6049,0,-9.1045,3,5.206,25,0,303,12,3,10,NaN,NaN,NaN,11,4,8,NaN,NaN,NaN
24544.6036,0,-7.9733,3,3.1133,19,0,303,9,7,2,NaN,NaN,NaN,8,6,2,NaN,NaN,NaN
24544.7912,0,-7.9733,3,3.1133,19,0,303,9,7,3,NaN,NaN,NaN,8,6,3,NaN,NaN,NaN
24624.5385,0,-8.0782,3,3.5101,21,0,303,10,3,7,NaN,NaN,NaN,9,2,7,NaN,NaN,NaN
24624.8138,0,-9.1363,3,5.4077,25,0,303,12,5,7,NaN,NaN,NaN,11,6,5,NaN,NaN,NaN
24625.8999,0,-10.7139,3,7.2339,29,0,303,14,2,12,NaN,NaN,NaN,13,5,8,NaN,NaN,NaN
24655.1246,0,-9.6653,3,6.7756,27,0,303,13,8,6,NaN,NaN,NaN,12,9,4,NaN,NaN,NaN
24655.4659,0,-9.6653,3,6.7756,27,0,303,13,8,5,NaN,NaN,NaN,12,9,3,NaN,NaN,NaN
24661.1947,0,-9.0565,3,5.299,25,0,303,12,4,9,NaN,NaN,NaN,11,5,7,NaN,NaN,NaN
24687.1597,0,-10.8048,3,2.0892,17,0,303,8,4,5,NaN,NaN,NaN,7,1,7,NaN,NaN,NaN
24727.9785,0,-8.0281,3,3.557,21,0,303,10,4,6,NaN,NaN,NaN,9,3,6,NaN,NaN,NaN
24801.5552,0,-9.6769,3,5.9076,27,0,303,13,1,13,NaN,NaN,NaN,12,2,11,NaN,NaN,NaN
24804.6731,0,-9.6768,3,5.9075,27,0,303,13,0,13,NaN,NaN,NaN,12,1,11,NaN,NaN,NaN
25036.3533,0,-10.3831,3,8.4069,29,0,303,14,11,3,NaN,NaN,NaN,13,12,1,NaN,NaN,NaN
25036.3533,0,-10.3831,3,8.4069,29,0,303,14,11,4,NaN,NaN,NaN,13,12,2,NaN,NaN,NaN
25037.3704,0,-8.2301,3,3.439,21,0,303,10,2,8,NaN,NaN,NaN,9,1,8,NaN,NaN,NaN
25127.0604,0,-9.0073,3,5.1814,25,0,303,12,2,10,NaN,NaN,NaN,11,3,8,NaN,NaN,NaN
25156.5819,0,-7.9239,3,3.2449,19,0,303,9,8,1,NaN,NaN,NaN,8,7,1,NaN,NaN,NaN
25156.5847,0,-7.9239,3,3.2449,19,0,303,9,8,2,NaN,NaN,NaN,8,7,2,NaN,NaN,NaN
25192.8024,0,-10.6158,3,2.1623,17,0,303,8,5,4,NaN,NaN,NaN,7,2,6,NaN,NaN,NaN
25217.3898,0,-8.2288,3,3.4402,21,0,303,10,3,8,NaN,NaN,NaN,9,2,8,NaN,NaN,NaN
25284.0547,0,-8.1031,3,3.5222,21,0,303,10,4,7,NaN,NaN,NaN,9,3,7,NaN,NaN,NaN
25299.8951,0,-8.49,3,3.3449,21,0,303,10,1,9,NaN,NaN,NaN,9,0,9,NaN,NaN,NaN
25315.1463,0,-8.4896,3,3.3449,21,0,303,10,2,9,NaN,NaN,NaN,9,1,9,NaN,NaN,NaN
25330.3188,0,-9.4435,3,6.6043,27,0,303,13,7,7,NaN,NaN,NaN,12,8,5,NaN,NaN,NaN
25337.3581,0,-9.4432,3,6.6043,27,0,303,13,7,6,NaN,NaN,NaN,12,8,4,NaN,NaN,NaN
25351.9066,0,-10.3653,3,7.3253,29,0,303,14,3,11,NaN,NaN,NaN,13,6,7,NaN,NaN,NaN
25401.7182,0,-9.6678,3,2.762,19,0,303,9,4,5,NaN,NaN,NaN,8,1,7,NaN,NaN,NaN
25464.2237,0,-8.0341,3,3.6093,21,0,303,10,5,5,NaN,NaN,NaN,9,4,5,NaN,NaN,NaN
25631.9612,0,-9.3373,3,6.0215,27,0,303,13,2,12,NaN,NaN,NaN,12,3,10,NaN,NaN,NaN
25648.3723,0,-8.0403,3,3.601,21,0,303,10,5,6,NaN,NaN,NaN,9,4,6,NaN,NaN,NaN
25674.0481,0,-10.0353,3,8.1733,29,0,303,14,10,5,NaN,NaN,NaN,13,11,3,NaN,NaN,NaN
25674.0494,0,-10.0353,3,8.1733,29,0,303,14,10,4,NaN,NaN,NaN,13,11,2,NaN,NaN,NaN
25690.0908,0,-9.3338,3,6.0195,27,0,303,13,1,12,NaN,NaN,NaN,12,2,10,NaN,NaN,NaN
25767.2478,0,-7.8772,3,3.3974,19,0,303,9,9,0,NaN,NaN,NaN,8,8,0,NaN,NaN,NaN
25767.2478,0,-7.8772,3,3.3974,19,0,303,9,9,1,NaN,NaN,NaN,8,8,1,NaN,NaN,NaN
25783,0,-8.8553,3,5.3042,25,0,303,12,4,8,NaN,NaN,NaN,11,5,6,NaN,NaN,NaN
26020.6717,0,-9.2516,3,6.4543,27,0,303,13,6,8,NaN,NaN,NaN,12,7,6,NaN,NaN,NaN
26109.7185,0,-9.2463,3,6.4544,27,0,303,13,6,7,NaN,NaN,NaN,12,7,5,NaN,NaN,NaN
26129.332,0,-8.7241,3,5.2338,25,0,303,12,3,9,NaN,NaN,NaN,11,4,7,NaN,NaN,NaN
26169.4625,0,-9.8576,3,2.819,19,0,303,9,5,4,NaN,NaN,NaN,8,2,6,NaN,NaN,NaN
26171.8487,0,-10.8552,3,2.2403,17,0,303,8,6,2,NaN,NaN,NaN,7,3,4,NaN,NaN,NaN
26195.6197,0,-7.9964,3,3.6919,21,0,303,10,6,4,NaN,NaN,NaN,9,5,4,NaN,NaN,NaN
26214.6762,0,-7.9963,3,3.6911,21,0,303,10,6,5,NaN,NaN,NaN,9,5,5,NaN,NaN,NaN
26282.3773,0,-10.4935,3,2.6804,19,0,303,9,3,6,NaN,NaN,NaN,8,0,8,NaN,NaN,NaN
26322.6686,0,-9.768,3,7.9605,29,0,303,14,9,6,NaN,NaN,NaN,13,10,4,NaN,NaN,NaN
26322.7166,0,-9.768,3,7.9605,29,0,303,14,9,5,NaN,NaN,NaN,13,10,3,NaN,NaN,NaN
26394.4394,0,-9.1287,3,6.1216,27,0,303,13,3,11,NaN,NaN,NaN,12,4,9,NaN,NaN,NaN
26534.3025,0,-10.8983,3,2.2282,17,0,303,8,6,3,NaN,NaN,NaN,7,3,5,NaN,NaN,NaN
26609.2984,0,-9.0964,3,6.3261,27,0,303,13,5,9,NaN,NaN,NaN,12,6,7,NaN,NaN,NaN
26645.8535,0,-9.7198,3,6.8765,29,0,303,14,1,14,NaN,NaN,NaN,13,2,12,NaN,NaN,NaN
26647.1718,0,-9.7198,3,6.8765,29,0,303,14,0,14,NaN,NaN,NaN,13,1,12,NaN,NaN,NaN
26793.8465,0,-9.037,3,6.2181,27,0,303,13,4,10,NaN,NaN,NaN,12,5,8,NaN,NaN,NaN
26827.6198,0,-7.953,3,3.801,21,0,303,10,7,3,NaN,NaN,NaN,9,6,3,NaN,NaN,NaN
26828.5182,0,-7.9529,3,3.8009,21,0,303,10,7,4,NaN,NaN,NaN,9,6,4,NaN,NaN,NaN
26851.6182,0,-9.0815,3,6.1054,27,0,303,13,2,11,NaN,NaN,NaN,12,3,9,NaN,NaN,NaN
26989.1276,0,-9.547,3,7.7687,29,0,303,14,8,7,NaN,NaN,NaN,13,9,5,NaN,NaN,NaN
26990.3309,0,-9.547,3,7.7687,29,0,303,14,8,6,NaN,NaN,NaN,13,9,4,NaN,NaN,NaN
27051.4586,0,-7.993,3,4.3314,23,0,303,11,4,7,NaN,NaN,NaN,10,3,7,NaN,NaN,NaN
27179.0406,0,-9.0366,3,6.3273,27,0,303,13,5,8,NaN,NaN,NaN,12,6,6,NaN,NaN,NaN
27198.4166,0,-8.0767,3,4.2742,23,0,303,11,3,8,NaN,NaN,NaN,10,2,8,NaN,NaN,NaN
27442.1693,0,-7.9101,3,3.932,21,0,303,10,8,2,NaN,NaN,NaN,9,7,2,NaN,NaN,NaN
27442.1915,0,-7.9101,3,3.932,21,0,303,10,8,3,NaN,NaN,NaN,9,7,3,NaN,NaN,NaN
27480.3374,0,-9.3849,3,7.002,29,0,303,14,2,13,NaN,NaN,NaN,13,3,11,NaN,NaN,NaN
27508.5883,0,-9.3834,3,7.001,29,0,303,14,1,13,NaN,NaN,NaN,13,2,11,NaN,NaN,NaN
27598.2731,0,-10.7869,3,2.6804,19,0,303,9,4,6,NaN,NaN,NaN,8,1,8,NaN,NaN,NaN
27636.1255,0,-8.2233,3,4.1888,23,0,303,11,2,9,NaN,NaN,NaN,10,1,9,NaN,NaN,NaN
27649.3399,0,-8.0041,3,4.3819,23,0,303,11,5,6,NaN,NaN,NaN,10,4,6,NaN,NaN,NaN
27681.312,0,-9.3554,3,7.598,29,0,303,14,7,8,NaN,NaN,NaN,13,8,6,NaN,NaN,NaN
27701.1096,0,-9.3545,3,7.5981,29,0,303,14,7,7,NaN,NaN,NaN,13,8,5,NaN,NaN,NaN
27719.9772,0,-8.0895,3,4.2813,23,0,303,11,4,8,NaN,NaN,NaN,10,3,8,NaN,NaN,NaN
27736.691,0,-8.2217,3,4.1894,23,0,303,11,3,9,NaN,NaN,NaN,10,2,9,NaN,NaN,NaN
27781.0043,0,-10.4503,3,2.7644,19,0,303,9,5,5,NaN,NaN,NaN,8,2,7,NaN,NaN,NaN
27850.3453,0,-8.4853,3,4.0826,23,0,303,11,1,10,NaN,NaN,NaN,10,0,10,NaN,NaN,NaN
27857.1857,0,-8.4851,3,4.0826,23,0,303,11,2,10,NaN,NaN,NaN,10,1,10,NaN,NaN,NaN
27981.1171,0,-8.022,3,4.3656,23,0,303,11,5,7,NaN,NaN,NaN,10,4,7,NaN,NaN,NaN
28053.608,0,-7.8692,3,4.0841,21,0,303,10,9,1,NaN,NaN,NaN,9,8,1,NaN,NaN,NaN
28053.6083,0,-7.8692,3,4.0841,21,0,303,10,9,2,NaN,NaN,NaN,9,8,2,NaN,NaN,NaN
28117.5906,0,-8.7846,3,6.1642,27,0,303,13,3,10,NaN,NaN,NaN,12,4,8,NaN,NaN,NaN
28221.5293,0,-10.5047,3,2.8596,19,0,303,9,6,3,NaN,NaN,NaN,8,3,5,NaN,NaN,NaN
28260.8268,0,-8.7594,3,6.2291,27,0,303,13,4,9,NaN,NaN,NaN,12,5,7,NaN,NaN,NaN
28266.6705,0,-9.7477,3,3.439,21,0,303,10,4,6,NaN,NaN,NaN,9,1,8,NaN,NaN,NaN
28298.2802,0,-9.1733,3,7.1119,29,0,303,14,3,12,NaN,NaN,NaN,13,4,10,NaN,NaN,NaN
28370.2072,0,-9.1867,3,7.4492,29,0,303,14,6,9,NaN,NaN,NaN,13,7,7,NaN,NaN,NaN
28439.8088,0,-9.6095,3,3.5101,21,0,303,10,5,5,NaN,NaN,NaN,9,2,7,NaN,NaN,NaN
28448.7262,0,-7.9821,3,4.4587,23,0,303,11,6,5,NaN,NaN,NaN,10,5,5,NaN,NaN,NaN
28500.2423,0,-7.9822,3,4.4566,23,0,303,11,6,6,NaN,NaN,NaN,10,5,6,NaN,NaN,NaN
28566.0198,0,-9.1744,3,7.4494,29,0,303,14,6,8,NaN,NaN,NaN,13,7,6,NaN,NaN,NaN
28578.4463,0,-9.152,3,7.1021,29,0,303,14,2,12,NaN,NaN,NaN,13,3,10,NaN,NaN,NaN
28664.1956,0,-7.8311,3,4.2569,21,0,303,10,10,0,NaN,NaN,NaN,9,9,0,NaN,NaN,NaN
28664.1956,0,-7.8311,3,4.2569,21,0,303,10,10,1,NaN,NaN,NaN,9,9,1,NaN,NaN,NaN
28861.0856,0,-9.051,3,7.2137,29,0,303,14,4,11,NaN,NaN,NaN,13,5,9,NaN,NaN,NaN
28868.8898,0,-9.0627,3,7.3222,29,0,303,14,5,10,NaN,NaN,NaN,13,6,8,NaN,NaN,NaN
28877.4285,0,-10.6104,3,2.8377,19,0,303,9,6,4,NaN,NaN,NaN,8,3,6,NaN,NaN,NaN
29106.8138,0,-7.9455,3,4.5657,23,0,303,11,7,4,NaN,NaN,NaN,10,6,4,NaN,NaN,NaN
29110.2155,0,-7.9455,3,4.5655,23,0,303,11,7,5,NaN,NaN,NaN,10,6,5,NaN,NaN,NaN
29463.2233,0,-7.9876,3,5.1814,25,0,303,12,4,8,NaN,NaN,NaN,11,3,8,NaN,NaN,NaN
29575.8179,0,-10.6623,3,3.3449,21,0,303,10,3,7,NaN,NaN,NaN,9,0,9,NaN,NaN,NaN
29726.4572,0,-7.9086,3,4.6958,23,0,303,11,8,3,NaN,NaN,NaN,10,7,3,NaN,NaN,NaN
29726.5792,0,-7.9086,3,4.6958,23,0,303,11,8,4,NaN,NaN,NaN,10,7,4,NaN,NaN,NaN
29778.7412,0,-8.9506,3,7.3253,29,0,303,14,5,9,NaN,NaN,NaN,13,6,7,NaN,NaN,NaN
29820.5879,0,-8.0909,3,5.1107,25,0,303,12,3,9,NaN,NaN,NaN,11,2,9,NaN,NaN,NaN
29837.3516,0,-7.9829,3,5.2338,25,0,303,12,5,7,NaN,NaN,NaN,11,4,7,NaN,NaN,NaN
29955.1325,0,-8.8855,3,7.1717,29,0,303,14,3,11,NaN,NaN,NaN,13,4,9,NaN,NaN,NaN
