765.6145,0,-10.9928,3,0.7835,9,0,303,4,2,2,NaN,NaN,NaN,4,1,3,NaN,NaN,NaN
850.5075,0,-10.8568,3,1.1676,11,0,303,5,2,3,NaN,NaN,NaN,5,1,4,NaN,NaN,NaN
1037.045,0,-10.7117,3,1.626,13,0,303,6,2,4,NaN,NaN,NaN,6,1,5,NaN,NaN,NaN
1147.4328,0,-10.5788,3,2.202,15,0,303,7,3,4,NaN,NaN,NaN,7,2,5,NaN,NaN,NaN
1175.9861,0,-10.6096,3,1.6606,13,0,303,6,3,3,NaN,NaN,NaN,6,2,4,NaN,NaN,NaN
1218.4461,0,-10.5329,3,2.819,17,0,303,8,3,5,NaN,NaN,NaN,8,2,6,NaN,NaN,NaN
1266.7008,0,-10.8288,3,1.1254,11,0,303,5,1,4,NaN,NaN,NaN,5,0,5,NaN,NaN,NaN
1269.2042,0,-10.6482,3,1.196,11,0,303,5,3,2,NaN,NaN,NaN,5,2,3,NaN,NaN,NaN
1329.4539,0,-10.5689,3,2.1577,15,0,303,7,2,5,NaN,NaN,NaN,7,1,6,NaN,NaN,NaN
1380.7325,0,-10.7294,3,0.809,9,0,303,4,3,1,NaN,NaN,NaN,4,2,2,NaN,NaN,NaN
1382.4036,0,-10.8251,3,0.7552,9,0,303,4,2,3,NaN,NaN,NaN,4,1,4,NaN,NaN,NaN
1408.3524,0,-10.4669,3,3.5101,19,0,303,9,3,6,NaN,NaN,NaN,9,2,7,NaN,NaN,NaN
1468.8011,0,-10.9324,3,0.5004,7,0,303,3,3,0,NaN,NaN,NaN,3,2,1,NaN,NaN,NaN
1511.7924,0,-10.419,3,4.3314,21,0,303,10,4,6,NaN,NaN,NaN,10,3,7,NaN,NaN,NaN
1551.3244,0,-10.9013,3,0.4975,7,0,303,3,3,1,NaN,NaN,NaN,3,2,2,NaN,NaN,NaN
1567.2326,0,-10.3895,3,3.557,19,0,303,9,4,5,NaN,NaN,NaN,9,3,6,NaN,NaN,NaN
1570.5497,0,-10.4293,3,5.1814,23,0,303,11,4,7,NaN,NaN,NaN,11,3,8,NaN,NaN,NaN
1595.151,0,-10.6539,3,0.8013,9,0,303,4,3,2,NaN,NaN,NaN,4,2,3,NaN,NaN,NaN
1616.5787,0,-10.684,3,1.1265,11,0,303,5,2,4,NaN,NaN,NaN,5,1,5,NaN,NaN,NaN
1660.3172,0,-10.6598,3,1.5706,13,0,303,6,1,5,NaN,NaN,NaN,6,0,6,NaN,NaN,NaN
1675.54,0,-10.5154,3,1.1804,11,0,303,5,3,3,NaN,NaN,NaN,5,2,4,NaN,NaN,NaN
1698.1421,0,-10.356,3,2.8596,17,0,303,8,4,4,NaN,NaN,NaN,8,3,5,NaN,NaN,NaN
1707.3356,0,-10.4418,3,2.762,17,0,303,8,2,6,NaN,NaN,NaN,8,1,7,NaN,NaN,NaN
1717.5077,0,-10.3916,3,4.2742,21,0,303,10,3,7,NaN,NaN,NaN,10,2,8,NaN,NaN,NaN
1763.3417,0,-10.4169,3,6.1054,25,0,303,12,4,8,NaN,NaN,NaN,12,3,9,NaN,NaN,NaN
1800.6869,0,-10.4178,3,1.6342,13,0,303,6,3,4,NaN,NaN,NaN,6,2,5,NaN,NaN,NaN
1852.9506,0,-10.3369,3,2.2403,15,0,303,7,4,3,NaN,NaN,NaN,7,3,4,NaN,NaN,NaN
1864.6322,0,-10.4256,3,7.1717,27,0,303,13,5,8,NaN,NaN,NaN,13,4,9,NaN,NaN,NaN
1889.9598,0,-10.5733,3,1.5711,13,0,303,6,2,5,NaN,NaN,NaN,6,1,6,NaN,NaN,NaN
1911.745,0,-10.4791,3,8.2548,29,0,303,14,5,9,NaN,NaN,NaN,14,4,10,NaN,NaN,NaN
1944.678,0,-10.3522,3,6.1642,25,0,303,12,5,7,NaN,NaN,NaN,12,4,8,NaN,NaN,NaN
1974.5336,0,-10.3427,3,2.1623,15,0,303,7,3,5,NaN,NaN,NaN,7,2,6,NaN,NaN,NaN
1984.9323,0,-10.3532,3,1.6998,13,0,303,6,4,2,NaN,NaN,NaN,6,3,3,NaN,NaN,NaN
2060.2516,0,-10.5335,3,2.0889,15,0,303,7,1,6,NaN,NaN,NaN,7,0,7,NaN,NaN,NaN
2071.2327,0,-10.4345,3,1.2383,11,0,303,5,4,1,NaN,NaN,NaN,5,3,2,NaN,NaN,NaN
2087.9142,0,-10.3911,3,7.1021,27,0,303,13,4,9,NaN,NaN,NaN,13,3,10,NaN,NaN,NaN
2109.6737,0,-10.2714,3,5.2338,23,0,303,11,5,6,NaN,NaN,NaN,11,4,7,NaN,NaN,NaN
2115.6573,0,-10.6518,3,0.8551,9,0,303,4,4,0,NaN,NaN,NaN,4,3,1,NaN,NaN,NaN
2120.7062,0,-10.3212,3,5.1107,23,0,303,11,3,8,NaN,NaN,NaN,11,2,9,NaN,NaN,NaN
2130.3396,0,-10.3388,3,3.439,19,0,303,9,2,7,NaN,NaN,NaN,9,1,8,NaN,NaN,NaN
2130.4343,0,-10.4151,3,1.2363,11,0,303,5,4,2,NaN,NaN,NaN,5,3,3,NaN,NaN,NaN
2131.61,0,-10.6465,3,0.8546,9,0,303,4,4,1,NaN,NaN,NaN,4,3,2,NaN,NaN,NaN
2141.6012,0,-10.3036,3,1.6942,13,0,303,6,4,3,NaN,NaN,NaN,6,3,4,NaN,NaN,NaN
2176.5532,0,-10.2397,3,2.2282,15,0,303,7,4,4,NaN,NaN,NaN,7,3,5,NaN,NaN,NaN
2193.5528,0,-10.4879,3,2.0892,15,0,303,7,2,6,NaN,NaN,NaN,7,1,7,NaN,NaN,NaN
2196.1191,0,-10.2838,3,2.7644,17,0,303,8,3,6,NaN,NaN,NaN,8,2,7,NaN,NaN,NaN
2246.9256,0,-10.2004,3,2.8377,17,0,303,8,4,5,NaN,NaN,NaN,8,3,6,NaN,NaN,NaN
2303.4779,0,-10.1979,3,4.3819,21,0,303,10,5,5,NaN,NaN,NaN,10,4,6,NaN,NaN,NaN
2361.9601,0,-10.1757,3,3.5222,19,0,303,9,4,6,NaN,NaN,NaN,9,3,7,NaN,NaN,NaN
2447.8918,0,-10.4467,3,2.6804,17,0,303,8,1,7,NaN,NaN,NaN,8,0,8,NaN,NaN,NaN
2459.9494,0,-10.2398,3,3.4402,19,0,303,9,3,7,NaN,NaN,NaN,9,2,8,NaN,NaN,NaN
2475.0799,0,-10.1461,3,3.6093,19,0,303,9,5,4,NaN,NaN,NaN,9,4,5,NaN,NaN,NaN
2508.9508,0,-10.3338,3,8.3186,29,0,303,14,6,8,NaN,NaN,NaN,14,5,9,NaN,NaN,NaN
2515.0897,0,-10.3652,3,8.1709,29,0,303,14,4,10,NaN,NaN,NaN,14,3,11,NaN,NaN,NaN
2517.9632,0,-10.4251,3,2.6804,17,0,303,8,2,7,NaN,NaN,NaN,8,1,8,NaN,NaN,NaN
2526.6144,0,-10.1611,3,4.2813,21,0,303,10,4,7,NaN,NaN,NaN,10,3,8,NaN,NaN,NaN
2558.4152,0,-10.2659,3,4.1888,21,0,303,10,2,8,NaN,NaN,NaN,10,1,9,NaN,NaN,NaN
2572.8212,0,-10.2666,3,6.0195,25,0,303,12,3,9,NaN,NaN,NaN,12,2,10,NaN,NaN,NaN
2597.9565,0,-10.1289,3,2.9162,17,0,303,8,5,3,NaN,NaN,NaN,8,4,4,NaN,NaN,NaN
2672.8303,0,-10.1571,3,2.3021,15,0,303,7,5,2,NaN,NaN,NaN,7,4,3,NaN,NaN,NaN
2699.1954,0,-10.1013,3,2.9126,17,0,303,8,5,4,NaN,NaN,NaN,8,4,5,NaN,NaN,NaN
2700.6944,0,-10.0858,3,3.601,19,0,303,9,5,5,NaN,NaN,NaN,9,4,6,NaN,NaN,NaN
2710.246,0,-10.1468,3,2.3008,15,0,303,7,5,3,NaN,NaN,NaN,7,4,4,NaN,NaN,NaN
2713.876,0,-10.2488,3,1.7661,13,0,303,6,5,1,NaN,NaN,NaN,6,4,2,NaN,NaN,NaN
2724.7956,0,-10.2458,3,1.7657,13,0,303,6,5,2,NaN,NaN,NaN,6,4,3,NaN,NaN,NaN
2726.2777,0,-10.0892,3,4.3656,21,0,303,10,5,6,NaN,NaN,NaN,10,4,7,NaN,NaN,NaN
2735.1158,0,-10.4713,3,1.3074,11,0,303,5,5,0,NaN,NaN,NaN,5,4,1,NaN,NaN,NaN
2737.3981,0,-10.4707,3,1.3073,11,0,303,5,5,1,NaN,NaN,NaN,5,4,2,NaN,NaN,NaN
2738.5937,0,-10.2199,3,7.2339,27,0,303,13,6,7,NaN,NaN,NaN,13,5,8,NaN,NaN,NaN
2740.7272,0,-10.1555,3,5.1146,23,0,303,11,4,8,NaN,NaN,NaN,11,3,9,NaN,NaN,NaN
2757.441,0,-10.2106,3,4.1894,21,0,303,10,3,8,NaN,NaN,NaN,10,2,9,NaN,NaN,NaN
2787.7543,0,-10.1047,3,5.206,23,0,303,11,5,7,NaN,NaN,NaN,11,4,8,NaN,NaN,NaN
2820.9399,0,-10.3926,3,3.3449,19,0,303,9,1,8,NaN,NaN,NaN,9,0,9,NaN,NaN,NaN
2855.1975,0,-10.3831,3,3.3449,19,0,303,9,2,8,NaN,NaN,NaN,9,1,9,NaN,NaN,NaN
2894.711,0,-10.1283,3,6.1216,25,0,303,12,5,8,NaN,NaN,NaN,12,4,9,NaN,NaN,NaN
2946.4184,0,-10.1231,3,6.2291,25,0,303,12,6,6,NaN,NaN,NaN,12,5,7,NaN,NaN,NaN
2969.3876,0,-10.2245,3,5.0116,23,0,303,11,2,9,NaN,NaN,NaN,11,1,10,NaN,NaN,NaN
2999.3441,0,-10.1592,3,6.0215,25,0,303,12,4,9,NaN,NaN,NaN,12,3,10,NaN,NaN,NaN
3029.3141,0,-10.236,3,7.001,27,0,303,13,3,10,NaN,NaN,NaN,13,2,11,NaN,NaN,NaN
3052.5442,0,-10.1583,3,7.1119,27,0,303,13,5,9,NaN,NaN,NaN,13,4,10,NaN,NaN,NaN
3079.0122,0,-10.1965,3,5.0119,23,0,303,11,3,9,NaN,NaN,NaN,11,2,10,NaN,NaN,NaN
3102.8641,0,-10.0526,3,5.3042,23,0,303,11,6,5,NaN,NaN,NaN,11,5,6,NaN,NaN,NaN
3183.6073,0,-10.3641,3,4.0826,21,0,303,10,1,9,NaN,NaN,NaN,10,0,10,NaN,NaN,NaN
3199.5068,0,-10.3601,3,4.0826,21,0,303,10,2,9,NaN,NaN,NaN,10,1,10,NaN,NaN,NaN
3206.4759,0,-10.0131,3,4.4587,21,0,303,10,6,4,NaN,NaN,NaN,10,5,5,NaN,NaN,NaN
3237.0922,0,-10.0559,3,6.2181,25,0,303,12,6,7,NaN,NaN,NaN,12,5,8,NaN,NaN,NaN
3245.4029,0,-10.0191,3,5.299,23,0,303,11,6,6,NaN,NaN,NaN,11,5,7,NaN,NaN,NaN
3253.7068,0,-10.1043,3,7.2137,27,0,303,13,6,8,NaN,NaN,NaN,13,5,9,NaN,NaN,NaN
3261.511,0,-10.1943,3,8.1764,29,0,303,14,5,10,NaN,NaN,NaN,14,4,11,NaN,NaN,NaN
3266.9982,0,-9.9988,3,4.4566,21,0,303,10,6,5,NaN,NaN,NaN,10,5,6,NaN,NaN,NaN
3270.5129,0,-10.0066,3,3.6919,19,0,303,9,6,3,NaN,NaN,NaN,9,5,4,NaN,NaN,NaN
3292.5434,0,-10.0014,3,3.6911,19,0,303,9,6,4,NaN,NaN,NaN,9,5,5,NaN,NaN,NaN
3294.1181,0,-10.1735,3,7.002,27,0,303,13,4,10,NaN,NaN,NaN,13,3,11,NaN,NaN,NaN
3307.1502,0,-10.1609,3,8.2852,29,0,303,14,6,9,NaN,NaN,NaN,14,5,10,NaN,NaN,NaN
3309.3319,0,-10.039,3,3.0029,17,0,303,8,6,2,NaN,NaN,NaN,8,5,3,NaN,NaN,NaN
3316.0337,0,-10.0374,3,3.0027,17,0,303,8,6,3,NaN,NaN,NaN,8,5,4,NaN,NaN,NaN
3333.0351,0,-10.1298,3,2.3913,15,0,303,7,6,1,NaN,NaN,NaN,7,5,2,NaN,NaN,NaN
3334.6523,0,-10.1294,3,2.3912,15,0,303,7,6,2,NaN,NaN,NaN,7,5,3,NaN,NaN,NaN
3347.591,0,-10.3497,3,1.8566,13,0,303,6,6,0,NaN,NaN,NaN,6,5,1,NaN,NaN,NaN
3347.8692,0,-10.3496,3,1.8566,13,0,303,6,6,1,NaN,NaN,NaN,6,5,2,NaN,NaN,NaN
3359.6954,0,-10.211,3,5.9075,25,0,303,12,2,10,NaN,NaN,NaN,12,1,11,NaN,NaN,NaN
3416.0102,0,-10.1978,3,5.9076,25,0,303,12,3,10,NaN,NaN,NaN,12,2,11,NaN,NaN,NaN
3464.6005,0,-10.2324,3,8.0554,29,0,303,14,3,11,NaN,NaN,NaN,14,2,12,NaN,NaN,NaN
3540.2026,0,-10.3562,3,4.8935,23,0,303,11,1,10,NaN,NaN,NaN,11,0,11,NaN,NaN,NaN
3547.3031,0,-10.3546,3,4.8935,23,0,303,11,2,10,NaN,NaN,NaN,11,1,11,NaN,NaN,NaN
3591.1082,0,-10.125,3,8.4023,29,0,303,14,7,7,NaN,NaN,NaN,14,6,8,NaN,NaN,NaN
3615.3496,0,-10.1993,3,8.0558,29,0,303,14,4,11,NaN,NaN,NaN,14,3,12,NaN,NaN,NaN
3721.6722,0,-10.0404,3,7.3253,27,0,303,13,7,6,NaN,NaN,NaN,13,6,7,NaN,NaN,NaN
3734.3486,0,-10.22,3,6.8765,27,0,303,13,2,11,NaN,NaN,NaN,13,1,12,NaN,NaN,NaN
3761.8223,0,-10.2141,3,6.8765,27,0,303,13,3,11,NaN,NaN,NaN,13,2,12,NaN,NaN,NaN
3773.9035,0,-10.0872,3,8.3955,29,0,303,14,7,8,NaN,NaN,NaN,14,6,9,NaN,NaN,NaN
3805.8328,0,-10.023,3,7.3222,27,0,303,13,7,7,NaN,NaN,NaN,13,6,8,NaN,NaN,NaN
3807.9158,0,-9.9811,3,6.3273,25,0,303,12,7,5,NaN,NaN,NaN,12,6,6,NaN,NaN,NaN
3842.3335,0,-9.974,3,6.3261,25,0,303,12,7,6,NaN,NaN,NaN,12,6,7,NaN,NaN,NaN
3864.5635,0,-9.9465,3,5.4077,23,0,303,11,7,4,NaN,NaN,NaN,11,6,5,NaN,NaN,NaN
3876.9714,0,-9.944,3,5.4072,23,0,303,11,7,5,NaN,NaN,NaN,11,6,6,NaN,NaN,NaN
3893.5235,0,-10.3655,3,5.7776,25,0,303,12,1,11,NaN,NaN,NaN,12,0,12,NaN,NaN,NaN
3896.6016,0,-10.3649,3,5.7776,25,0,303,12,2,11,NaN,NaN,NaN,12,1,12,NaN,NaN,NaN
3902.513,0,-9.9395,3,4.5657,21,0,303,10,7,3,NaN,NaN,NaN,10,6,4,NaN,NaN,NaN
3906.3854,0,-9.9387,3,4.5655,21,0,303,10,7,4,NaN,NaN,NaN,10,6,5,NaN,NaN,NaN
3928.5049,0,-9.9681,3,3.801,19,0,303,9,7,2,NaN,NaN,NaN,9,6,3,NaN,NaN,NaN
3929.5173,0,-9.9679,3,3.8009,19,0,303,9,7,3,NaN,NaN,NaN,9,6,4,NaN,NaN,NaN
3946.4615,0,-10.0539,3,3.1133,17,0,303,8,7,1,NaN,NaN,NaN,8,6,2,NaN,NaN,NaN
3946.6709,0,-10.0539,3,3.1133,17,0,303,8,7,2,NaN,NaN,NaN,8,6,3,NaN,NaN,NaN
3958.7272,0,-10.2691,3,2.5024,15,0,303,7,7,0,NaN,NaN,NaN,7,6,1,NaN,NaN,NaN
3958.7579,0,-10.2691,3,2.5024,15,0,303,7,7,1,NaN,NaN,NaN,7,6,2,NaN,NaN,NaN
4099.172,0,-10.2475,3,7.9186,29,0,303,14,2,12,NaN,NaN,NaN,14,1,13,NaN,NaN,NaN
4112.0609,0,-10.2449,3,7.9186,29,0,303,14,3,12,NaN,NaN,NaN,14,2,13,NaN,NaN,NaN
4245.1131,0,-10.3902,3,6.7349,27,0,303,13,1,12,NaN,NaN,NaN,13,0,13,NaN,NaN,NaN
4246.4162,0,-10.3899,3,6.7349,27,0,303,13,2,12,NaN,NaN,NaN,13,1,13,NaN,NaN,NaN
4403.6805,0,-10.0178,3,8.5221,29,0,303,14,8,6,NaN,NaN,NaN,14,7,7,NaN,NaN,NaN
4422.6073,0,-10.0144,3,8.5214,29,0,303,14,8,7,NaN,NaN,NaN,14,7,8,NaN,NaN,NaN
4456.0185,0,-9.9587,3,7.4494,27,0,303,13,8,5,NaN,NaN,NaN,13,7,6,NaN,NaN,NaN
4462.7987,0,-9.9574,3,7.4492,27,0,303,13,8,6,NaN,NaN,NaN,13,7,7,NaN,NaN,NaN
4494.0326,0,-9.9208,3,6.4544,25,0,303,12,8,4,NaN,NaN,NaN,12,7,5,NaN,NaN,NaN
4496.1857,0,-9.9204,3,6.4543,25,0,303,12,8,5,NaN,NaN,NaN,12,7,6,NaN,NaN,NaN
4522.1564,0,-9.9084,3,5.5366,23,0,303,11,8,3,NaN,NaN,NaN,11,7,4,NaN,NaN,NaN
4522.749,0,-9.9083,3,5.5365,23,0,303,11,8,4,NaN,NaN,NaN,11,7,5,NaN,NaN,NaN
4543.0543,0,-9.931,3,4.6958,21,0,303,10,8,2,NaN,NaN,NaN,10,7,3,NaN,NaN,NaN
4543.1907,0,-9.931,3,4.6958,21,0,303,10,8,3,NaN,NaN,NaN,10,7,4,NaN,NaN,NaN
4558.4397,0,-10.0107,3,3.932,19,0,303,9,8,1,NaN,NaN,NaN,9,7,2,NaN,NaN,NaN
4558.4645,0,-10.0107,3,3.932,19,0,303,9,8,2,NaN,NaN,NaN,9,7,3,NaN,NaN,NaN
4569.5305,0,-10.2203,3,3.2449,17,0,303,8,8,0,NaN,NaN,NaN,8,7,1,NaN,NaN,NaN
4569.5336,0,-10.2203,3,3.2449,17,0,303,8,8,1,NaN,NaN,NaN,8,7,2,NaN,NaN,NaN
4595.7652,0,-10.4287,3,7.7653,29,0,303,14,1,13,NaN,NaN,NaN,14,0,14,NaN,NaN,NaN
4596.3061,0,-10.4286,3,7.7653,29,0,303,14,2,13,NaN,NaN,NaN,14,1,14,NaN,NaN,NaN
4623.9238,0,-10.983,3,2.762,17,0,303,8,4,4,NaN,NaN,NaN,8,1,7,NaN,NaN,NaN
5084.3844,0,-9.9681,3,8.669,29,0,303,14,9,5,NaN,NaN,NaN,14,8,6,NaN,NaN,NaN
5085.5501,0,-9.968,3,8.6689,29,0,303,14,9,6,NaN,NaN,NaN,14,8,7,NaN,NaN,NaN
5105.9246,0,-10.9926,3,3.439,19,0,303,9,4,5,NaN,NaN,NaN,9,1,8,NaN,NaN,NaN
5114.4592,0,-9.9242,3,7.5981,27,0,303,13,9,4,NaN,NaN,NaN,13,8,5,NaN,NaN,NaN
5114.7917,0,-9.9241,3,7.598,27,0,303,13,9,5,NaN,NaN,NaN,13,8,6,NaN,NaN,NaN
5137.9108,0,-9.9052,3,6.6043,25,0,303,12,9,3,NaN,NaN,NaN,12,8,4,NaN,NaN,NaN
5137.9929,0,-9.9052,3,6.6043,25,0,303,12,9,4,NaN,NaN,NaN,12,8,5,NaN,NaN,NaN
5156.0522,0,-9.921,3,5.6874,23,0,303,11,9,2,NaN,NaN,NaN,11,8,3,NaN,NaN,NaN
5156.0691,0,-9.921,3,5.6874,23,0,303,11,9,3,NaN,NaN,NaN,11,8,4,NaN,NaN,NaN
5169.8785,0,-9.9942,3,4.8474,21,0,303,10,9,1,NaN,NaN,NaN,10,8,2,NaN,NaN,NaN
5169.8812,0,-9.9942,3,4.8474,21,0,303,10,9,2,NaN,NaN,NaN,10,8,3,NaN,NaN,NaN
5180.1964,0,-10.1977,3,4.0841,19,0,303,9,9,0,NaN,NaN,NaN,9,8,1,NaN,NaN,NaN
5180.1967,0,-10.1977,3,4.0841,19,0,303,9,9,1,NaN,NaN,NaN,9,8,2,NaN,NaN,NaN
5450.6649,0,-10.9952,3,3.5101,19,0,303,9,5,4,NaN,NaN,NaN,9,2,7,NaN,NaN,NaN
5532.7779,0,-10.8495,3,4.2742,21,0,303,10,5,5,NaN,NaN,NaN,10,2,8,NaN,NaN,NaN
5629.633,0,-10.7271,3,0.2699,7,0,303,3,1,3,NaN,NaN,NaN,2,2,0,NaN,NaN,NaN
5731.4264,0,-9.9514,3,8.8386,29,0,303,14,10,4,NaN,NaN,NaN,14,9,5,NaN,NaN,NaN
5731.4734,0,-9.9514,3,8.8386,29,0,303,14,10,5,NaN,NaN,NaN,14,9,6,NaN,NaN,NaN
5751.9987,0,-9.9254,3,7.7687,27,0,303,13,10,3,NaN,NaN,NaN,13,9,4,NaN,NaN,NaN
5752.0092,0,-9.9254,3,7.7687,27,0,303,13,10,4,NaN,NaN,NaN,13,9,5,NaN,NaN,NaN
5768.3005,0,-9.9343,3,6.7756,25,0,303,12,10,2,NaN,NaN,NaN,12,9,3,NaN,NaN,NaN
5768.3024,0,-9.9343,3,6.7756,25,0,303,12,10,3,NaN,NaN,NaN,12,9,4,NaN,NaN,NaN
5781.029,0,-10.0006,3,5.8594,23,0,303,11,10,1,NaN,NaN,NaN,11,9,2,NaN,NaN,NaN
5781.0293,0,-10.0006,3,5.8594,23,0,303,11,10,2,NaN,NaN,NaN,11,9,3,NaN,NaN,NaN
5790.7839,0,-10.1977,3,5.0198,21,0,303,10,10,0,NaN,NaN,NaN,10,9,1,NaN,NaN,NaN
5790.784,0,-10.1977,3,5.0198,21,0,303,10,10,1,NaN,NaN,NaN,10,9,2,NaN,NaN,NaN
5800.9296,0,-10.808,3,5.1107,23,0,303,11,5,6,NaN,NaN,NaN,11,2,9,NaN,NaN,NaN
6163.3264,0,-10.2518,3,0.2693,7,0,303,3,1,2,NaN,NaN,NaN,2,2,1,NaN,NaN,NaN
6280.8409,0,-10.8605,3,6.0195,25,0,303,12,5,7,NaN,NaN,NaN,12,2,10,NaN,NaN,NaN
6365.1424,0,-9.9663,3,9.0297,29,0,303,14,11,3,NaN,NaN,NaN,14,10,4,NaN,NaN,NaN
6365.1437,0,-9.9663,3,9.0297,29,0,303,14,11,4,NaN,NaN,NaN,14,10,5,NaN,NaN,NaN
6380.0936,0,-9.968,3,7.9605,27,0,303,13,11,2,NaN,NaN,NaN,13,10,3,NaN,NaN,NaN
6380.0938,0,-9.968,3,7.9605,27,0,303,13,11,3,NaN,NaN,NaN,13,10,4,NaN,NaN,NaN
6391.9965,0,-10.0274,3,6.9681,25,0,303,12,11,1,NaN,NaN,NaN,12,10,2,NaN,NaN,NaN
6391.9965,0,-10.0274,3,6.9681,25,0,303,12,11,2,NaN,NaN,NaN,12,10,3,NaN,NaN,NaN
6401.3205,0,-10.2178,3,6.0522,23,0,303,11,11,0,NaN,NaN,NaN,11,10,1,NaN,NaN,NaN
6401.3205,0,-10.2178,3,6.0522,23,0,303,11,11,1,NaN,NaN,NaN,11,10,2,NaN,NaN,NaN
6577.9235,0,-9.4151,3,0.2342,7,0,303,3,0,3,NaN,NaN,NaN,2,1,2,NaN,NaN,NaN
6654.438,0,-10.8875,3,6.1054,25,0,303,12,6,6,NaN,NaN,NaN,12,3,9,NaN,NaN,NaN
6691.1401,0,-10.8093,3,7.1021,27,0,303,13,6,7,NaN,NaN,NaN,13,3,10,NaN,NaN,NaN
6898.2909,0,-9.2631,3,0.2276,7,0,303,3,1,3,NaN,NaN,NaN,2,0,2,NaN,NaN,NaN
6935.7854,0,-10.8159,3,8.1709,29,0,303,14,6,8,NaN,NaN,NaN,14,3,11,NaN,NaN,NaN
6981.8605,0,-10.987,3,7.001,27,0,303,13,5,8,NaN,NaN,NaN,13,2,11,NaN,NaN,NaN
6991.5806,0,-10.0202,3,9.2421,29,0,303,14,12,2,NaN,NaN,NaN,14,11,3,NaN,NaN,NaN
6991.5806,0,-10.0202,3,9.2421,29,0,303,14,12,3,NaN,NaN,NaN,14,11,4,NaN,NaN,NaN
7002.8386,0,-10.0725,3,8.1733,27,0,303,13,12,1,NaN,NaN,NaN,13,11,2,NaN,NaN,NaN
7002.8386,0,-10.0725,3,8.1733,27,0,303,13,12,2,NaN,NaN,NaN,13,11,3,NaN,NaN,NaN
7011.8217,0,-10.2561,3,7.1813,25,0,303,12,12,0,NaN,NaN,NaN,12,11,1,NaN,NaN,NaN
7011.8217,0,-10.2561,3,7.1813,25,0,303,12,12,1,NaN,NaN,NaN,12,11,2,NaN,NaN,NaN
7554.2337,0,-10.4267,3,0.5494,9,0,303,4,2,3,NaN,NaN,NaN,3,3,0,NaN,NaN,NaN
7613.5906,0,-10.1347,3,9.4753,29,0,303,14,13,1,NaN,NaN,NaN,14,12,2,NaN,NaN,NaN
7613.5906,0,-10.1347,3,9.4753,29,0,303,14,13,2,NaN,NaN,NaN,14,12,3,NaN,NaN,NaN
7622.2975,0,-10.3113,3,8.4069,27,0,303,13,13,0,NaN,NaN,NaN,13,12,1,NaN,NaN,NaN
7622.2975,0,-10.3113,3,8.4069,27,0,303,13,13,1,NaN,NaN,NaN,13,12,2,NaN,NaN,NaN
7636.6119,0,-9.2854,3,0.2428,7,0,303,3,2,2,NaN,NaN,NaN,2,1,1,NaN,NaN,NaN
7640.6313,0,-10.3623,3,0.5004,9,0,303,4,1,4,NaN,NaN,NaN,3,2,1,NaN,NaN,NaN
7787.2425,0,-10.3383,3,0.5493,9,0,303,4,2,2,NaN,NaN,NaN,3,3,1,NaN,NaN,NaN
7980.6022,0,-9.4641,3,0.2342,7,0,303,3,2,1,NaN,NaN,NaN,2,1,2,NaN,NaN,NaN
8232.7545,0,-10.3822,3,9.7292,29,0,303,14,14,0,NaN,NaN,NaN,14,13,1,NaN,NaN,NaN
8232.7545,0,-10.3822,3,9.7292,29,0,303,14,14,1,NaN,NaN,NaN,14,13,2,NaN,NaN,NaN
8374.9329,0,-9.0491,3,0.2699,7,0,303,3,3,1,NaN,NaN,NaN,2,2,0,NaN,NaN,NaN
8395.1995,0,-9.0506,3,0.2693,7,0,303,3,3,0,NaN,NaN,NaN,2,2,1,NaN,NaN,NaN
8572.9524,0,-9.5594,3,0.4975,9,0,303,4,1,3,NaN,NaN,NaN,3,2,2,NaN,NaN,NaN
8852.2019,0,-8.9678,3,0.4577,9,0,303,4,0,4,NaN,NaN,NaN,3,1,3,NaN,NaN,NaN
9043.31,0,-8.9147,3,0.4536,9,0,303,4,1,4,NaN,NaN,NaN,3,0,3,NaN,NaN,NaN
9311.4089,0,-10.3515,3,0.9257,11,0,303,5,3,3,NaN,NaN,NaN,4,4,0,NaN,NaN,NaN
9373.1795,0,-10.3396,3,0.9257,11,0,303,5,3,2,NaN,NaN,NaN,4,4,1,NaN,NaN,NaN
9515.68,0,-10.2993,3,0.809,11,0,303,5,1,5,NaN,NaN,NaN,4,2,2,NaN,NaN,NaN
9751.5262,0,-9.92,3,0.8551,11,0,303,5,2,4,NaN,NaN,NaN,4,3,1,NaN,NaN,NaN
9786.1068,0,-9.0286,3,0.4749,9,0,303,4,2,3,NaN,NaN,NaN,3,1,2,NaN,NaN,NaN
10235.5852,0,-9.7207,3,0.8546,11,0,303,5,2,3,NaN,NaN,NaN,4,3,2,NaN,NaN,NaN
10532.5424,0,-9.4059,3,0.4577,9,0,303,4,2,2,NaN,NaN,NaN,3,1,3,NaN,NaN,NaN
10618.1858,0,-8.88,3,0.5004,9,0,303,4,3,2,NaN,NaN,NaN,3,2,1,NaN,NaN,NaN
10719.2995,0,-8.8925,3,0.4975,9,0,303,4,3,1,NaN,NaN,NaN,3,2,2,NaN,NaN,NaN
10980.2287,0,-9.0917,3,0.8013,11,0,303,5,1,4,NaN,NaN,NaN,4,2,3,NaN,NaN,NaN
11003.6977,0,-10.3329,3,1.3986,13,0,303,6,4,3,NaN,NaN,NaN,5,5,0,NaN,NaN,NaN
11014.9236,0,-10.3315,3,1.3986,13,0,303,6,4,2,NaN,NaN,NaN,5,5,1,NaN,NaN,NaN
11095.9315,0,-8.6607,3,0.7552,11,0,303,5,0,5,NaN,NaN,NaN,4,1,4,NaN,NaN,NaN
11196.0205,0,-8.643,3,0.753,11,0,303,5,1,5,NaN,NaN,NaN,4,0,4,NaN,NaN,NaN
11247.0025,0,-10.3777,3,1.196,13,0,303,6,1,6,NaN,NaN,NaN,5,2,3,NaN,NaN,NaN
11280.9947,0,-8.6737,3,0.5494,9,0,303,4,4,1,NaN,NaN,NaN,3,3,0,NaN,NaN,NaN
11283.6323,0,-8.6737,3,0.5493,9,0,303,4,4,0,NaN,NaN,NaN,3,3,1,NaN,NaN,NaN
11597.2122,0,-9.8198,3,1.3074,13,0,303,6,3,4,NaN,NaN,NaN,5,4,1,NaN,NaN,NaN
11751.5786,0,-10.9878,3,1.7657,15,0,303,7,1,6,NaN,NaN,NaN,6,4,3,NaN,NaN,NaN
11767.3894,0,-9.7861,3,1.3073,13,0,303,6,3,3,NaN,NaN,NaN,5,4,2,NaN,NaN,NaN
11832.9283,0,-10.9629,3,1.6942,15,0,303,7,0,7,NaN,NaN,NaN,6,3,4,NaN,NaN,NaN
11867.758,0,-9.6799,3,1.2383,13,0,303,6,2,5,NaN,NaN,NaN,5,3,2,NaN,NaN,NaN
11897.8732,0,-8.8082,3,0.7835,11,0,303,5,2,4,NaN,NaN,NaN,4,1,3,NaN,NaN,NaN
12020.8646,0,-10.5369,3,0.4536,9,0,303,4,3,2,NaN,NaN,NaN,3,0,3,NaN,NaN,NaN
12679.9309,0,-10.338,3,1.9682,15,0,303,7,5,3,NaN,NaN,NaN,6,6,0,NaN,NaN,NaN
12681.5814,0,-10.3378,3,1.9682,15,0,303,7,5,2,NaN,NaN,NaN,6,6,1,NaN,NaN,NaN
12721.8376,0,-9.2959,3,1.2363,13,0,303,6,2,4,NaN,NaN,NaN,5,3,3,NaN,NaN,NaN
12807.7987,0,-8.7518,3,0.809,11,0,303,5,3,3,NaN,NaN,NaN,4,2,2,NaN,NaN,NaN
12847.4309,0,-10.5095,3,1.6606,15,0,303,7,1,7,NaN,NaN,NaN,6,2,4,NaN,NaN,NaN
13099.9404,0,-8.8029,3,0.8013,11,0,303,5,3,2,NaN,NaN,NaN,4,2,3,NaN,NaN,NaN
13213.1397,0,-9.4282,3,0.7552,11,0,303,5,2,3,NaN,NaN,NaN,4,1,4,NaN,NaN,NaN
13316.5942,0,-8.4384,3,1.1265,13,0,303,6,0,6,NaN,NaN,NaN,5,1,5,NaN,NaN,NaN
13317.276,0,-9.812,3,1.8566,15,0,303,7,4,4,NaN,NaN,NaN,6,5,1,NaN,NaN,NaN
13356.6203,0,-9.8073,3,1.8566,15,0,303,7,4,3,NaN,NaN,NaN,6,5,2,NaN,NaN,NaN
13360.3326,0,-8.7476,3,1.1804,13,0,303,6,1,5,NaN,NaN,NaN,5,2,4,NaN,NaN,NaN
13364.2108,0,-8.4325,3,1.1254,13,0,303,6,1,6,NaN,NaN,NaN,5,0,5,NaN,NaN,NaN
13555.4111,0,-10.8958,3,2.2282,17,0,303,8,0,8,NaN,NaN,NaN,7,3,5,NaN,NaN,NaN
13557.5006,0,-8.5611,3,0.8551,11,0,303,5,4,2,NaN,NaN,NaN,4,3,1,NaN,NaN,NaN
13576.0221,0,-8.5615,3,0.8546,11,0,303,5,4,1,NaN,NaN,NaN,4,3,2,NaN,NaN,NaN
13826.7497,0,-10.652,3,2.3008,17,0,303,8,1,7,NaN,NaN,NaN,7,4,4,NaN,NaN,NaN
13854.5989,0,-9.5114,3,1.7661,15,0,303,7,3,5,NaN,NaN,NaN,6,4,2,NaN,NaN,NaN
13864.9976,0,-9.6126,3,1.6998,15,0,303,7,2,6,NaN,NaN,NaN,6,3,3,NaN,NaN,NaN
13987.4697,0,-8.6115,3,1.1676,13,0,303,6,2,5,NaN,NaN,NaN,5,1,4,NaN,NaN,NaN
14179.2413,0,-8.4072,3,0.9257,11,0,303,5,5,1,NaN,NaN,NaN,4,4,0,NaN,NaN,NaN
14179.528,0,-8.4072,3,0.9257,11,0,303,5,5,0,NaN,NaN,NaN,4,4,1,NaN,NaN,NaN
14228.4653,0,-9.4281,3,1.7657,15,0,303,7,3,4,NaN,NaN,NaN,6,4,3,NaN,NaN,NaN
14342.8319,0,-10.6459,3,2.202,17,0,303,8,1,8,NaN,NaN,NaN,7,2,5,NaN,NaN,NaN
14354.093,0,-10.3602,3,2.6345,17,0,303,8,6,3,NaN,NaN,NaN,7,7,0,NaN,NaN,NaN
14354.3058,0,-10.3602,3,2.6345,17,0,303,8,6,2,NaN,NaN,NaN,7,7,1,NaN,NaN,NaN
14488.1392,0,-10.0922,3,0.753,11,0,303,5,3,3,NaN,NaN,NaN,4,0,4,NaN,NaN,NaN
14937.6491,0,-8.6442,3,1.196,13,0,303,6,3,4,NaN,NaN,NaN,5,2,3,NaN,NaN,NaN
14996.7865,0,-9.834,3,2.5024,17,0,303,8,5,4,NaN,NaN,NaN,7,6,1,NaN,NaN,NaN
15003.7317,0,-9.8334,3,2.5024,17,0,303,8,5,3,NaN,NaN,NaN,7,6,2,NaN,NaN,NaN
15206.0088,0,-10.8887,3,2.8377,19,0,303,9,0,9,NaN,NaN,NaN,8,3,6,NaN,NaN,NaN
15211.1672,0,-10.86,3,3.0027,19,0,303,9,2,7,NaN,NaN,NaN,8,5,4,NaN,NaN,NaN
15222.6338,0,-8.9616,3,1.6942,15,0,303,7,2,5,NaN,NaN,NaN,6,3,4,NaN,NaN,NaN
15523.5749,0,-8.2718,3,1.5711,15,0,303,7,0,7,NaN,NaN,NaN,6,1,6,NaN,NaN,NaN
15544.7931,0,-8.2697,3,1.5706,15,0,303,7,1,7,NaN,NaN,NaN,6,0,6,NaN,NaN,NaN
15573.3637,0,-8.7842,3,1.1804,13,0,303,6,3,3,NaN,NaN,NaN,5,2,4,NaN,NaN,NaN
15630.6262,0,-9.4971,3,2.3913,17,0,303,8,4,5,NaN,NaN,NaN,7,5,2,NaN,NaN,NaN
15693.8667,0,-8.4956,3,1.6342,15,0,303,7,1,6,NaN,NaN,NaN,6,2,5,NaN,NaN,NaN
15703.8476,0,-10.7606,3,0.7835,11,0,303,5,4,2,NaN,NaN,NaN,4,1,3,NaN,NaN,NaN
15713.3623,0,-9.6736,3,2.2403,17,0,303,8,2,7,NaN,NaN,NaN,7,3,4,NaN,NaN,NaN
15740.4275,0,-9.4837,3,2.3912,17,0,303,8,4,4,NaN,NaN,NaN,7,5,3,NaN,NaN,NaN
15768.5931,0,-10.7645,3,2.819,19,0,303,9,1,9,NaN,NaN,NaN,8,2,6,NaN,NaN,NaN
15780.0231,0,-10.4738,3,2.9126,19,0,303,9,1,8,NaN,NaN,NaN,8,4,5,NaN,NaN,NaN
15810.0462,0,-8.4817,3,1.2383,13,0,303,6,4,3,NaN,NaN,NaN,5,3,2,NaN,NaN,NaN
15882.756,0,-8.4845,3,1.2363,13,0,303,6,4,2,NaN,NaN,NaN,5,3,3,NaN,NaN,NaN
16013.9563,0,-9.4844,3,1.1265,13,0,303,6,2,4,NaN,NaN,NaN,5,1,5,NaN,NaN,NaN
16028.5866,0,-10.3977,3,3.3974,19,0,303,9,7,3,NaN,NaN,NaN,8,8,0,NaN,NaN,NaN
16028.6117,0,-10.3977,3,3.3974,19,0,303,9,7,2,NaN,NaN,NaN,8,8,1,NaN,NaN,NaN
16056.5308,0,-9.3336,3,2.3021,17,0,303,8,3,6,NaN,NaN,NaN,7,4,3,NaN,NaN,NaN
16078.0287,0,-8.4377,3,1.626,15,0,303,7,2,6,NaN,NaN,NaN,6,1,5,NaN,NaN,NaN
16463.6091,0,-8.3306,3,1.3074,13,0,303,6,5,2,NaN,NaN,NaN,5,4,1,NaN,NaN,NaN
16466.1977,0,-8.3306,3,1.3073,13,0,303,6,5,1,NaN,NaN,NaN,5,4,2,NaN,NaN,NaN
16668.5997,0,-9.8726,3,3.2449,19,0,303,9,6,4,NaN,NaN,NaN,8,7,1,NaN,NaN,NaN
16669.6405,0,-9.8725,3,3.2449,19,0,303,9,6,3,NaN,NaN,NaN,8,7,2,NaN,NaN,NaN
16752.5313,0,-9.1535,3,2.3008,17,0,303,8,3,5,NaN,NaN,NaN,7,4,4,NaN,NaN,NaN
16800.0658,0,-10.9181,3,3.5222,21,0,303,10,0,10,NaN,NaN,NaN,9,3,7,NaN,NaN,NaN
17015.5173,0,-8.5433,3,1.6606,15,0,303,7,3,5,NaN,NaN,NaN,6,2,4,NaN,NaN,NaN
17054.8574,0,-9.8467,3,1.1254,13,0,303,6,3,4,NaN,NaN,NaN,5,0,5,NaN,NaN,NaN
17076.3624,0,-8.2111,3,1.3986,13,0,303,6,6,1,NaN,NaN,NaN,5,5,0,NaN,NaN,NaN
17076.3907,0,-8.2111,3,1.3986,13,0,303,6,6,0,NaN,NaN,NaN,5,5,1,NaN,NaN,NaN
17165.435,0,-10.8619,3,3.5101,21,0,303,10,1,10,NaN,NaN,NaN,9,2,7,NaN,NaN,NaN
17322.5179,0,-9.5293,3,3.1133,19,0,303,9,5,5,NaN,NaN,NaN,8,6,2,NaN,NaN,NaN
17345.7984,0,-9.5273,3,3.1133,19,0,303,9,5,4,NaN,NaN,NaN,8,6,3,NaN,NaN,NaN
17405.3446,0,-9.8147,3,2.8596,19,0,303,9,2,8,NaN,NaN,NaN,8,3,5,NaN,NaN,NaN
17479.4339,0,-10.5085,3,3.6911,21,0,303,10,2,8,NaN,NaN,NaN,9,5,5,NaN,NaN,NaN
17621.7131,0,-10.4011,3,3.601,21,0,303,10,1,9,NaN,NaN,NaN,9,4,6,NaN,NaN,NaN
17703.5304,0,-10.4494,3,4.2569,21,0,303,10,8,3,NaN,NaN,NaN,9,9,0,NaN,NaN,NaN
17703.5331,0,-10.4494,3,4.2569,21,0,303,10,8,2,NaN,NaN,NaN,9,9,1,NaN,NaN,NaN
17710.6385,0,-8.689,3,2.2282,17,0,303,8,2,6,NaN,NaN,NaN,7,3,5,NaN,NaN,NaN
17723.4974,0,-8.1452,3,2.0892,17,0,303,8,0,8,NaN,NaN,NaN,7,1,7,NaN,NaN,NaN
17732.5374,0,-8.1445,3,2.0889,17,0,303,8,1,8,NaN,NaN,NaN,7,0,7,NaN,NaN,NaN
17929.7578,0,-10.1891,3,1.1676,13,0,303,6,4,3,NaN,NaN,NaN,5,1,4,NaN,NaN,NaN
17931.1554,0,-9.2897,3,3.0029,19,0,303,9,4,6,NaN,NaN,NaN,8,5,3,NaN,NaN,NaN
17977.8364,0,-8.3151,3,2.1623,17,0,303,8,1,7,NaN,NaN,NaN,7,2,6,NaN,NaN,NaN
18016.0844,0,-8.4309,3,1.6998,15,0,303,7,4,4,NaN,NaN,NaN,6,3,3,NaN,NaN,NaN
18167.1519,0,-9.2636,3,2.9162,19,0,303,9,3,7,NaN,NaN,NaN,8,4,4,NaN,NaN,NaN
18170.7534,0,-8.8297,3,1.6342,15,0,303,7,3,4,NaN,NaN,NaN,6,2,5,NaN,NaN,NaN
18186.7522,0,-9.2555,3,3.0027,19,0,303,9,4,5,NaN,NaN,NaN,8,5,4,NaN,NaN,NaN
18190.2491,0,-8.2923,3,2.1577,17,0,303,8,2,7,NaN,NaN,NaN,7,1,6,NaN,NaN,NaN
18223.0172,0,-8.4446,3,1.6942,15,0,303,7,4,3,NaN,NaN,NaN,6,3,4,NaN,NaN,NaN
18340.5361,0,-9.9252,3,4.0841,21,0,303,10,7,4,NaN,NaN,NaN,9,8,1,NaN,NaN,NaN
18340.6755,0,-9.9251,3,4.0841,21,0,303,10,7,3,NaN,NaN,NaN,9,8,2,NaN,NaN,NaN
18352.7682,0,-10.97,3,4.2813,23,0,303,11,0,11,NaN,NaN,NaN,10,3,8,NaN,NaN,NaN
18463.1743,0,-10.9196,3,4.5655,23,0,303,11,3,8,NaN,NaN,NaN,10,6,5,NaN,NaN,NaN
18568.2867,0,-10.946,3,4.2742,23,0,303,11,1,11,NaN,NaN,NaN,10,2,8,NaN,NaN,NaN
18741.398,0,-8.278,3,1.7661,15,0,303,7,5,3,NaN,NaN,NaN,6,4,2,NaN,NaN,NaN
18754.2462,0,-8.278,3,1.7657,15,0,303,7,5,2,NaN,NaN,NaN,6,4,3,NaN,NaN,NaN
18913.2804,0,-9.5441,3,1.5711,15,0,303,7,2,5,NaN,NaN,NaN,6,1,6,NaN,NaN,NaN
18956.5894,0,-9.9888,3,3.557,21,0,303,10,2,9,NaN,NaN,NaN,9,3,6,NaN,NaN,NaN
18992.5904,0,-9.5809,3,3.932,21,0,303,10,6,5,NaN,NaN,NaN,9,7,2,NaN,NaN,NaN
18996.627,0,-9.5807,3,3.932,21,0,303,10,6,4,NaN,NaN,NaN,9,7,3,NaN,NaN,NaN
19056.9143,0,-8.4431,3,2.202,17,0,303,8,3,6,NaN,NaN,NaN,7,2,5,NaN,NaN,NaN
19174.8747,0,-10.9759,3,1.1265,13,0,303,6,4,2,NaN,NaN,NaN,5,1,5,NaN,NaN,NaN
19318.715,0,-8.9219,3,2.9126,19,0,303,9,3,6,NaN,NaN,NaN,8,4,5,NaN,NaN,NaN
19362.1743,0,-8.1617,3,1.8566,15,0,303,7,6,2,NaN,NaN,NaN,6,5,1,NaN,NaN,NaN
19362.4857,0,-8.1617,3,1.8566,15,0,303,7,6,1,NaN,NaN,NaN,6,5,2,NaN,NaN,NaN
19366.3564,0,-10.3977,3,4.3656,23,0,303,11,1,10,NaN,NaN,NaN,10,4,7,NaN,NaN,NaN
19378.7924,0,-10.5147,3,5.213,23,0,303,11,9,3,NaN,NaN,NaN,10,10,0,NaN,NaN,NaN
19378.7927,0,-10.5147,3,5.213,23,0,303,11,9,2,NaN,NaN,NaN,10,10,1,NaN,NaN,NaN
19609.4663,0,-10.2989,3,4.4566,23,0,303,11,2,9,NaN,NaN,NaN,10,5,6,NaN,NaN,NaN
19654.0971,0,-9.3241,3,3.801,21,0,303,10,5,6,NaN,NaN,NaN,9,6,3,NaN,NaN,NaN
19712.8794,0,-9.7215,3,1.5706,15,0,303,7,3,5,NaN,NaN,NaN,6,0,6,NaN,NaN,NaN
19719.6685,0,-9.3185,3,3.8009,21,0,303,10,5,5,NaN,NaN,NaN,9,6,4,NaN,NaN,NaN
19920.0911,0,-8.0498,3,2.6804,19,0,303,9,0,9,NaN,NaN,NaN,8,1,8,NaN,NaN,NaN
19923.8205,0,-8.0495,3,2.6804,19,0,303,9,1,9,NaN,NaN,NaN,8,0,8,NaN,NaN,NaN
19973.3411,0,-8.0655,3,1.9682,15,0,303,7,7,1,NaN,NaN,NaN,6,6,0,NaN,NaN,NaN
19973.3437,0,-8.0655,3,1.9682,15,0,303,7,7,0,NaN,NaN,NaN,6,6,1,NaN,NaN,NaN
20013.5072,0,-9.9908,3,5.0198,23,0,303,11,8,4,NaN,NaN,NaN,10,9,1,NaN,NaN,NaN
20013.5244,0,-9.9908,3,5.0198,23,0,303,11,8,3,NaN,NaN,NaN,10,9,2,NaN,NaN,NaN
20146.7978,0,-9.2944,3,3.6093,21,0,303,10,3,8,NaN,NaN,NaN,9,4,5,NaN,NaN,NaN
20156.4071,0,-8.4,3,2.2403,17,0,303,8,4,5,NaN,NaN,NaN,7,3,4,NaN,NaN,NaN
20157.2882,0,-8.4724,3,2.8377,19,0,303,9,2,7,NaN,NaN,NaN,8,3,6,NaN,NaN,NaN
20198.3323,0,-9.1601,3,3.6919,21,0,303,10,4,7,NaN,NaN,NaN,9,5,4,NaN,NaN,NaN
20223.0678,0,-8.187,3,2.7644,19,0,303,9,1,8,NaN,NaN,NaN,8,2,7,NaN,NaN,NaN
20229.1154,0,-9.7791,3,1.626,15,0,303,7,4,4,NaN,NaN,NaN,6,1,5,NaN,NaN,NaN
20331.1262,0,-8.1782,3,2.762,19,0,303,9,2,8,NaN,NaN,NaN,8,1,7,NaN,NaN,NaN
20398.0822,0,-10.1622,3,4.3314,23,0,303,11,2,10,NaN,NaN,NaN,10,3,7,NaN,NaN,NaN
20627.2266,0,-8.4472,3,2.2282,17,0,303,8,4,4,NaN,NaN,NaN,7,3,5,NaN,NaN,NaN
20660.6367,0,-9.6464,3,4.8474,23,0,303,11,7,5,NaN,NaN,NaN,10,8,2,NaN,NaN,NaN
20661.2492,0,-9.6464,3,4.8474,23,0,303,11,7,4,NaN,NaN,NaN,10,8,3,NaN,NaN,NaN
20708.7339,0,-9.0802,3,3.6911,21,0,303,10,4,6,NaN,NaN,NaN,9,5,5,NaN,NaN,NaN
20903.6181,0,-8.9181,3,2.1623,17,0,303,8,3,5,NaN,NaN,NaN,7,2,6,NaN,NaN,NaN
20929.8119,0,-10.5661,3,5.4072,25,0,303,12,3,9,NaN,NaN,NaN,11,6,6,NaN,NaN,NaN
21002.6518,0,-8.2483,3,2.3021,17,0,303,8,5,4,NaN,NaN,NaN,7,4,3,NaN,NaN,NaN
21030.4524,0,-10.4394,3,5.206,25,0,303,12,1,11,NaN,NaN,NaN,11,4,8,NaN,NaN,NaN
21048.63,0,-8.2488,3,2.3008,17,0,303,8,5,3,NaN,NaN,NaN,7,4,4,NaN,NaN,NaN
21054.2702,0,-10.5929,3,6.2658,25,0,303,12,10,2,NaN,NaN,NaN,11,11,1,NaN,NaN,NaN
21054.2702,0,-10.5929,3,6.2658,25,0,303,12,10,3,NaN,NaN,NaN,11,11,0,NaN,NaN,NaN
21083.7401,0,-8.3439,3,2.819,19,0,303,9,3,7,NaN,NaN,NaN,8,2,6,NaN,NaN,NaN
21326.7195,0,-9.3857,3,4.6958,23,0,303,11,6,6,NaN,NaN,NaN,10,7,3,NaN,NaN,NaN
21339.8764,0,-9.3849,3,4.6958,23,0,303,11,6,5,NaN,NaN,NaN,10,7,4,NaN,NaN,NaN
21602.3935,0,-10.2009,3,5.299,25,0,303,12,2,10,NaN,NaN,NaN,11,5,7,NaN,NaN,NaN
21645.8553,0,-8.1312,3,2.3913,17,0,303,8,6,3,NaN,NaN,NaN,7,5,2,NaN,NaN,NaN
21647.716,0,-8.1311,3,2.3912,17,0,303,8,6,2,NaN,NaN,NaN,7,5,3,NaN,NaN,NaN
21687.2882,0,-10.069,3,6.0522,25,0,303,12,9,4,NaN,NaN,NaN,11,10,1,NaN,NaN,NaN
21687.2902,0,-10.069,3,6.0522,25,0,303,12,9,3,NaN,NaN,NaN,11,10,2,NaN,NaN,NaN
21770.5073,0,-10.3176,3,5.1814,25,0,303,12,2,11,NaN,NaN,NaN,11,3,8,NaN,NaN,NaN
21878.7248,0,-9.5927,3,2.0892,17,0,303,8,2,6,NaN,NaN,NaN,7,1,7,NaN,NaN,NaN
21897.6359,0,-8.7187,3,3.601,21,0,303,10,3,7,NaN,NaN,NaN,9,4,6,NaN,NaN,NaN
21902.3164,0,-10.5108,3,1.6606,15,0,303,7,5,3,NaN,NaN,NaN,6,2,4,NaN,NaN,NaN
21913.6639,0,-10.8123,3,1.5711,15,0,303,7,4,3,NaN,NaN,NaN,6,1,6,NaN,NaN,NaN
21965.3019,0,-9.413,3,4.3819,23,0,303,11,3,9,NaN,NaN,NaN,10,4,6,NaN,NaN,NaN
21983.8297,0,-9.1845,3,4.5657,23,0,303,11,5,7,NaN,NaN,NaN,10,6,4,NaN,NaN,NaN
22115.2128,0,-7.9799,3,3.3449,21,0,303,10,0,10,NaN,NaN,NaN,9,1,9,NaN,NaN,NaN
22116.7144,0,-7.9798,3,3.3449,21,0,303,10,1,10,NaN,NaN,NaN,9,0,9,NaN,NaN,NaN
22143.3977,0,-9.1703,3,4.5655,23,0,303,11,5,6,NaN,NaN,NaN,10,6,5,NaN,NaN,NaN
22227.2541,0,-8.3766,3,2.8596,19,0,303,9,4,6,NaN,NaN,NaN,8,3,5,NaN,NaN,NaN
22259.4911,0,-8.0381,3,2.5024,17,0,303,8,7,2,NaN,NaN,NaN,7,6,1,NaN,NaN,NaN
22259.5252,0,-8.0381,3,2.5024,17,0,303,8,7,1,NaN,NaN,NaN,7,6,2,NaN,NaN,NaN
22330.3244,0,-9.7244,3,5.8594,25,0,303,12,8,5,NaN,NaN,NaN,11,9,2,NaN,NaN,NaN
22330.4087,0,-9.7244,3,5.8594,25,0,303,12,8,4,NaN,NaN,NaN,11,9,3,NaN,NaN,NaN
22402.5512,0,-9.1003,3,4.4587,23,0,303,11,4,8,NaN,NaN,NaN,10,5,5,NaN,NaN,NaN
22443.6226,0,-8.0968,3,3.4402,21,0,303,10,1,9,NaN,NaN,NaN,9,2,8,NaN,NaN,NaN
22446.6198,0,-9.6674,3,2.0889,17,0,303,8,3,6,NaN,NaN,NaN,7,0,7,NaN,NaN,NaN
22495.2814,0,-8.0934,3,3.439,21,0,303,10,2,9,NaN,NaN,NaN,9,1,8,NaN,NaN,NaN
22542.0883,0,-8.3115,3,3.5222,21,0,303,10,2,8,NaN,NaN,NaN,9,3,7,NaN,NaN,NaN
22631.2896,0,-10.5101,3,6.1216,27,0,303,13,1,12,NaN,NaN,NaN,12,4,9,NaN,NaN,NaN
22633.2938,0,-9.5112,3,2.1577,17,0,303,8,4,5,NaN,NaN,NaN,7,1,6,NaN,NaN,NaN
22696.5343,0,-10.7596,3,1.6342,15,0,303,7,5,2,NaN,NaN,NaN,6,2,5,NaN,NaN,NaN
22729.8986,0,-10.6837,3,7.4152,27,0,303,13,11,2,NaN,NaN,NaN,12,12,1,NaN,NaN,NaN
22729.8986,0,-10.6837,3,7.4152,27,0,303,13,11,3,NaN,NaN,NaN,12,12,0,NaN,NaN,NaN
22870.2975,0,-7.9592,3,2.6345,17,0,303,8,8,1,NaN,NaN,NaN,7,7,0,NaN,NaN,NaN
22870.2977,0,-7.9592,3,2.6345,17,0,303,8,8,0,NaN,NaN,NaN,7,7,1,NaN,NaN,NaN
22990.1909,0,-9.4625,3,5.6874,25,0,303,12,7,6,NaN,NaN,NaN,11,8,3,NaN,NaN,NaN
22992.4453,0,-9.4623,3,5.6874,25,0,303,12,7,5,NaN,NaN,NaN,11,8,4,NaN,NaN,NaN
23118.5971,0,-10.4526,3,6.1054,27,0,303,13,2,12,NaN,NaN,NaN,12,3,9,NaN,NaN,NaN
23122.3828,0,-8.2519,3,3.5101,21,0,303,10,3,8,NaN,NaN,NaN,9,2,7,NaN,NaN,NaN
23132.8732,0,-8.4979,3,2.8377,19,0,303,9,4,5,NaN,NaN,NaN,8,3,6,NaN,NaN,NaN
23229.8064,0,-8.2408,3,2.9162,19,0,303,9,5,5,NaN,NaN,NaN,8,4,4,NaN,NaN,NaN
23263.1491,0,-10.324,3,6.3261,27,0,303,13,3,10,NaN,NaN,NaN,12,6,7,NaN,NaN,NaN
23300.7222,0,-8.9323,3,4.4566,23,0,303,11,4,7,NaN,NaN,NaN,10,5,6,NaN,NaN,NaN
23361.0275,0,-8.244,3,2.9126,19,0,303,9,5,4,NaN,NaN,NaN,8,4,5,NaN,NaN,NaN
23361.6265,0,-10.1595,3,7.1813,27,0,303,13,10,4,NaN,NaN,NaN,12,11,1,NaN,NaN,NaN
23361.6267,0,-10.1595,3,7.1813,27,0,303,13,10,3,NaN,NaN,NaN,12,11,2,NaN,NaN,NaN
23470.9272,0,-10.184,3,6.2181,27,0,303,13,2,11,NaN,NaN,NaN,12,5,8,NaN,NaN,NaN
23615.9678,0,-9.5912,3,5.2338,25,0,303,12,3,10,NaN,NaN,NaN,11,4,7,NaN,NaN,NaN
23670.0138,0,-9.2522,3,5.5366,25,0,303,12,6,7,NaN,NaN,NaN,11,7,4,NaN,NaN,NaN
23707.2785,0,-9.2498,3,5.5365,25,0,303,12,6,6,NaN,NaN,NaN,11,7,5,NaN,NaN,NaN
23761.7597,0,-9.0229,3,2.7644,19,0,303,9,3,6,NaN,NaN,NaN,8,2,7,NaN,NaN,NaN
23924.3932,0,-8.1188,3,3.0029,19,0,303,9,6,4,NaN,NaN,NaN,8,5,3,NaN,NaN,NaN
23932.3451,0,-8.1187,3,3.0027,19,0,303,9,6,3,NaN,NaN,NaN,8,5,4,NaN,NaN,NaN
24001.6138,0,-9.8144,3,6.9681,27,0,303,13,9,5,NaN,NaN,NaN,12,10,2,NaN,NaN,NaN
24001.6246,0,-9.8144,3,6.9681,27,0,303,13,9,4,NaN,NaN,NaN,12,10,3,NaN,NaN,NaN
24003.0353,0,-10.0808,3,2.202,17,0,303,8,5,4,NaN,NaN,NaN,7,2,5,NaN,NaN,NaN
24152.4475,0,-10.7521,3,7.4492,29,0,303,14,4,10,NaN,NaN,NaN,13,7,7,NaN,NaN,NaN
24185.6691,0,-10.5997,3,7.1119,29,0,303,14,1,13,NaN,NaN,NaN,13,4,10,NaN,NaN,NaN
24240.6448,0,-8.3504,3,3.557,21,0,303,10,4,7,NaN,NaN,NaN,9,3,6,NaN,NaN,NaN
24297.4851,0,-9.0967,3,5.4077,25,0,303,12,5,8,NaN,NaN,NaN,11,6,5,NaN,NaN,NaN
24309.716,0,-7.932,3,4.0826,23,0,303,11,0,11,NaN,NaN,NaN,10,1,10,NaN,NaN,NaN
24310.3093,0,-7.9319,3,4.0826,23,0,303,11,1,11,NaN,NaN,NaN,10,0,10,NaN,NaN,NaN
24405.6363,0,-10.7867,3,8.6612,29,0,303,14,12,2,NaN,NaN,NaN,13,13,1,NaN,NaN,NaN
24405.6363,0,-10.7867,3,8.6612,29,0,303,14,12,3,NaN,NaN,NaN,13,13,0,NaN,NaN,NaN
24456.4502,0,-8.5435,3,4.3656,23,0,303,11,3,8,NaN,NaN,NaN,10,4,7,NaN,NaN,NaN
24479.8245,0,-10.574,3,7.1021,29,0,303,14,2,13,NaN,NaN,NaN,13,3,10,NaN,NaN,NaN
24505.6383,0,-9.1127,3,5.3042,25,0,303,12,4,9,NaN,NaN,NaN,11,5,6,NaN,NaN,NaN
24544.5786,0,-8.0265,3,3.1133,19,0,303,9,7,3,NaN,NaN,NaN,8,6,2,NaN,NaN,NaN
24544.8162,0,-8.0265,3,3.1133,19,0,303,9,7,2,NaN,NaN,NaN,8,6,3,NaN,NaN,NaN
24637.8315,0,-9.0625,3,5.4072,25,0,303,12,5,7,NaN,NaN,NaN,11,6,6,NaN,NaN,NaN
24650.4118,0,-8.0353,3,4.1894,23,0,303,11,1,10,NaN,NaN,NaN,10,2,9,NaN,NaN,NaN
24655.1226,0,-9.5516,3,6.7756,27,0,303,13,8,6,NaN,NaN,NaN,12,9,3,NaN,NaN,NaN
24655.4678,0,-9.5516,3,6.7756,27,0,303,13,8,5,NaN,NaN,NaN,12,9,4,NaN,NaN,NaN
24674.005,0,-8.034,3,4.1888,23,0,303,11,2,10,NaN,NaN,NaN,10,1,9,NaN,NaN,NaN
24795.3129,0,-10.7813,3,2.0892,17,0,303,8,4,4,NaN,NaN,NaN,7,1,7,NaN,NaN,NaN
24862.3584,0,-8.2014,3,4.2813,23,0,303,11,2,9,NaN,NaN,NaN,10,3,8,NaN,NaN,NaN
24871.3705,0,-9.6299,3,2.6804,19,0,303,9,2,7,NaN,NaN,NaN,8,1,8,NaN,NaN,NaN
25036.3533,0,-10.262,3,8.4069,29,0,303,14,11,3,NaN,NaN,NaN,13,12,2,NaN,NaN,NaN
25036.3533,0,-10.262,3,8.4069,29,0,303,14,11,4,NaN,NaN,NaN,13,12,1,NaN,NaN,NaN
25117.0777,0,-9.7947,3,6.1642,27,0,303,13,3,11,NaN,NaN,NaN,12,4,8,NaN,NaN,NaN
25153.0357,0,-9.361,3,2.762,19,0,303,9,4,6,NaN,NaN,NaN,8,1,7,NaN,NaN,NaN
25156.5816,0,-7.9503,3,3.2449,19,0,303,9,8,2,NaN,NaN,NaN,8,7,1,NaN,NaN,NaN
25156.5851,0,-7.9503,3,3.2449,19,0,303,9,8,1,NaN,NaN,NaN,8,7,2,NaN,NaN,NaN
25194.602,0,-8.1759,3,4.2742,23,0,303,11,3,9,NaN,NaN,NaN,10,2,8,NaN,NaN,NaN
25199.7167,0,-10.5004,3,2.1623,17,0,303,8,5,3,NaN,NaN,NaN,7,2,6,NaN,NaN,NaN
25232.2969,0,-10.2237,3,7.2137,29,0,303,14,2,12,NaN,NaN,NaN,13,5,9,NaN,NaN,NaN
25238.9674,0,-9.656,3,2.6804,19,0,303,9,3,7,NaN,NaN,NaN,8,0,8,NaN,NaN,NaN
25330.2347,0,-9.3386,3,6.6043,27,0,303,13,7,7,NaN,NaN,NaN,12,8,4,NaN,NaN,NaN
25337.4422,0,-9.3382,3,6.6043,27,0,303,13,7,6,NaN,NaN,NaN,12,8,5,NaN,NaN,NaN
25399.6899,0,-8.2534,3,3.6093,21,0,303,10,5,6,NaN,NaN,NaN,9,4,5,NaN,NaN,NaN
25443.1906,0,-10.1893,3,7.3222,29,0,303,14,3,11,NaN,NaN,NaN,13,6,8,NaN,NaN,NaN
25674.0481,0,-9.9162,3,8.1733,29,0,303,14,10,5,NaN,NaN,NaN,13,11,2,NaN,NaN,NaN
25674.0494,0,-9.9162,3,8.1733,29,0,303,14,10,4,NaN,NaN,NaN,13,11,3,NaN,NaN,NaN
25712.9062,0,-8.2671,3,3.601,21,0,303,10,5,5,NaN,NaN,NaN,9,4,6,NaN,NaN,NaN
25767.2478,0,-7.8849,3,3.3974,19,0,303,9,9,0,NaN,NaN,NaN,8,8,1,NaN,NaN,NaN
25767.2478,0,-7.8849,3,3.3974,19,0,303,9,9,1,NaN,NaN,NaN,8,8,0,NaN,NaN,NaN
25771.3884,0,-8.5945,3,3.5222,21,0,303,10,4,6,NaN,NaN,NaN,9,3,7,NaN,NaN,NaN
25938.5564,0,-8.798,3,5.299,25,0,303,12,4,8,NaN,NaN,NaN,11,5,7,NaN,NaN,NaN
26018.4345,0,-9.1641,3,6.4544,27,0,303,13,6,8,NaN,NaN,NaN,12,7,5,NaN,NaN,NaN
26111.9557,0,-9.1581,3,6.4543,27,0,303,13,6,7,NaN,NaN,NaN,12,7,6,NaN,NaN,NaN
26146.3945,0,-9.7255,3,2.819,19,0,303,9,5,5,NaN,NaN,NaN,8,2,6,NaN,NaN,NaN
26171.6361,0,-10.7331,3,2.2403,17,0,303,8,6,3,NaN,NaN,NaN,7,3,4,NaN,NaN,NaN
26191.6082,0,-8.1242,3,3.6919,21,0,303,10,6,5,NaN,NaN,NaN,9,5,4,NaN,NaN,NaN
26217.8215,0,-8.3172,3,4.3314,23,0,303,11,4,8,NaN,NaN,NaN,10,3,7,NaN,NaN,NaN
26218.6877,0,-8.1242,3,3.6911,21,0,303,10,6,4,NaN,NaN,NaN,9,5,5,NaN,NaN,NaN
26322.6683,0,-9.6526,3,7.9605,29,0,303,14,9,6,NaN,NaN,NaN,13,10,3,NaN,NaN,NaN
26322.7169,0,-9.6526,3,7.9605,29,0,303,14,9,5,NaN,NaN,NaN,13,10,4,NaN,NaN,NaN
26466.5178,0,-9.2009,3,6.2291,27,0,303,13,4,10,NaN,NaN,NaN,12,5,7,NaN,NaN,NaN
26503.9711,0,-9.9962,3,7.1717,29,0,303,14,3,12,NaN,NaN,NaN,13,4,9,NaN,NaN,NaN
26503.9713,0,-7.9033,3,4.8935,25,0,303,12,0,12,NaN,NaN,NaN,11,1,11,NaN,NaN,NaN
26504.2021,0,-7.9032,3,4.8935,25,0,303,12,1,12,NaN,NaN,NaN,11,0,11,NaN,NaN,NaN
26534.5151,0,-10.7764,3,2.2282,17,0,303,8,6,2,NaN,NaN,NaN,7,3,5,NaN,NaN,NaN
26572.6435,0,-9.0567,3,6.3273,27,0,303,13,5,9,NaN,NaN,NaN,12,6,6,NaN,NaN,NaN
26719.5454,0,-9.1237,3,3.4402,21,0,303,10,3,7,NaN,NaN,NaN,9,2,8,NaN,NaN,NaN
26827.4807,0,-8.0303,3,3.801,21,0,303,10,7,4,NaN,NaN,NaN,9,6,3,NaN,NaN,NaN
26828.6574,0,-8.0303,3,3.8009,21,0,303,10,7,3,NaN,NaN,NaN,9,6,4,NaN,NaN,NaN
26850.1918,0,-7.9971,3,5.0119,25,0,303,12,1,11,NaN,NaN,NaN,11,2,10,NaN,NaN,NaN
26860.6012,0,-7.9966,3,5.0116,25,0,303,12,2,11,NaN,NaN,NaN,11,1,10,NaN,NaN,NaN
26962.9691,0,-8.4026,3,5.206,25,0,303,12,3,9,NaN,NaN,NaN,11,4,8,NaN,NaN,NaN
26989.1169,0,-9.438,3,7.7687,29,0,303,14,8,7,NaN,NaN,NaN,13,9,4,NaN,NaN,NaN
26990.3416,0,-9.4379,3,7.7687,29,0,303,14,8,6,NaN,NaN,NaN,13,9,5,NaN,NaN,NaN
27130.875,0,-8.1322,3,5.1146,25,0,303,12,2,10,NaN,NaN,NaN,11,3,9,NaN,NaN,NaN
27215.6955,0,-8.9795,3,6.3261,27,0,303,13,5,8,NaN,NaN,NaN,12,6,7,NaN,NaN,NaN
27307.2237,0,-8.1216,3,5.1107,25,0,303,12,3,10,NaN,NaN,NaN,11,2,9,NaN,NaN,NaN
27442.1665,0,-7.9554,3,3.932,21,0,303,10,8,3,NaN,NaN,NaN,9,7,2,NaN,NaN,NaN
27442.1943,0,-7.9554,3,3.932,21,0,303,10,8,2,NaN,NaN,NaN,9,7,3,NaN,NaN,NaN
27493.7834,0,-8.2799,3,4.3819,23,0,303,11,5,7,NaN,NaN,NaN,10,4,6,NaN,NaN,NaN
27680.9688,0,-9.2581,3,7.5981,29,0,303,14,7,8,NaN,NaN,NaN,13,8,5,NaN,NaN,NaN
27701.4528,0,-9.2571,3,7.598,29,0,303,14,7,7,NaN,NaN,NaN,13,8,6,NaN,NaN,NaN
27779.3368,0,-9.2957,3,3.439,21,0,303,10,4,7,NaN,NaN,NaN,9,1,8,NaN,NaN,NaN
27804.0723,0,-10.3479,3,2.7644,19,0,303,9,5,4,NaN,NaN,NaN,8,2,7,NaN,NaN,NaN
27846.9556,0,-10.8656,3,2.6804,19,0,303,9,4,5,NaN,NaN,NaN,8,1,8,NaN,NaN,NaN
27857.2353,0,-9.6641,3,3.3449,21,0,303,10,2,8,NaN,NaN,NaN,9,1,9,NaN,NaN,NaN
28053.608,0,-7.8923,3,4.0841,21,0,303,10,9,2,NaN,NaN,NaN,9,8,1,NaN,NaN,NaN
28053.6083,0,-7.8923,3,4.0841,21,0,303,10,9,1,NaN,NaN,NaN,9,8,2,NaN,NaN,NaN
28073.6623,0,-9.6716,3,3.3449,21,0,303,10,3,8,NaN,NaN,NaN,9,0,9,NaN,NaN,NaN
28136.6736,0,-8.3237,3,4.3656,23,0,303,11,5,6,NaN,NaN,NaN,10,4,7,NaN,NaN,NaN
28185.8616,0,-8.2788,3,5.1814,25,0,303,12,4,9,NaN,NaN,NaN,11,3,8,NaN,NaN,NaN
28220.4918,0,-10.3828,3,2.8596,19,0,303,9,6,4,NaN,NaN,NaN,8,3,5,NaN,NaN,NaN
28254.6885,0,-9.359,3,7.2339,29,0,303,14,4,11,NaN,NaN,NaN,13,5,8,NaN,NaN,NaN
28363.0838,0,-9.1136,3,7.4494,29,0,303,14,6,9,NaN,NaN,NaN,13,7,6,NaN,NaN,NaN
28375.2749,0,-9.4539,3,3.5101,21,0,303,10,5,6,NaN,NaN,NaN,9,2,7,NaN,NaN,NaN
28435.7085,0,-8.1476,3,4.4587,23,0,303,11,6,6,NaN,NaN,NaN,10,5,5,NaN,NaN,NaN
28513.26,0,-8.1482,3,4.4566,23,0,303,11,6,5,NaN,NaN,NaN,10,5,6,NaN,NaN,NaN
28553.6143,0,-8.7223,3,4.2813,23,0,303,11,4,7,NaN,NaN,NaN,10,3,8,NaN,NaN,NaN
28573.1433,0,-9.099,3,7.4492,29,0,303,14,6,8,NaN,NaN,NaN,13,7,7,NaN,NaN,NaN
28588.1555,0,-8.6739,3,6.2181,27,0,303,13,4,9,NaN,NaN,NaN,12,5,8,NaN,NaN,NaN
28664.1956,0,-7.838,3,4.2569,21,0,303,10,10,0,NaN,NaN,NaN,9,9,1,NaN,NaN,NaN
28664.1956,0,-7.838,3,4.2569,21,0,303,10,10,1,NaN,NaN,NaN,9,9,0,NaN,NaN,NaN
28698.1324,0,-7.8918,3,5.7776,27,0,303,13,0,13,NaN,NaN,NaN,12,1,12,NaN,NaN,NaN
28698.2211,0,-7.8918,3,5.7776,27,0,303,13,1,13,NaN,NaN,NaN,12,0,12,NaN,NaN,NaN
28777.6058,0,-9.067,3,7.3253,29,0,303,14,5,10,NaN,NaN,NaN,13,6,7,NaN,NaN,NaN
28878.4661,0,-10.4894,3,2.8377,19,0,303,9,6,3,NaN,NaN,NaN,8,3,6,NaN,NaN,NaN
29046.6439,0,-7.9785,3,5.9076,27,0,303,13,1,12,NaN,NaN,NaN,12,2,11,NaN,NaN,NaN
29051.1137,0,-7.9783,3,5.9075,27,0,303,13,2,12,NaN,NaN,NaN,12,1,11,NaN,NaN,NaN
29106.204,0,-8.0492,3,4.5657,23,0,303,11,7,5,NaN,NaN,NaN,10,6,4,NaN,NaN,NaN
29110.8253,0,-8.0492,3,4.5655,23,0,303,11,7,4,NaN,NaN,NaN,10,6,5,NaN,NaN,NaN
29364.9823,0,-8.094,3,6.0215,27,0,303,13,2,11,NaN,NaN,NaN,12,3,10,NaN,NaN,NaN
29394.9523,0,-8.3025,3,6.1216,27,0,303,13,3,10,NaN,NaN,NaN,12,4,9,NaN,NaN,NaN
29453.2406,0,-8.0896,3,6.0195,27,0,303,13,3,11,NaN,NaN,NaN,12,2,10,NaN,NaN,NaN
29510.0229,0,-8.3102,3,5.2338,25,0,303,12,5,8,NaN,NaN,NaN,11,4,7,NaN,NaN,NaN
29726.44,0,-7.9741,3,4.6958,23,0,303,11,8,4,NaN,NaN,NaN,10,7,3,NaN,NaN,NaN
29726.5964,0,-7.9741,3,4.6958,23,0,303,11,8,3,NaN,NaN,NaN,10,7,4,NaN,NaN,NaN
29740.5056,0,-9.2108,3,4.1894,23,0,303,11,3,8,NaN,NaN,NaN,10,2,9,NaN,NaN,NaN
29870.0252,0,-8.9079,3,7.3222,29,0,303,14,5,9,NaN,NaN,NaN,13,6,8,NaN,NaN,NaN
