259.0902,0.9128709,303,2,1,1,NaN,NaN,NaN,2,1,2,NaN,NaN,NaN,1
1250.7681,-0.2168049,303,2,2,1,NaN,NaN,NaN,2,0,2,NaN,NaN,NaN,1
17.8897,1.812823,303,2,2,0,NaN,NaN,NaN,2,2,1,NaN,NaN,NaN,1
6841.4982,1.290994,303,3,2,2,NaN,NaN,NaN,2,2,1,NaN,NaN,NaN,1
6958.4401,-1.628376,303,3,1,2,NaN,NaN,NaN,2,1,1,NaN,NaN,NaN,1
9190.3132,0.1227129,303,3,3,0,NaN,NaN,NaN,2,1,1,NaN,NaN,NaN,1
6701.7266,1.629949,303,3,1,3,NaN,NaN,NaN,2,1,2,NaN,NaN,NaN,1
9447.0265,-0.0996668,303,3,3,1,NaN,NaN,NaN,2,1,2,NaN,NaN,NaN,1
515.8037,-0.770692,303,3,1,2,NaN,NaN,NaN,3,1,3,NaN,NaN,NaN,1
2747.6767,-0.08216253,303,3,3,0,NaN,NaN,NaN,3,1,3,NaN,NaN,NaN,1
2229.4962,0.125377,303,3,3,1,NaN,NaN,NaN,3,1,2,NaN,NaN,NaN,1
2.3768,-2.284053,303,3,3,0,NaN,NaN,NaN,3,3,1,NaN,NaN,NaN,1
6774.4877,-1.704652,303,3,0,3,NaN,NaN,NaN,2,0,2,NaN,NaN,NaN,1
5505.8299,-0.1160091,303,3,0,3,NaN,NaN,NaN,2,2,0,NaN,NaN,NaN,1
8177.1665,0.2745164,303,3,2,1,NaN,NaN,NaN,2,0,2,NaN,NaN,NaN,1
6908.5086,-1.293062,303,3,2,1,NaN,NaN,NaN,2,2,0,NaN,NaN,NaN,1
1317.7786,0.3758058,303,3,2,2,NaN,NaN,NaN,3,0,3,NaN,NaN,NaN,1
84.9002,-1.480575,303,3,2,1,NaN,NaN,NaN,3,2,2,NaN,NaN,NaN,1
8976.005,1.95828,303,4,0,4,NaN,NaN,NaN,3,0,3,NaN,NaN,NaN,1
7573.3263,0.1644313,303,4,0,4,NaN,NaN,NaN,3,2,1,NaN,NaN,NaN,1
10656.3456,-0.3231987,303,4,2,2,NaN,NaN,NaN,3,0,3,NaN,NaN,NaN,1
9253.6668,1.7383,303,4,2,2,NaN,NaN,NaN,3,2,1,NaN,NaN,NaN,1
14152.7353,-0.01245281,303,4,4,0,NaN,NaN,NaN,3,0,3,NaN,NaN,NaN,1
12750.0566,-0.108635,303,4,4,0,NaN,NaN,NaN,3,2,1,NaN,NaN,NaN,1
8919.5069,-1.929215,303,4,1,4,NaN,NaN,NaN,3,1,3,NaN,NaN,NaN,1
6174.207,-0.03562862,303,4,1,4,NaN,NaN,NaN,3,3,1,NaN,NaN,NaN,1
11897.0614,0.1438067,303,4,3,2,NaN,NaN,NaN,3,1,3,NaN,NaN,NaN,1
9151.7615,-1.32521,303,4,3,2,NaN,NaN,NaN,3,3,1,NaN,NaN,NaN,1
9251.1242,1.921652,303,4,1,3,NaN,NaN,NaN,3,1,2,NaN,NaN,NaN,1
7019.2512,0.06986088,303,4,1,3,NaN,NaN,NaN,3,3,0,NaN,NaN,NaN,1
11397.4712,-0.2143786,303,4,3,1,NaN,NaN,NaN,3,1,2,NaN,NaN,NaN,1
9165.5982,1.325297,303,4,3,1,NaN,NaN,NaN,3,3,0,NaN,NaN,NaN,1
847.421,0.6952592,303,4,1,3,NaN,NaN,NaN,4,1,4,NaN,NaN,NaN,1
2130.1335,-0.2467454,303,4,3,2,NaN,NaN,NaN,4,1,3,NaN,NaN,NaN,1
2993.768,0.12233,303,4,3,1,NaN,NaN,NaN,4,1,4,NaN,NaN,NaN,1
16.2135,1.985136,303,4,3,1,NaN,NaN,NaN,4,3,2,NaN,NaN,NaN,1
9107.935,-1.72878,303,4,2,3,NaN,NaN,NaN,3,2,2,NaN,NaN,NaN,1
12834.6959,0.106397,303,4,4,1,NaN,NaN,NaN,3,2,2,NaN,NaN,NaN,1
1449.7085,-0.4984021,303,4,2,3,NaN,NaN,NaN,4,0,4,NaN,NaN,NaN,1
230.632,1.251182,303,4,2,2,NaN,NaN,NaN,4,2,3,NaN,NaN,NaN,1
3727.0217,0.08072564,303,4,4,0,NaN,NaN,NaN,4,2,3,NaN,NaN,NaN,1
5176.4695,-0.01337335,303,4,4,1,NaN,NaN,NaN,4,0,4,NaN,NaN,NaN,1
3496.129,-0.08650519,303,4,4,1,NaN,NaN,NaN,4,2,2,NaN,NaN,NaN,1
0.2608,2.678052,303,4,4,0,NaN,NaN,NaN,4,4,1,NaN,NaN,NaN,1
11362.8907,2.040833,303,5,2,4,NaN,NaN,NaN,4,2,3,NaN,NaN,NaN,1
7636.1297,0.03401792,303,5,2,4,NaN,NaN,NaN,4,4,1,NaN,NaN,NaN,1
15168.865,-0.161072,303,5,4,2,NaN,NaN,NaN,4,2,3,NaN,NaN,NaN,1
11442.1041,1.344581,303,5,4,2,NaN,NaN,NaN,4,4,1,NaN,NaN,NaN,1
11515.2113,-2.158479,303,5,1,4,NaN,NaN,NaN,4,1,3,NaN,NaN,NaN,1
9368.8643,-0.1425318,303,5,1,4,NaN,NaN,NaN,4,3,1,NaN,NaN,NaN,1
13634.923,0.3146877,303,5,3,2,NaN,NaN,NaN,4,1,3,NaN,NaN,NaN,1
11488.5759,-1.791752,303,5,3,2,NaN,NaN,NaN,4,3,1,NaN,NaN,NaN,1
18441.2715,0.00652628,303,5,5,0,NaN,NaN,NaN,4,1,3,NaN,NaN,NaN,1
16294.9245,0.1058547,303,5,5,0,NaN,NaN,NaN,4,3,1,NaN,NaN,NaN,1
11128.7155,2.179273,303,5,1,5,NaN,NaN,NaN,4,1,4,NaN,NaN,NaN,1
8151.161,0.05592005,303,5,1,5,NaN,NaN,NaN,4,3,2,NaN,NaN,NaN,1
14420.8342,-0.1710851,303,5,3,3,NaN,NaN,NaN,4,1,4,NaN,NaN,NaN,1
11443.2797,1.790864,303,5,3,3,NaN,NaN,NaN,4,3,2,NaN,NaN,NaN,1
19288.6666,-0.003312102,303,5,5,1,NaN,NaN,NaN,4,1,4,NaN,NaN,NaN,1
16311.1121,-0.1056855,303,5,5,1,NaN,NaN,NaN,4,3,2,NaN,NaN,NaN,1
1233.9167,-0.6595263,303,5,1,4,NaN,NaN,NaN,5,1,5,NaN,NaN,NaN,1
3353.6284,-0.1379427,303,5,3,2,NaN,NaN,NaN,5,1,5,NaN,NaN,NaN,1
8159.9769,-0.002972894,303,5,5,0,NaN,NaN,NaN,5,1,5,NaN,NaN,NaN,1
2058.2019,0.3909321,303,5,3,3,NaN,NaN,NaN,5,1,4,NaN,NaN,NaN,1
61.5097,-1.753624,303,5,3,2,NaN,NaN,NaN,5,3,3,NaN,NaN,NaN,1
4867.8582,-0.07159976,303,5,5,0,NaN,NaN,NaN,5,3,3,NaN,NaN,NaN,1
6926.0343,0.007784372,303,5,5,1,NaN,NaN,NaN,5,1,4,NaN,NaN,NaN,1
4806.3227,0.07209958,303,5,5,1,NaN,NaN,NaN,5,3,2,NaN,NaN,NaN,1
0.0258,-3.023394,303,5,5,0,NaN,NaN,NaN,5,5,1,NaN,NaN,NaN,1
11163.2364,-2.189248,303,5,0,5,NaN,NaN,NaN,4,0,4,NaN,NaN,NaN,1
9482.8959,-0.1626859,303,5,0,5,NaN,NaN,NaN,4,2,2,NaN,NaN,NaN,1
5986.5062,-0.006502624,303,5,0,5,NaN,NaN,NaN,4,4,0,NaN,NaN,NaN,1
13280.4447,0.3098538,303,5,2,3,NaN,NaN,NaN,4,0,4,NaN,NaN,NaN,1
11600.1042,-2.060282,303,5,2,3,NaN,NaN,NaN,4,2,2,NaN,NaN,NaN,1
8103.7144,-0.04016795,303,5,2,3,NaN,NaN,NaN,4,4,0,NaN,NaN,NaN,1
16620.8816,0.02646833,303,5,4,1,NaN,NaN,NaN,4,0,4,NaN,NaN,NaN,1
14940.5411,0.1722967,303,5,4,1,NaN,NaN,NaN,4,2,2,NaN,NaN,NaN,1
11444.1514,-1.344585,303,5,4,1,NaN,NaN,NaN,4,4,0,NaN,NaN,NaN,1
1649.3628,0.5749455,303,5,2,4,NaN,NaN,NaN,5,0,5,NaN,NaN,NaN,1
5455.3371,0.02624792,303,5,4,2,NaN,NaN,NaN,5,0,5,NaN,NaN,NaN,1
467.8455,-1.086052,303,5,2,3,NaN,NaN,NaN,5,2,4,NaN,NaN,NaN,1
3338.1288,0.1616079,303,5,4,2,NaN,NaN,NaN,5,2,3,NaN,NaN,NaN,1
3808.2824,-0.1365362,303,5,4,1,NaN,NaN,NaN,5,2,4,NaN,NaN,NaN,1
2.3081,-2.403709,303,5,4,1,NaN,NaN,NaN,5,4,2,NaN,NaN,NaN,1
13349.3782,2.403181,303,6,0,6,NaN,NaN,NaN,5,0,5,NaN,NaN,NaN,1
11232.1699,0.1372452,303,6,0,6,NaN,NaN,NaN,5,2,3,NaN,NaN,NaN,1
7891.733,0.01210331,303,6,0,6,NaN,NaN,NaN,5,4,1,NaN,NaN,NaN,1
16046.7404,-0.2695593,303,6,2,4,NaN,NaN,NaN,5,0,5,NaN,NaN,NaN,1
13929.5321,2.318321,303,6,2,4,NaN,NaN,NaN,5,2,3,NaN,NaN,NaN,1
10589.0952,0.08480183,303,6,2,4,NaN,NaN,NaN,5,4,1,NaN,NaN,NaN,1
19207.6588,-0.03861641,303,6,4,2,NaN,NaN,NaN,5,0,5,NaN,NaN,NaN,1
17090.4505,-0.241929,303,6,4,2,NaN,NaN,NaN,5,2,3,NaN,NaN,NaN,1
13750.0136,1.829469,303,6,4,2,NaN,NaN,NaN,5,4,1,NaN,NaN,NaN,1
25269.1258,-0.0005699035,303,6,6,0,NaN,NaN,NaN,5,0,5,NaN,NaN,NaN,1
23151.9176,-0.003519251,303,6,6,0,NaN,NaN,NaN,5,2,3,NaN,NaN,NaN,1
19811.4807,-0.1046528,303,6,6,0,NaN,NaN,NaN,5,4,1,NaN,NaN,NaN,1
13331.4267,-2.399915,303,6,1,6,NaN,NaN,NaN,5,1,5,NaN,NaN,NaN,1
10039.308,-0.06785221,303,6,1,6,NaN,NaN,NaN,5,3,3,NaN,NaN,NaN,1
5171.4756,-0.00131941,303,6,1,6,NaN,NaN,NaN,5,5,1,NaN,NaN,NaN,1
17022.0733,0.1843783,303,6,3,4,NaN,NaN,NaN,5,1,5,NaN,NaN,NaN,1
13729.9546,-2.121399,303,6,3,4,NaN,NaN,NaN,5,3,3,NaN,NaN,NaN,1
8862.1222,-0.02788679,303,6,3,4,NaN,NaN,NaN,5,5,1,NaN,NaN,NaN,1
21888.4702,0.006605492,303,6,5,2,NaN,NaN,NaN,5,1,5,NaN,NaN,NaN,1
18596.3515,0.1595248,303,6,5,2,NaN,NaN,NaN,5,3,3,NaN,NaN,NaN,1
13728.5191,-1.357155,303,6,5,2,NaN,NaN,NaN,5,5,1,NaN,NaN,NaN,1
13742.9946,2.360088,303,6,1,5,NaN,NaN,NaN,5,1,4,NaN,NaN,NaN,1
11623.2829,0.2122762,303,6,1,5,NaN,NaN,NaN,5,3,2,NaN,NaN,NaN,1
6816.9344,0.004515484,303,6,1,5,NaN,NaN,NaN,5,5,0,NaN,NaN,NaN,1
15956.0256,-0.4030796,303,6,3,3,NaN,NaN,NaN,5,1,4,NaN,NaN,NaN,1
13836.314,2.126102,303,6,3,3,NaN,NaN,NaN,5,3,2,NaN,NaN,NaN,1
9029.9655,0.02854123,303,6,3,3,NaN,NaN,NaN,5,5,0,NaN,NaN,NaN,1
20654.834,-0.01728956,303,6,5,1,NaN,NaN,NaN,5,1,4,NaN,NaN,NaN,1
18535.1223,-0.1606176,303,6,5,1,NaN,NaN,NaN,5,3,2,NaN,NaN,NaN,1
13728.7738,1.357156,303,6,5,1,NaN,NaN,NaN,5,5,0,NaN,NaN,NaN,1
1645.4846,0.6487941,303,6,1,5,NaN,NaN,NaN,6,1,6,NaN,NaN,NaN,1
2045.162,-0.5417301,303,6,3,4,NaN,NaN,NaN,6,1,5,NaN,NaN,NaN,1
6911.5589,-0.02027896,303,6,5,2,NaN,NaN,NaN,6,1,5,NaN,NaN,NaN,1
3858.5157,0.1301917,303,6,3,3,NaN,NaN,NaN,6,1,6,NaN,NaN,NaN,1
167.8691,1.552869,303,6,3,3,NaN,NaN,NaN,6,3,4,NaN,NaN,NaN,1
4698.5278,-0.1280357,303,6,5,2,NaN,NaN,NaN,6,3,3,NaN,NaN,NaN,1
8557.3241,0.005923031,303,6,5,1,NaN,NaN,NaN,6,1,6,NaN,NaN,NaN,1
4866.6774,0.1250772,303,6,5,1,NaN,NaN,NaN,6,3,4,NaN,NaN,NaN,1
0.2806,2.767326,303,6,5,1,NaN,NaN,NaN,6,5,2,NaN,NaN,NaN,1
13604.8078,-2.294027,303,6,2,5,NaN,NaN,NaN,5,2,4,NaN,NaN,NaN,1
9798.8334,-0.06158983,303,6,2,5,NaN,NaN,NaN,5,4,2,NaN,NaN,NaN,1
17547.0959,0.2063044,303,6,4,3,NaN,NaN,NaN,5,2,4,NaN,NaN,NaN,1
13741.1216,-1.829424,303,6,4,3,NaN,NaN,NaN,5,4,2,NaN,NaN,NaN,1
23619.7607,0.002979385,303,6,6,1,NaN,NaN,NaN,5,2,4,NaN,NaN,NaN,1
19813.7863,0.1046399,303,6,6,1,NaN,NaN,NaN,5,4,2,NaN,NaN,NaN,1
1904.7923,-0.6170429,303,6,2,5,NaN,NaN,NaN,6,0,6,NaN,NaN,NaN,1
792.5698,0.9738587,303,6,2,4,NaN,NaN,NaN,6,2,5,NaN,NaN,NaN,1
3953.4882,0.1825816,303,6,4,2,NaN,NaN,NaN,6,2,5,NaN,NaN,NaN,1
10014.9553,0.002701572,303,6,6,0,NaN,NaN,NaN,6,2,5,NaN,NaN,NaN,1
5847.0804,-0.03668683,303,6,4,3,NaN,NaN,NaN,6,0,6,NaN,NaN,NaN,1
3149.7183,-0.2544088,303,6,4,3,NaN,NaN,NaN,6,2,4,NaN,NaN,NaN,1
11.2001,2.185904,303,6,4,2,NaN,NaN,NaN,6,4,3,NaN,NaN,NaN,1
6072.6672,0.06400252,303,6,6,0,NaN,NaN,NaN,6,4,3,NaN,NaN,NaN,1
11919.7452,-0.0005331699,303,6,6,1,NaN,NaN,NaN,6,0,6,NaN,NaN,NaN,1
9222.383,-0.003729157,303,6,6,1,NaN,NaN,NaN,6,2,4,NaN,NaN,NaN,1
6061.4647,-0.06404349,303,6,6,1,NaN,NaN,NaN,6,4,2,NaN,NaN,NaN,1
0.0024,3.334425,303,6,6,0,NaN,NaN,NaN,6,6,1,NaN,NaN,NaN,1
15833.5535,2.512488,303,7,2,6,NaN,NaN,NaN,6,2,5,NaN,NaN,NaN,1
11891.2654,0.08598996,303,7,2,6,NaN,NaN,NaN,6,4,3,NaN,NaN,NaN,1
5818.6006,0.001248364,303,7,2,6,NaN,NaN,NaN,6,6,1,NaN,NaN,NaN,1
19984.6403,-0.2419142,303,7,4,4,NaN,NaN,NaN,6,2,5,NaN,NaN,NaN,1
16042.3522,2.174974,303,7,4,4,NaN,NaN,NaN,6,4,3,NaN,NaN,NaN,1
9969.6874,0.02285764,303,7,4,4,NaN,NaN,NaN,6,6,1,NaN,NaN,NaN,1
26029.5385,-0.006580705,303,7,6,2,NaN,NaN,NaN,6,2,5,NaN,NaN,NaN,1
22087.2504,-0.1562047,303,7,6,2,NaN,NaN,NaN,6,4,3,NaN,NaN,NaN,1
16014.5856,1.36602,303,7,6,2,NaN,NaN,NaN,6,6,1,NaN,NaN,NaN,1
15938.3419,-2.543778,303,7,1,6,NaN,NaN,NaN,6,1,5,NaN,NaN,NaN,1
13725.3108,-0.2489541,303,7,1,6,NaN,NaN,NaN,6,3,3,NaN,NaN,NaN,1
9026.5024,-0.01113919,303,7,1,6,NaN,NaN,NaN,6,5,1,NaN,NaN,NaN,1
18415.2286,0.4451551,303,7,3,4,NaN,NaN,NaN,6,1,5,NaN,NaN,NaN,1
16202.1975,-2.400975,303,7,3,4,NaN,NaN,NaN,6,3,3,NaN,NaN,NaN,1
11503.3892,-0.05709372,303,7,3,4,NaN,NaN,NaN,6,5,1,NaN,NaN,NaN,1
22941.0095,0.0333582,303,7,5,2,NaN,NaN,NaN,6,1,5,NaN,NaN,NaN,1
20727.9784,0.2121072,303,7,5,2,NaN,NaN,NaN,6,3,3,NaN,NaN,NaN,1
16029.17,-1.855825,303,7,5,2,NaN,NaN,NaN,6,5,1,NaN,NaN,NaN,1
30232.7718,0.0003802975,303,7,7,0,NaN,NaN,NaN,6,1,5,NaN,NaN,NaN,1
28019.7407,0.002403545,303,7,7,0,NaN,NaN,NaN,6,3,3,NaN,NaN,NaN,1
23320.9324,0.1038673,303,7,7,0,NaN,NaN,NaN,6,5,1,NaN,NaN,NaN,1
15529.9606,2.60052,303,7,1,7,NaN,NaN,NaN,6,1,6,NaN,NaN,NaN,1
11839.3139,0.07272939,303,7,1,7,NaN,NaN,NaN,6,3,4,NaN,NaN,NaN,1
6972.9171,0.002618524,303,7,1,7,NaN,NaN,NaN,6,5,2,NaN,NaN,NaN,1
19698.0469,-0.1873039,303,7,3,5,NaN,NaN,NaN,6,1,6,NaN,NaN,NaN,1
16007.4002,2.386646,303,7,3,5,NaN,NaN,NaN,6,3,4,NaN,NaN,NaN,1
11141.0034,0.05355296,303,7,3,5,NaN,NaN,NaN,6,5,2,NaN,NaN,NaN,1
24584.846,-0.009764574,303,7,5,3,NaN,NaN,NaN,6,1,6,NaN,NaN,NaN,1
20894.1994,-0.2073652,303,7,5,3,NaN,NaN,NaN,6,3,4,NaN,NaN,NaN,1
16027.8025,1.855822,303,7,5,3,NaN,NaN,NaN,6,5,2,NaN,NaN,NaN,1
28187.6096,-0.002348377,303,7,7,1,NaN,NaN,NaN,6,3,4,NaN,NaN,NaN,1
23321.2127,-0.1038663,303,7,7,1,NaN,NaN,NaN,6,5,2,NaN,NaN,NaN,1
2053.8659,-0.6505186,303,7,1,6,NaN,NaN,NaN,7,1,7,NaN,NaN,NaN,1
4530.7527,-0.1083816,303,7,3,4,NaN,NaN,NaN,7,1,7,NaN,NaN,NaN,1
9056.5335,-0.00867982,303,7,5,2,NaN,NaN,NaN,7,1,7,NaN,NaN,NaN,1
2114.2204,0.6717498,303,7,3,5,NaN,NaN,NaN,7,1,6,NaN,NaN,NaN,1
362.6663,-1.375158,303,7,3,4,NaN,NaN,NaN,7,3,5,NaN,NaN,NaN,1
4888.4472,-0.1771409,303,7,5,2,NaN,NaN,NaN,7,3,5,NaN,NaN,NaN,1
12180.2095,-0.002023534,303,7,7,0,NaN,NaN,NaN,7,3,5,NaN,NaN,NaN,1
7001.0195,0.03700887,303,7,5,3,NaN,NaN,NaN,7,1,6,NaN,NaN,NaN,1
4524.1328,0.1890531,303,7,5,3,NaN,NaN,NaN,7,3,4,NaN,NaN,NaN,1
1.6481,-2.558524,303,7,5,2,NaN,NaN,NaN,7,5,3,NaN,NaN,NaN,1
7293.4104,-0.05828211,303,7,7,0,NaN,NaN,NaN,7,5,3,NaN,NaN,NaN,1
14294.4297,0.0004211905,303,7,7,1,NaN,NaN,NaN,7,1,6,NaN,NaN,NaN,1
11817.543,0.002157758,303,7,7,1,NaN,NaN,NaN,7,3,4,NaN,NaN,NaN,1
7291.7621,0.05828549,303,7,7,1,NaN,NaN,NaN,7,5,2,NaN,NaN,NaN,1
0.0002,-3.61958,303,7,7,0,NaN,NaN,NaN,7,7,1,NaN,NaN,NaN,1
15538.4074,-2.601593,303,7,0,7,NaN,NaN,NaN,6,0,6,NaN,NaN,NaN,1
12841.0453,-0.1108997,303,7,0,7,NaN,NaN,NaN,6,2,4,NaN,NaN,NaN,1
9680.1269,-0.01623801,303,7,0,7,NaN,NaN,NaN,6,4,2,NaN,NaN,NaN,1
18928.113,0.2309277,303,7,2,5,NaN,NaN,NaN,6,0,6,NaN,NaN,NaN,1
16230.7508,-2.532636,303,7,2,5,NaN,NaN,NaN,6,2,4,NaN,NaN,NaN,1
13069.8324,-0.1442773,303,7,2,5,NaN,NaN,NaN,6,4,2,NaN,NaN,NaN,1
7008.3653,-0.002118534,303,7,2,5,NaN,NaN,NaN,6,6,0,NaN,NaN,NaN,1
21928.4964,0.04512294,303,7,4,3,NaN,NaN,NaN,6,0,6,NaN,NaN,NaN,1
19231.1342,0.3252278,303,7,4,3,NaN,NaN,NaN,6,2,4,NaN,NaN,NaN,1
16070.2158,-2.175293,303,7,4,3,NaN,NaN,NaN,6,4,2,NaN,NaN,NaN,1
10008.7488,-0.02291396,303,7,4,3,NaN,NaN,NaN,6,6,0,NaN,NaN,NaN,1
27934.3617,0.001298677,303,7,6,1,NaN,NaN,NaN,6,0,6,NaN,NaN,NaN,1
25236.9996,0.009083515,303,7,6,1,NaN,NaN,NaN,6,2,4,NaN,NaN,NaN,1
22076.0812,0.1563031,303,7,6,1,NaN,NaN,NaN,6,4,2,NaN,NaN,NaN,1
16014.6141,-1.36602,303,7,6,1,NaN,NaN,NaN,6,6,0,NaN,NaN,NaN,1
2199.9384,0.639585,303,7,2,6,NaN,NaN,NaN,7,0,7,NaN,NaN,NaN,1
6351.0252,0.0428758,303,7,4,4,NaN,NaN,NaN,7,0,7,NaN,NaN,NaN,1
12395.9234,0.001176775,303,7,6,2,NaN,NaN,NaN,7,0,7,NaN,NaN,NaN,1
1189.7671,-0.9060335,303,7,2,5,NaN,NaN,NaN,7,2,6,NaN,NaN,NaN,1
2961.3196,0.3718352,303,7,4,4,NaN,NaN,NaN,7,2,5,NaN,NaN,NaN,1
9006.2179,0.01040111,303,7,6,2,NaN,NaN,NaN,7,2,5,NaN,NaN,NaN,1
4190.1505,-0.2121673,303,7,4,3,NaN,NaN,NaN,7,2,6,NaN,NaN,NaN,1
39.0638,-1.997975,303,7,4,3,NaN,NaN,NaN,7,4,4,NaN,NaN,NaN,1
6005.8345,0.1124359,303,7,6,2,NaN,NaN,NaN,7,4,3,NaN,NaN,NaN,1
10196.0159,-0.006128736,303,7,6,1,NaN,NaN,NaN,7,2,6,NaN,NaN,NaN,1
6044.9291,-0.1121579,303,7,6,1,NaN,NaN,NaN,7,4,4,NaN,NaN,NaN,1
0.0309,-3.093161,303,7,6,1,NaN,NaN,NaN,7,6,2,NaN,NaN,NaN,1
17729.8831,2.78658,303,8,0,8,NaN,NaN,NaN,7,0,7,NaN,NaN,NaN,1
14340.1775,0.09120781,303,8,0,8,NaN,NaN,NaN,7,2,5,NaN,NaN,NaN,1
11339.7941,0.01806331,303,8,0,8,NaN,NaN,NaN,7,4,3,NaN,NaN,NaN,1
5333.9288,0.0005200103,303,8,0,8,NaN,NaN,NaN,7,6,1,NaN,NaN,NaN,1
21885.1104,-0.2029482,303,8,2,6,NaN,NaN,NaN,7,0,7,NaN,NaN,NaN,1
18495.4049,2.714486,303,8,2,6,NaN,NaN,NaN,7,2,5,NaN,NaN,NaN,1
15495.0215,0.2154927,303,8,2,6,NaN,NaN,NaN,7,4,3,NaN,NaN,NaN,1
9489.1561,0.006135117,303,8,2,6,NaN,NaN,NaN,7,6,1,NaN,NaN,NaN,1
24801.6986,-0.0449833,303,8,4,4,NaN,NaN,NaN,7,0,7,NaN,NaN,NaN,1
21411.9931,-0.4186171,303,8,4,4,NaN,NaN,NaN,7,2,5,NaN,NaN,NaN,1
18411.6096,2.454079,303,8,4,4,NaN,NaN,NaN,7,4,3,NaN,NaN,NaN,1
12405.7443,0.04498491,303,8,4,4,NaN,NaN,NaN,7,6,1,NaN,NaN,NaN,1
30708.9871,-0.00210878,303,8,6,2,NaN,NaN,NaN,7,0,7,NaN,NaN,NaN,1
27319.2816,-0.01864023,303,8,6,2,NaN,NaN,NaN,7,2,5,NaN,NaN,NaN,1
24318.8981,-0.2023231,303,8,6,2,NaN,NaN,NaN,7,4,3,NaN,NaN,NaN,1
18313.0328,1.875228,303,8,6,2,NaN,NaN,NaN,7,6,1,NaN,NaN,NaN,1
32834.8901,-0.001877587,303,8,8,0,NaN,NaN,NaN,7,4,3,NaN,NaN,NaN,1
26829.0247,-0.1033008,303,8,8,0,NaN,NaN,NaN,7,6,1,NaN,NaN,NaN,1
17726.1518,-2.786223,303,8,1,8,NaN,NaN,NaN,7,1,7,NaN,NaN,NaN,1
13558.0655,-0.07288243,303,8,1,8,NaN,NaN,NaN,7,3,5,NaN,NaN,NaN,1
8671.2663,-0.003817781,303,8,1,8,NaN,NaN,NaN,7,5,3,NaN,NaN,NaN,1
22440.2341,0.1838792,303,8,3,6,NaN,NaN,NaN,7,1,7,NaN,NaN,NaN,1
18272.1478,-2.612224,303,8,3,6,NaN,NaN,NaN,7,3,5,NaN,NaN,NaN,1
13385.3487,-0.08069364,303,8,3,6,NaN,NaN,NaN,7,5,3,NaN,NaN,NaN,1
6091.9385,-0.0009175895,303,8,3,6,NaN,NaN,NaN,7,7,1,NaN,NaN,NaN,1
27386.3551,0.01220328,303,8,5,4,NaN,NaN,NaN,7,1,7,NaN,NaN,NaN,1
23218.2688,0.2514408,303,8,5,4,NaN,NaN,NaN,7,3,5,NaN,NaN,NaN,1
18331.4697,-2.212722,303,8,5,4,NaN,NaN,NaN,7,5,3,NaN,NaN,NaN,1
11038.0595,-0.01925303,303,8,5,4,NaN,NaN,NaN,7,7,1,NaN,NaN,NaN,1
30480.9734,0.005327141,303,8,7,2,NaN,NaN,NaN,7,3,5,NaN,NaN,NaN,1
25594.1743,0.1536567,303,8,7,2,NaN,NaN,NaN,7,5,3,NaN,NaN,NaN,1
18300.7641,-1.372615,303,8,7,2,NaN,NaN,NaN,7,7,1,NaN,NaN,NaN,1
18117.5232,2.720788,303,8,1,7,NaN,NaN,NaN,7,1,6,NaN,NaN,NaN,1
15640.6365,0.241483,303,8,1,7,NaN,NaN,NaN,7,3,4,NaN,NaN,NaN,1
11114.8556,0.01904119,303,8,1,7,NaN,NaN,NaN,7,5,2,NaN,NaN,NaN,1
21043.3049,-0.4312161,303,8,3,5,NaN,NaN,NaN,7,1,6,NaN,NaN,NaN,1
18566.4182,2.639222,303,8,3,5,NaN,NaN,NaN,7,3,4,NaN,NaN,NaN,1
14040.6373,0.09332983,303,8,3,5,NaN,NaN,NaN,7,5,2,NaN,NaN,NaN,1
6748.875,0.001062447,303,8,3,5,NaN,NaN,NaN,7,7,0,NaN,NaN,NaN,1
25339.4035,-0.05156362,303,8,5,3,NaN,NaN,NaN,7,1,6,NaN,NaN,NaN,1
22862.5168,-0.2674014,303,8,5,3,NaN,NaN,NaN,7,3,4,NaN,NaN,NaN,1
18336.7359,2.212742,303,8,5,3,NaN,NaN,NaN,7,5,2,NaN,NaN,NaN,1
11044.9736,0.01925795,303,8,5,3,NaN,NaN,NaN,7,7,0,NaN,NaN,NaN,1
32595.197,-0.001108815,303,8,7,1,NaN,NaN,NaN,7,1,6,NaN,NaN,NaN,1
30118.3102,-0.005680487,303,8,7,1,NaN,NaN,NaN,7,3,4,NaN,NaN,NaN,1
25592.5294,-0.1536655,303,8,7,1,NaN,NaN,NaN,7,5,2,NaN,NaN,NaN,1
18300.767,1.372615,303,8,7,1,NaN,NaN,NaN,7,7,0,NaN,NaN,NaN,1
2445.2374,0.655965,303,8,1,7,NaN,NaN,NaN,8,1,8,NaN,NaN,NaN,1
2268.845,-0.7643483,303,8,3,6,NaN,NaN,NaN,8,1,7,NaN,NaN,NaN,1
7214.9659,-0.05384597,303,8,5,4,NaN,NaN,NaN,8,1,7,NaN,NaN,NaN,1
14477.6706,-0.001149902,303,8,7,2,NaN,NaN,NaN,8,1,7,NaN,NaN,NaN,1
5371.019,0.08439967,303,8,3,5,NaN,NaN,NaN,8,1,8,NaN,NaN,NaN,1
656.9367,1.22912,303,8,3,5,NaN,NaN,NaN,8,3,6,NaN,NaN,NaN,1
4289.1843,-0.2617042,303,8,5,4,NaN,NaN,NaN,8,3,5,NaN,NaN,NaN,1
11551.8889,-0.005627121,303,8,7,2,NaN,NaN,NaN,8,3,5,NaN,NaN,NaN,1
9667.1177,0.01069626,303,8,5,3,NaN,NaN,NaN,8,1,8,NaN,NaN,NaN,1
4953.0353,0.2252017,303,8,5,3,NaN,NaN,NaN,8,3,6,NaN,NaN,NaN,1
6.9144,2.379216,303,8,5,3,NaN,NaN,NaN,8,5,4,NaN,NaN,NaN,1
7255.7903,-0.1019627,303,8,7,2,NaN,NaN,NaN,8,5,3,NaN,NaN,NaN,1
12208.8288,0.004859888,303,8,7,1,NaN,NaN,NaN,8,3,6,NaN,NaN,NaN,1
7262.7078,0.1019365,303,8,7,1,NaN,NaN,NaN,8,5,4,NaN,NaN,NaN,1
0.0032,3.390756,303,8,7,1,NaN,NaN,NaN,8,7,2,NaN,NaN,NaN,1
18050.5623,-2.708133,303,8,2,7,NaN,NaN,NaN,7,2,6,NaN,NaN,NaN,1
13899.4755,-0.1043412,303,8,2,7,NaN,NaN,NaN,7,4,4,NaN,NaN,NaN,1
7854.5773,-0.002859306,303,8,2,7,NaN,NaN,NaN,7,6,2,NaN,NaN,NaN,1
22493.607,0.2662483,303,8,4,5,NaN,NaN,NaN,7,2,6,NaN,NaN,NaN,1
18342.5202,-2.452393,303,8,4,5,NaN,NaN,NaN,7,4,4,NaN,NaN,NaN,1
12297.622,-0.04462452,303,8,4,5,NaN,NaN,NaN,7,6,2,NaN,NaN,NaN,1
28508.8361,0.01098579,303,8,6,3,NaN,NaN,NaN,7,2,6,NaN,NaN,NaN,1
24357.7493,0.2018359,303,8,6,3,NaN,NaN,NaN,7,4,4,NaN,NaN,NaN,1
18312.8511,-1.875227,303,8,6,3,NaN,NaN,NaN,7,6,2,NaN,NaN,NaN,1
32873.9538,0.001872968,303,8,8,1,NaN,NaN,NaN,7,4,4,NaN,NaN,NaN,1
26829.0556,0.1033008,303,8,8,1,NaN,NaN,NaN,7,6,2,NaN,NaN,NaN,1
2520.6176,-0.6522905,303,8,2,7,NaN,NaN,NaN,8,0,8,NaN,NaN,NaN,1
1634.6098,0.8740152,303,8,2,6,NaN,NaN,NaN,8,2,7,NaN,NaN,NaN,1
4551.1979,0.2190002,303,8,4,4,NaN,NaN,NaN,8,2,7,NaN,NaN,NaN,1
10458.4864,0.01030846,303,8,6,2,NaN,NaN,NaN,8,2,7,NaN,NaN,NaN,1
6963.6623,-0.04496472,303,8,4,5,NaN,NaN,NaN,8,0,8,NaN,NaN,NaN,1
2808.4349,-0.5128134,303,8,4,5,NaN,NaN,NaN,8,2,6,NaN,NaN,NaN,1
108.1532,1.82275,303,8,4,4,NaN,NaN,NaN,8,4,5,NaN,NaN,NaN,1
6015.4417,0.1606697,303,8,6,2,NaN,NaN,NaN,8,4,5,NaN,NaN,NaN,1
14531.4337,0.001498194,303,8,8,0,NaN,NaN,NaN,8,4,5,NaN,NaN,NaN,1
12978.8914,-0.001875266,303,8,6,3,NaN,NaN,NaN,8,0,8,NaN,NaN,NaN,1
8823.664,-0.02212355,303,8,6,3,NaN,NaN,NaN,8,2,6,NaN,NaN,NaN,1
5907.0759,-0.1619817,303,8,6,3,NaN,NaN,NaN,8,4,4,NaN,NaN,NaN,1
0.2126,2.891724,303,8,6,2,NaN,NaN,NaN,8,6,3,NaN,NaN,NaN,1
8516.2046,0.05385655,303,8,8,0,NaN,NaN,NaN,8,6,3,NaN,NaN,NaN,1
14423.2804,-0.001510317,303,8,8,1,NaN,NaN,NaN,8,4,4,NaN,NaN,NaN,1
8515.9919,-0.05385682,303,8,8,1,NaN,NaN,NaN,8,6,2,NaN,NaN,NaN,1
0,3.884333,303,8,8,0,NaN,NaN,NaN,8,8,1,NaN,NaN,NaN,1
20258.4004,2.887823,303,9,2,8,NaN,NaN,NaN,8,2,7,NaN,NaN,NaN,1
15815.3557,0.1153475,303,9,2,8,NaN,NaN,NaN,8,4,5,NaN,NaN,NaN,1
9800.1266,0.004801667,303,9,2,8,NaN,NaN,NaN,8,6,3,NaN,NaN,NaN,1
25080.3099,-0.279111,303,9,4,6,NaN,NaN,NaN,8,2,7,NaN,NaN,NaN,1
20637.2652,2.688151,303,9,4,6,NaN,NaN,NaN,8,4,5,NaN,NaN,NaN,1
14622.0361,0.06904784,303,9,4,6,NaN,NaN,NaN,8,6,3,NaN,NaN,NaN,1
6105.8316,0.0006426729,303,9,4,6,NaN,NaN,NaN,8,8,1,NaN,NaN,NaN,1
31073.5476,-0.01563176,303,9,6,4,NaN,NaN,NaN,8,2,7,NaN,NaN,NaN,1
26630.5029,-0.2453136,303,9,6,4,NaN,NaN,NaN,8,4,5,NaN,NaN,NaN,1
20615.2738,2.241234,303,9,6,4,NaN,NaN,NaN,8,6,3,NaN,NaN,NaN,1
12099.0693,0.01662179,303,9,6,4,NaN,NaN,NaN,8,8,1,NaN,NaN,NaN,1
35118.4847,-0.004218174,303,9,8,2,NaN,NaN,NaN,8,4,5,NaN,NaN,NaN,1
29103.2557,-0.151809,303,9,8,2,NaN,NaN,NaN,8,6,3,NaN,NaN,NaN,1
20587.0511,1.377716,303,9,8,2,NaN,NaN,NaN,8,8,1,NaN,NaN,NaN,1
20295.7936,-2.892566,303,9,1,8,NaN,NaN,NaN,8,1,7,NaN,NaN,NaN,1
17370.0119,-0.2090366,303,9,1,8,NaN,NaN,NaN,8,3,5,NaN,NaN,NaN,1
13073.9133,-0.02618424,303,9,1,8,NaN,NaN,NaN,8,5,3,NaN,NaN,NaN,1
5818.1199,-0.0005632437,303,9,1,8,NaN,NaN,NaN,8,7,1,NaN,NaN,NaN,1
23834.4855,0.3871042,303,9,3,6,NaN,NaN,NaN,8,1,7,NaN,NaN,NaN,1
20908.7039,-2.845818,303,9,3,6,NaN,NaN,NaN,8,3,5,NaN,NaN,NaN,1
16612.6052,-0.1409452,303,9,3,6,NaN,NaN,NaN,8,5,3,NaN,NaN,NaN,1
9356.8118,-0.003019144,303,9,3,6,NaN,NaN,NaN,8,7,1,NaN,NaN,NaN,1
27876.7981,0.06651621,303,9,5,4,NaN,NaN,NaN,8,1,7,NaN,NaN,NaN,1
24951.0164,0.3331254,303,9,5,4,NaN,NaN,NaN,8,3,5,NaN,NaN,NaN,1
20654.9178,-2.499597,303,9,5,4,NaN,NaN,NaN,8,5,3,NaN,NaN,NaN,1
13399.1244,-0.03776738,303,9,5,4,NaN,NaN,NaN,8,7,1,NaN,NaN,NaN,1
35075.8159,0.002215227,303,9,7,2,NaN,NaN,NaN,8,1,7,NaN,NaN,NaN,1
32150.0342,0.01084059,303,9,7,2,NaN,NaN,NaN,8,3,5,NaN,NaN,NaN,1
27853.9356,0.1969945,303,9,7,2,NaN,NaN,NaN,8,5,3,NaN,NaN,NaN,1
20598.1421,-1.890138,303,9,7,2,NaN,NaN,NaN,8,7,1,NaN,NaN,NaN,1
37592.5717,0.001546633,303,9,9,0,NaN,NaN,NaN,8,5,3,NaN,NaN,NaN,1
30336.7783,0.1028725,303,9,9,0,NaN,NaN,NaN,8,7,1,NaN,NaN,NaN,1
19921.1661,2.960145,303,9,1,9,NaN,NaN,NaN,8,1,8,NaN,NaN,NaN,1
15207.0837,0.07050096,303,9,1,9,NaN,NaN,NaN,8,3,6,NaN,NaN,NaN,1
10260.9628,0.004698733,303,9,1,9,NaN,NaN,NaN,8,5,4,NaN,NaN,NaN,1
25236.3131,-0.1773668,303,9,3,7,NaN,NaN,NaN,8,1,8,NaN,NaN,NaN,1
20522.2307,2.810834,303,9,3,7,NaN,NaN,NaN,8,3,6,NaN,NaN,NaN,1
15576.1097,0.1070537,303,9,3,7,NaN,NaN,NaN,8,5,4,NaN,NaN,NaN,1
8313.4051,0.002282653,303,9,3,7,NaN,NaN,NaN,8,7,2,NaN,NaN,NaN,1
30298.9675,-0.01360734,303,9,5,5,NaN,NaN,NaN,8,1,8,NaN,NaN,NaN,1
25584.8852,-0.2905411,303,9,5,5,NaN,NaN,NaN,8,3,6,NaN,NaN,NaN,1
20638.7642,2.49948,303,9,5,5,NaN,NaN,NaN,8,5,4,NaN,NaN,NaN,1
13376.0596,0.03773254,303,9,5,5,NaN,NaN,NaN,8,7,2,NaN,NaN,NaN,1
37521.0282,-0.0004432927,303,9,7,3,NaN,NaN,NaN,8,1,8,NaN,NaN,NaN,1
32806.9459,-0.00936268,303,9,7,3,NaN,NaN,NaN,8,3,6,NaN,NaN,NaN,1
27860.8249,-0.1969451,303,9,7,3,NaN,NaN,NaN,8,5,4,NaN,NaN,NaN,1
20598.1203,1.890138,303,9,7,3,NaN,NaN,NaN,8,7,2,NaN,NaN,NaN,1
37599.4861,-0.001546238,303,9,9,1,NaN,NaN,NaN,8,5,4,NaN,NaN,NaN,1
30336.7814,-0.1028725,303,9,9,1,NaN,NaN,NaN,8,7,2,NaN,NaN,NaN,1
2819.8649,-0.6614224,303,9,1,8,NaN,NaN,NaN,9,1,9,NaN,NaN,NaN,1
6358.5568,-0.06499542,303,9,3,6,NaN,NaN,NaN,9,1,9,NaN,NaN,NaN,1
10400.8694,-0.01165375,303,9,5,4,NaN,NaN,NaN,9,1,9,NaN,NaN,NaN,1
17599.8872,-0.0003883481,303,9,7,2,NaN,NaN,NaN,9,1,9,NaN,NaN,NaN,1
2495.2821,0.8225176,303,9,3,7,NaN,NaN,NaN,9,1,8,NaN,NaN,NaN,1
1043.4099,-1.122794,303,9,3,6,NaN,NaN,NaN,9,3,7,NaN,NaN,NaN,1
5085.7224,-0.2639525,303,9,5,4,NaN,NaN,NaN,9,3,7,NaN,NaN,NaN,1
12284.7402,-0.008835871,303,9,7,2,NaN,NaN,NaN,9,3,7,NaN,NaN,NaN,1
7557.9365,0.06690793,303,9,5,5,NaN,NaN,NaN,9,1,8,NaN,NaN,NaN,1
4019.2446,0.353553,303,9,5,5,NaN,NaN,NaN,9,3,6,NaN,NaN,NaN,1
23.068,-2.217143,303,9,5,4,NaN,NaN,NaN,9,5,5,NaN,NaN,NaN,1
7222.0857,-0.1459367,303,9,7,2,NaN,NaN,NaN,9,5,5,NaN,NaN,NaN,1
16960.7219,-0.001149573,303,9,9,0,NaN,NaN,NaN,9,5,5,NaN,NaN,NaN,1
14779.9972,0.002180313,303,9,7,3,NaN,NaN,NaN,9,1,8,NaN,NaN,NaN,1
11241.3053,0.01168697,303,9,7,3,NaN,NaN,NaN,9,3,6,NaN,NaN,NaN,1
7198.9927,0.1460726,303,9,7,3,NaN,NaN,NaN,9,5,4,NaN,NaN,NaN,1
0.025,-3.195958,303,9,7,2,NaN,NaN,NaN,9,7,3,NaN,NaN,NaN,1
9738.6612,-0.05030991,303,9,9,0,NaN,NaN,NaN,9,7,3,NaN,NaN,NaN,1
16937.6539,0.001150636,303,9,9,1,NaN,NaN,NaN,9,5,4,NaN,NaN,NaN,1
9738.6361,0.05030993,303,9,9,1,NaN,NaN,NaN,9,7,2,NaN,NaN,NaN,1
0,-4.132476,303,9,9,0,NaN,NaN,NaN,9,9,1,NaN,NaN,NaN,1
19922.7455,-2.960264,303,9,0,9,NaN,NaN,NaN,8,0,8,NaN,NaN,NaN,1
15767.5181,-0.07820951,303,9,0,9,NaN,NaN,NaN,8,2,6,NaN,NaN,NaN,1
12850.93,-0.01747683,303,9,0,9,NaN,NaN,NaN,8,4,4,NaN,NaN,NaN,1
6943.6415,-0.0008195139,303,9,0,9,NaN,NaN,NaN,8,6,2,NaN,NaN,NaN,1
24874.0249,0.1846207,303,9,2,7,NaN,NaN,NaN,8,0,8,NaN,NaN,NaN,1
20718.7976,-2.873775,303,9,2,7,NaN,NaN,NaN,8,2,6,NaN,NaN,NaN,1
17802.2094,-0.2811412,303,9,2,7,NaN,NaN,NaN,8,4,4,NaN,NaN,NaN,1
11894.9209,-0.01295443,303,9,2,7,NaN,NaN,NaN,8,6,2,NaN,NaN,NaN,1
27849.61,0.03951187,303,9,4,5,NaN,NaN,NaN,8,0,8,NaN,NaN,NaN,1
23694.3826,0.500707,303,9,4,5,NaN,NaN,NaN,8,2,6,NaN,NaN,NaN,1
20777.7944,-2.694643,303,9,4,5,NaN,NaN,NaN,8,4,4,NaN,NaN,NaN,1
14870.5059,-0.0706854,303,9,4,5,NaN,NaN,NaN,8,6,2,NaN,NaN,NaN,1
6354.514,-0.0006579773,303,9,4,5,NaN,NaN,NaN,8,8,0,NaN,NaN,NaN,1
33595.2028,0.002840055,303,9,6,3,NaN,NaN,NaN,8,0,8,NaN,NaN,NaN,1
29439.9754,0.03351372,303,9,6,3,NaN,NaN,NaN,8,2,6,NaN,NaN,NaN,1
26523.3873,0.2472377,303,9,6,3,NaN,NaN,NaN,8,4,4,NaN,NaN,NaN,1
20616.0988,-2.241235,303,9,6,3,NaN,NaN,NaN,8,6,2,NaN,NaN,NaN,1
12100.1068,-0.01662221,303,9,6,3,NaN,NaN,NaN,8,8,0,NaN,NaN,NaN,1
37926.92,0.000580041,303,9,8,1,NaN,NaN,NaN,8,2,6,NaN,NaN,NaN,1
35010.3318,0.004252306,303,9,8,1,NaN,NaN,NaN,8,4,4,NaN,NaN,NaN,1
29103.0434,0.1518098,303,9,8,1,NaN,NaN,NaN,8,6,2,NaN,NaN,NaN,1
20587.0514,-1.377716,303,9,8,1,NaN,NaN,NaN,8,8,0,NaN,NaN,NaN,1
2856.2725,0.6601762,303,9,2,8,NaN,NaN,NaN,9,0,9,NaN,NaN,NaN,1
7678.182,0.0440814,303,9,4,6,NaN,NaN,NaN,9,0,9,NaN,NaN,NaN,1
13671.4197,0.002496951,303,9,6,4,NaN,NaN,NaN,9,0,9,NaN,NaN,NaN,1
2095.0069,-0.867479,303,9,2,7,NaN,NaN,NaN,9,2,8,NaN,NaN,NaN,1
2726.9026,0.662839,303,9,4,6,NaN,NaN,NaN,9,2,7,NaN,NaN,NaN,1
8720.1403,0.03946525,303,9,6,4,NaN,NaN,NaN,9,2,7,NaN,NaN,NaN,1
17208.1221,0.0006825747,303,9,8,2,NaN,NaN,NaN,9,2,7,NaN,NaN,NaN,1
5070.5919,-0.2025315,303,9,4,5,NaN,NaN,NaN,9,2,8,NaN,NaN,NaN,1
248.6824,-1.651667,303,9,4,5,NaN,NaN,NaN,9,4,6,NaN,NaN,NaN,1
5744.5553,0.2146339,303,9,6,4,NaN,NaN,NaN,9,4,5,NaN,NaN,NaN,1
14232.5371,0.003722374,303,9,8,2,NaN,NaN,NaN,9,4,5,NaN,NaN,NaN,1
10816.1848,-0.01461182,303,9,6,3,NaN,NaN,NaN,9,2,8,NaN,NaN,NaN,1
5994.2753,-0.2095686,303,9,6,3,NaN,NaN,NaN,9,4,6,NaN,NaN,NaN,1
1.0375,-2.717399,303,9,6,3,NaN,NaN,NaN,9,6,4,NaN,NaN,NaN,1
8486.9443,0.09401512,303,9,8,2,NaN,NaN,NaN,9,6,3,NaN,NaN,NaN,1
14481.2199,-0.003635791,303,9,8,1,NaN,NaN,NaN,9,4,6,NaN,NaN,NaN,1
8487.9821,-0.0940127,303,9,8,1,NaN,NaN,NaN,9,6,4,NaN,NaN,NaN,1
0.0003,-3.666188,303,9,8,1,NaN,NaN,NaN,9,8,2,NaN,NaN,NaN,1
22116.2878,3.124406,303,10,0,10,NaN,NaN,NaN,9,0,9,NaN,NaN,NaN,1
17165.0084,0.06996471,303,10,0,10,NaN,NaN,NaN,9,2,7,NaN,NaN,NaN,1
14189.4233,0.01505089,303,10,0,10,NaN,NaN,NaN,9,4,5,NaN,NaN,NaN,1
8443.8305,0.001082072,303,10,0,10,NaN,NaN,NaN,9,6,3,NaN,NaN,NaN,1
27858.3103,-0.1723695,303,10,2,8,NaN,NaN,NaN,9,0,9,NaN,NaN,NaN,1
22907.0309,3.022471,303,10,2,8,NaN,NaN,NaN,9,2,7,NaN,NaN,NaN,1
19931.4458,0.3143466,303,10,2,8,NaN,NaN,NaN,9,4,5,NaN,NaN,NaN,1
14185.853,0.02213156,303,10,2,8,NaN,NaN,NaN,9,6,3,NaN,NaN,NaN,1
5698.9084,0.0003831005,303,10,2,8,NaN,NaN,NaN,9,8,1,NaN,NaN,NaN,1
31087.6103,-0.03155981,303,10,4,6,NaN,NaN,NaN,9,0,9,NaN,NaN,NaN,1
26136.3309,-0.5400186,303,10,4,6,NaN,NaN,NaN,9,2,7,NaN,NaN,NaN,1
23160.7459,2.912226,303,10,4,6,NaN,NaN,NaN,9,4,5,NaN,NaN,NaN,1
17415.1531,0.1012675,303,10,4,6,NaN,NaN,NaN,9,6,3,NaN,NaN,NaN,1
8928.2085,0.00175048,303,10,4,6,NaN,NaN,NaN,9,8,1,NaN,NaN,NaN,1
36597.564,-0.00337143,303,10,6,4,NaN,NaN,NaN,9,0,9,NaN,NaN,NaN,1
31646.2846,-0.05331617,303,10,6,4,NaN,NaN,NaN,9,2,7,NaN,NaN,NaN,1
28670.6996,-0.2938879,303,10,6,4,NaN,NaN,NaN,9,4,5,NaN,NaN,NaN,1
22925.1068,2.535544,303,10,6,4,NaN,NaN,NaN,9,6,3,NaN,NaN,NaN,1
14438.1622,0.0326278,303,10,6,4,NaN,NaN,NaN,9,8,1,NaN,NaN,NaN,1
40091.852,-0.001400478,303,10,8,2,NaN,NaN,NaN,9,2,7,NaN,NaN,NaN,1
37116.2669,-0.007637471,303,10,8,2,NaN,NaN,NaN,9,4,5,NaN,NaN,NaN,1
31370.6741,-0.1933226,303,10,8,2,NaN,NaN,NaN,9,6,3,NaN,NaN,NaN,1
22883.7295,1.901964,303,10,8,2,NaN,NaN,NaN,9,8,1,NaN,NaN,NaN,1
42331.3366,-0.001314578,303,10,10,0,NaN,NaN,NaN,9,6,3,NaN,NaN,NaN,1
33844.392,-0.1025374,303,10,10,0,NaN,NaN,NaN,9,8,1,NaN,NaN,NaN,1
22115.6394,-3.124366,303,10,1,10,NaN,NaN,NaN,9,1,9,NaN,NaN,NaN,1
16800.4925,-0.0671005,303,10,1,10,NaN,NaN,NaN,9,3,7,NaN,NaN,NaN,1
11737.838,-0.005166242,303,10,1,10,NaN,NaN,NaN,9,5,5,NaN,NaN,NaN,1
28072.5873,0.1698549,303,10,3,8,NaN,NaN,NaN,9,1,9,NaN,NaN,NaN,1
22757.4403,-2.99011,303,10,3,8,NaN,NaN,NaN,9,3,7,NaN,NaN,NaN,1
17694.7859,-0.1299355,303,10,3,8,NaN,NaN,NaN,9,5,5,NaN,NaN,NaN,1
10472.7252,-0.004224474,303,10,3,8,NaN,NaN,NaN,9,7,3,NaN,NaN,NaN,1
33325.4794,0.01397305,303,10,5,6,NaN,NaN,NaN,9,1,9,NaN,NaN,NaN,1
28010.3324,0.3222963,303,10,5,6,NaN,NaN,NaN,9,3,7,NaN,NaN,NaN,1
22947.678,-2.743456,303,10,5,6,NaN,NaN,NaN,9,5,5,NaN,NaN,NaN,1
15725.6173,-0.05873513,303,10,5,6,NaN,NaN,NaN,9,7,3,NaN,NaN,NaN,1
5986.9561,-0.0004621983,303,10,5,6,NaN,NaN,NaN,9,9,1,NaN,NaN,NaN,1
40498.863,0.0006300437,303,10,7,4,NaN,NaN,NaN,9,1,9,NaN,NaN,NaN,1
35183.716,0.01433542,303,10,7,4,NaN,NaN,NaN,9,3,7,NaN,NaN,NaN,1
30121.0615,0.2379295,303,10,7,4,NaN,NaN,NaN,9,5,5,NaN,NaN,NaN,1
22899.0009,-2.263681,303,10,7,4,NaN,NaN,NaN,9,7,3,NaN,NaN,NaN,1
13160.3397,-0.01462545,303,10,7,4,NaN,NaN,NaN,9,9,1,NaN,NaN,NaN,1
39834.1335,0.003433977,303,10,9,2,NaN,NaN,NaN,9,5,5,NaN,NaN,NaN,1
32612.0728,0.1504284,303,10,9,2,NaN,NaN,NaN,9,7,3,NaN,NaN,NaN,1
22873.4116,-1.381779,303,10,9,2,NaN,NaN,NaN,9,9,1,NaN,NaN,NaN,1
22478.9553,3.05748,303,10,1,9,NaN,NaN,NaN,9,1,8,NaN,NaN,NaN,1
18940.2633,0.1740441,303,10,1,9,NaN,NaN,NaN,9,3,6,NaN,NaN,NaN,1
14897.9508,0.03096657,303,10,1,9,NaN,NaN,NaN,9,5,4,NaN,NaN,NaN,1
7698.933,0.001031816,303,10,1,9,NaN,NaN,NaN,9,7,2,NaN,NaN,NaN,1
26754.8781,-0.3413194,303,10,3,7,NaN,NaN,NaN,9,1,8,NaN,NaN,NaN,1
23216.1861,3.023224,303,10,3,7,NaN,NaN,NaN,9,3,6,NaN,NaN,NaN,1
19173.8736,0.2024491,303,10,3,7,NaN,NaN,NaN,9,5,4,NaN,NaN,NaN,1
11974.8558,0.006685552,303,10,3,7,NaN,NaN,NaN,9,7,2,NaN,NaN,NaN,1
30570.1483,-0.07410008,303,10,5,5,NaN,NaN,NaN,9,1,8,NaN,NaN,NaN,1
27031.4564,-0.4135591,303,10,5,5,NaN,NaN,NaN,9,3,6,NaN,NaN,NaN,1
22989.1438,2.744022,303,10,5,5,NaN,NaN,NaN,9,5,4,NaN,NaN,NaN,1
15790.1261,0.05890735,303,10,5,5,NaN,NaN,NaN,9,7,2,NaN,NaN,NaN,1
6051.4899,0.0004635573,303,10,5,5,NaN,NaN,NaN,9,9,0,NaN,NaN,NaN,1
37679.1372,-0.003536764,303,10,7,3,NaN,NaN,NaN,9,1,8,NaN,NaN,NaN,1
34140.4453,-0.01895924,303,10,7,3,NaN,NaN,NaN,9,3,6,NaN,NaN,NaN,1
30098.1328,-0.238144,303,10,7,3,NaN,NaN,NaN,9,5,4,NaN,NaN,NaN,1
22899.115,2.263681,303,10,7,3,NaN,NaN,NaN,9,7,2,NaN,NaN,NaN,1
13160.4788,0.01462548,303,10,7,3,NaN,NaN,NaN,9,9,0,NaN,NaN,NaN,1
39811.0656,-0.003437153,303,10,9,1,NaN,NaN,NaN,9,5,4,NaN,NaN,NaN,1
32612.0478,-0.1504285,303,10,9,1,NaN,NaN,NaN,9,7,2,NaN,NaN,NaN,1
22873.4116,1.381779,303,10,9,1,NaN,NaN,NaN,9,9,0,NaN,NaN,NaN,1
3183.1807,0.6660272,303,10,1,9,NaN,NaN,NaN,10,1,10,NaN,NaN,NaN,1
2773.7672,-0.857648,303,10,3,8,NaN,NaN,NaN,10,1,9,NaN,NaN,NaN,1
8026.6592,-0.07450603,303,10,5,6,NaN,NaN,NaN,10,1,9,NaN,NaN,NaN,1
15200.0428,-0.003360606,303,10,7,4,NaN,NaN,NaN,10,1,9,NaN,NaN,NaN,1
7459.1035,0.05137899,303,10,3,7,NaN,NaN,NaN,10,1,10,NaN,NaN,NaN,1
1502.1557,1.056912,303,10,3,7,NaN,NaN,NaN,10,3,8,NaN,NaN,NaN,1
3750.7364,-0.4702394,303,10,5,6,NaN,NaN,NaN,10,3,7,NaN,NaN,NaN,1
10924.12,-0.0217738,303,10,7,4,NaN,NaN,NaN,10,3,7,NaN,NaN,NaN,1
11274.3738,0.01147492,303,10,5,5,NaN,NaN,NaN,10,1,10,NaN,NaN,NaN,1
5317.4259,0.2864195,303,10,5,5,NaN,NaN,NaN,10,3,8,NaN,NaN,NaN,1
64.5339,2.062433,303,10,5,5,NaN,NaN,NaN,10,5,6,NaN,NaN,NaN,1
7108.8497,-0.1915192,303,10,7,4,NaN,NaN,NaN,10,5,5,NaN,NaN,NaN,1
16821.9217,-0.002779899,303,10,9,2,NaN,NaN,NaN,10,5,5,NaN,NaN,NaN,1
18383.3627,0.0005480928,303,10,7,3,NaN,NaN,NaN,10,1,10,NaN,NaN,NaN,1
12426.4148,0.01375691,303,10,7,3,NaN,NaN,NaN,10,3,8,NaN,NaN,NaN,1
7173.5228,0.1909514,303,10,7,3,NaN,NaN,NaN,10,5,6,NaN,NaN,NaN,1
0.1392,3.025644,303,10,7,3,NaN,NaN,NaN,10,7,4,NaN,NaN,NaN,1
9712.9328,-0.08769282,303,10,9,2,NaN,NaN,NaN,10,7,3,NaN,NaN,NaN,1
16886.4556,0.002771749,303,10,9,1,NaN,NaN,NaN,10,5,6,NaN,NaN,NaN,1
9713.072,0.0876926,303,10,9,1,NaN,NaN,NaN,10,7,4,NaN,NaN,NaN,1
0,3.923638,303,10,9,1,NaN,NaN,NaN,10,9,2,NaN,NaN,NaN,1
22459.9487,-3.05573,303,10,2,9,NaN,NaN,NaN,9,2,8,NaN,NaN,NaN,1
17638.0392,-0.1196031,303,10,2,9,NaN,NaN,NaN,9,4,6,NaN,NaN,NaN,1
11644.8015,-0.006761807,303,10,2,9,NaN,NaN,NaN,9,6,4,NaN,NaN,NaN,1
27744.0041,0.282291,303,10,4,7,NaN,NaN,NaN,9,2,8,NaN,NaN,NaN,1
22922.0946,-2.894999,303,10,4,7,NaN,NaN,NaN,9,4,6,NaN,NaN,NaN,1
16928.8569,-0.09534581,303,10,4,7,NaN,NaN,NaN,9,6,4,NaN,NaN,NaN,1
8440.8751,-0.001647373,303,10,4,7,NaN,NaN,NaN,9,8,2,NaN,NaN,NaN,1
33737.2801,0.01982045,303,10,6,5,NaN,NaN,NaN,9,2,8,NaN,NaN,NaN,1
28915.3706,0.2873396,303,10,6,5,NaN,NaN,NaN,9,4,6,NaN,NaN,NaN,1
22922.1328,-2.535534,303,10,6,5,NaN,NaN,NaN,9,6,4,NaN,NaN,NaN,1
14434.151,-0.03262441,303,10,6,5,NaN,NaN,NaN,9,8,2,NaN,NaN,NaN,1
42186.8561,0.0005189902,303,10,8,3,NaN,NaN,NaN,9,2,8,NaN,NaN,NaN,1
37364.9466,0.007459832,303,10,8,3,NaN,NaN,NaN,9,4,6,NaN,NaN,NaN,1
31371.7089,0.1933177,303,10,8,3,NaN,NaN,NaN,9,6,4,NaN,NaN,NaN,1
22883.7271,-1.901964,303,10,8,3,NaN,NaN,NaN,9,8,2,NaN,NaN,NaN,1
42332.3741,0.001314544,303,10,10,1,NaN,NaN,NaN,9,6,4,NaN,NaN,NaN,1
33844.3923,0.1025374,303,10,10,1,NaN,NaN,NaN,9,8,2,NaN,NaN,NaN,1
3199.9335,-0.6655991,303,10,2,9,NaN,NaN,NaN,10,0,10,NaN,NaN,NaN,1
2542.0891,0.8745167,303,10,2,8,NaN,NaN,NaN,10,2,9,NaN,NaN,NaN,1
5771.3891,0.1710829,303,10,4,6,NaN,NaN,NaN,10,2,9,NaN,NaN,NaN,1
11281.3428,0.01832837,303,10,6,4,NaN,NaN,NaN,10,2,9,NaN,NaN,NaN,1
19726.9101,0.0004816601,303,10,8,2,NaN,NaN,NaN,10,2,9,NaN,NaN,NaN,1
8483.9889,-0.04150889,303,10,4,7,NaN,NaN,NaN,10,0,10,NaN,NaN,NaN,1
2741.9664,-0.7975093,303,10,4,7,NaN,NaN,NaN,10,2,8,NaN,NaN,NaN,1
487.3337,1.489061,303,10,4,6,NaN,NaN,NaN,10,4,7,NaN,NaN,NaN,1
5997.2874,0.2572918,303,10,6,4,NaN,NaN,NaN,10,4,7,NaN,NaN,NaN,1
14442.8547,0.006785521,303,10,8,2,NaN,NaN,NaN,10,4,7,NaN,NaN,NaN,1
14477.2648,-0.002946509,303,10,6,5,NaN,NaN,NaN,10,0,10,NaN,NaN,NaN,1
8735.2423,-0.06024756,303,10,6,5,NaN,NaN,NaN,10,2,8,NaN,NaN,NaN,1
5505.9422,-0.273775,303,10,6,5,NaN,NaN,NaN,10,4,6,NaN,NaN,NaN,1
4.0115,2.561338,303,10,6,4,NaN,NaN,NaN,10,6,5,NaN,NaN,NaN,1
8449.5788,0.134305,303,10,8,2,NaN,NaN,NaN,10,6,5,NaN,NaN,NaN,1
19410.2413,0.0009155429,303,10,10,0,NaN,NaN,NaN,10,6,5,NaN,NaN,NaN,1
17184.8183,-0.001577993,303,10,8,3,NaN,NaN,NaN,10,2,8,NaN,NaN,NaN,1
13955.5183,-0.00721023,303,10,8,3,NaN,NaN,NaN,10,4,6,NaN,NaN,NaN,1
8445.5646,-0.134319,303,10,8,3,NaN,NaN,NaN,10,6,4,NaN,NaN,NaN,1
0.0028,3.477505,303,10,8,2,NaN,NaN,NaN,10,8,3,NaN,NaN,NaN,1
10960.6652,0.04738575,303,10,10,0,NaN,NaN,NaN,10,8,3,NaN,NaN,NaN,1
19406.2298,-0.0009156381,303,10,10,1,NaN,NaN,NaN,10,6,4,NaN,NaN,NaN,1
10960.6624,-0.04738576,303,10,10,1,NaN,NaN,NaN,10,8,2,NaN,NaN,NaN,1
0,4.366759,303,10,10,0,NaN,NaN,NaN,10,10,1,NaN,NaN,NaN,1
24657.6789,3.214427,303,11,2,10,NaN,NaN,NaN,10,2,9,NaN,NaN,NaN,1
19373.6234,0.1188994,303,11,2,10,NaN,NaN,NaN,10,4,7,NaN,NaN,NaN,1
13380.3475,0.008424926,303,11,2,10,NaN,NaN,NaN,10,6,5,NaN,NaN,NaN,1
30477.4182,-0.2787279,303,11,4,8,NaN,NaN,NaN,10,2,9,NaN,NaN,NaN,1
25193.3628,3.080197,303,11,4,8,NaN,NaN,NaN,10,4,7,NaN,NaN,NaN,1
19200.0869,0.1221828,303,11,4,8,NaN,NaN,NaN,10,6,5,NaN,NaN,NaN,1
10750.5108,0.003194403,303,11,4,8,NaN,NaN,NaN,10,8,3,NaN,NaN,NaN,1
36510.5754,-0.02294826,303,11,6,6,NaN,NaN,NaN,10,2,9,NaN,NaN,NaN,1
31226.52,-0.3271426,303,11,6,6,NaN,NaN,NaN,10,4,7,NaN,NaN,NaN,1
25233.2441,2.785869,303,11,6,6,NaN,NaN,NaN,10,6,5,NaN,NaN,NaN,1
16783.668,0.05083842,303,11,6,6,NaN,NaN,NaN,10,8,3,NaN,NaN,NaN,1
5823.0028,0.0003463338,303,11,6,6,NaN,NaN,NaN,10,10,1,NaN,NaN,NaN,1
44910.2959,-0.0008294377,303,11,8,4,NaN,NaN,NaN,10,2,9,NaN,NaN,NaN,1
39626.2405,-0.01168514,303,11,8,4,NaN,NaN,NaN,10,4,7,NaN,NaN,NaN,1
33632.9645,-0.2321314,303,11,8,4,NaN,NaN,NaN,10,6,5,NaN,NaN,NaN,1
25183.3885,2.281846,303,11,8,4,NaN,NaN,NaN,10,8,3,NaN,NaN,NaN,1
14222.7233,0.01305935,303,11,8,4,NaN,NaN,NaN,10,10,1,NaN,NaN,NaN,1
44570.063,-0.002883465,303,11,10,2,NaN,NaN,NaN,10,6,5,NaN,NaN,NaN,1
36120.4869,-0.1493611,303,11,10,2,NaN,NaN,NaN,10,8,3,NaN,NaN,NaN,1
25159.8217,1.385092,303,11,10,2,NaN,NaN,NaN,10,10,1,NaN,NaN,NaN,1
24666.7379,-3.215074,303,11,1,10,NaN,NaN,NaN,10,1,9,NaN,NaN,NaN,1
20390.8151,-0.1464798,303,11,1,10,NaN,NaN,NaN,10,3,7,NaN,NaN,NaN,1
16575.5448,-0.03255816,303,11,1,10,NaN,NaN,NaN,10,5,5,NaN,NaN,NaN,1
9466.5559,-0.001554937,303,11,1,10,NaN,NaN,NaN,10,7,3,NaN,NaN,NaN,1
29756.8317,0.30625,303,11,3,8,NaN,NaN,NaN,10,1,9,NaN,NaN,NaN,1
25480.9089,-3.1757,303,11,3,8,NaN,NaN,NaN,10,3,7,NaN,NaN,NaN,1
21665.6387,-0.2738067,303,11,3,8,NaN,NaN,NaN,10,5,5,NaN,NaN,NaN,1
14556.6498,-0.012873,303,11,3,8,NaN,NaN,NaN,10,7,3,NaN,NaN,NaN,1
33437.0551,0.07305447,303,11,5,6,NaN,NaN,NaN,10,1,9,NaN,NaN,NaN,1
29161.1323,0.5037533,303,11,5,6,NaN,NaN,NaN,10,3,7,NaN,NaN,NaN,1
25345.862,-2.960412,303,11,5,6,NaN,NaN,NaN,10,5,5,NaN,NaN,NaN,1
18236.8731,-0.08271953,303,11,5,6,NaN,NaN,NaN,10,7,3,NaN,NaN,NaN,1
8523.9403,-0.00119826,303,11,5,6,NaN,NaN,NaN,10,9,1,NaN,NaN,NaN,1
40404.4828,0.004852916,303,11,7,4,NaN,NaN,NaN,10,1,9,NaN,NaN,NaN,1
36128.5599,0.03144923,303,11,7,4,NaN,NaN,NaN,10,3,7,NaN,NaN,NaN,1
32313.2897,0.2788458,303,11,7,4,NaN,NaN,NaN,10,5,5,NaN,NaN,NaN,1
25204.3008,-2.564419,303,11,7,4,NaN,NaN,NaN,10,7,3,NaN,NaN,NaN,1
15491.368,-0.02873911,303,11,7,4,NaN,NaN,NaN,10,9,1,NaN,NaN,NaN,1
45806.7686,0.0006847255,303,11,9,2,NaN,NaN,NaN,10,3,7,NaN,NaN,NaN,1
41991.4983,0.006031666,303,11,9,2,NaN,NaN,NaN,10,5,5,NaN,NaN,NaN,1
34882.5094,0.1906081,303,11,9,2,NaN,NaN,NaN,10,7,3,NaN,NaN,NaN,1
25169.5766,-1.911577,303,11,9,2,NaN,NaN,NaN,10,9,1,NaN,NaN,NaN,1
47064.8589,0.001142686,303,11,11,0,NaN,NaN,NaN,10,7,3,NaN,NaN,NaN,1
37351.9261,0.1022683,303,11,11,0,NaN,NaN,NaN,10,9,1,NaN,NaN,NaN,1
24309.8826,3.280378,303,11,1,11,NaN,NaN,NaN,10,1,10,NaN,NaN,NaN,1
18352.9348,0.06352931,303,11,1,11,NaN,NaN,NaN,10,3,8,NaN,NaN,NaN,1
13100.0427,0.00524153,303,11,1,11,NaN,NaN,NaN,10,5,6,NaN,NaN,NaN,1
30936.1979,-0.162432,303,11,3,9,NaN,NaN,NaN,10,1,10,NaN,NaN,NaN,1
24979.25,3.155226,303,11,3,9,NaN,NaN,NaN,10,3,8,NaN,NaN,NaN,1
19726.3579,0.1470201,303,11,3,9,NaN,NaN,NaN,10,5,6,NaN,NaN,NaN,1
12552.9743,0.006612147,303,11,3,9,NaN,NaN,NaN,10,7,4,NaN,NaN,NaN,1
36464.6794,-0.01351836,303,11,5,7,NaN,NaN,NaN,10,1,10,NaN,NaN,NaN,1
30507.7315,-0.3446128,303,11,5,7,NaN,NaN,NaN,10,3,8,NaN,NaN,NaN,1
25254.8394,2.958067,303,11,5,7,NaN,NaN,NaN,10,5,6,NaN,NaN,NaN,1
18081.4558,0.08201628,303,11,5,7,NaN,NaN,NaN,10,7,4,NaN,NaN,NaN,1
8368.3839,0.001188022,303,11,5,7,NaN,NaN,NaN,10,9,2,NaN,NaN,NaN,1
43587.0537,-0.0007919621,303,11,7,5,NaN,NaN,NaN,10,1,10,NaN,NaN,NaN,1
37630.1058,-0.01987893,303,11,7,5,NaN,NaN,NaN,10,3,8,NaN,NaN,NaN,1
32377.2137,-0.2780562,303,11,7,5,NaN,NaN,NaN,10,5,6,NaN,NaN,NaN,1
25203.8301,2.564419,303,11,7,5,NaN,NaN,NaN,10,7,4,NaN,NaN,NaN,1
15490.7582,0.02873879,303,11,7,5,NaN,NaN,NaN,10,9,2,NaN,NaN,NaN,1
47308.924,-0.0004326562,303,11,9,3,NaN,NaN,NaN,10,3,8,NaN,NaN,NaN,1
42056.0319,-0.006013982,303,11,9,3,NaN,NaN,NaN,10,5,6,NaN,NaN,NaN,1
34882.6483,-0.1906076,303,11,9,3,NaN,NaN,NaN,10,7,4,NaN,NaN,NaN,1
25169.5764,1.911577,303,11,9,3,NaN,NaN,NaN,10,9,2,NaN,NaN,NaN,1
47064.9981,-0.001142683,303,11,11,1,NaN,NaN,NaN,10,7,4,NaN,NaN,NaN,1
37351.9262,-0.1022683,303,11,11,1,NaN,NaN,NaN,10,9,2,NaN,NaN,NaN,1
3540.036,-0.6697946,303,11,1,10,NaN,NaN,NaN,11,1,11,NaN,NaN,NaN,1
8630.1298,-0.04239162,303,11,3,8,NaN,NaN,NaN,11,1,11,NaN,NaN,NaN,1
12310.3532,-0.01030012,303,11,5,6,NaN,NaN,NaN,11,1,11,NaN,NaN,NaN,1
19277.7808,-0.0006847167,303,11,7,4,NaN,NaN,NaN,11,1,11,NaN,NaN,NaN,1
3086.2792,0.8795464,303,11,3,9,NaN,NaN,NaN,11,1,10,NaN,NaN,NaN,1
2003.8146,-1.026609,303,11,3,8,NaN,NaN,NaN,11,3,9,NaN,NaN,NaN,1
5684.038,-0.2864788,303,11,5,6,NaN,NaN,NaN,11,3,9,NaN,NaN,NaN,1
12651.4656,-0.01915567,303,11,7,4,NaN,NaN,NaN,11,3,9,NaN,NaN,NaN,1
22329.6743,-0.0004171456,303,11,9,2,NaN,NaN,NaN,11,3,9,NaN,NaN,NaN,1
8614.7607,0.07691496,303,11,5,7,NaN,NaN,NaN,11,1,10,NaN,NaN,NaN,1
3524.6669,0.6105124,303,11,5,7,NaN,NaN,NaN,11,3,8,NaN,NaN,NaN,1
155.5565,-1.90697,303,11,5,6,NaN,NaN,NaN,11,5,7,NaN,NaN,NaN,1
7122.9841,-0.2369064,303,11,7,4,NaN,NaN,NaN,11,5,7,NaN,NaN,NaN,1
16801.1928,-0.005171417,303,11,9,2,NaN,NaN,NaN,11,5,7,NaN,NaN,NaN,1
15737.1351,0.004507566,303,11,7,5,NaN,NaN,NaN,11,1,10,NaN,NaN,NaN,1
10647.0412,0.03731258,303,11,7,5,NaN,NaN,NaN,11,3,8,NaN,NaN,NaN,1
6966.8179,0.2389817,303,11,7,5,NaN,NaN,NaN,11,5,6,NaN,NaN,NaN,1
0.6098,-2.873008,303,11,7,4,NaN,NaN,NaN,11,7,5,NaN,NaN,NaN,1
9678.8184,-0.1250496,303,11,9,2,NaN,NaN,NaN,11,7,5,NaN,NaN,NaN,1
21861.1679,-0.0007511516,303,11,11,0,NaN,NaN,NaN,11,7,5,NaN,NaN,NaN,1
20325.8594,0.0008122133,303,11,9,3,NaN,NaN,NaN,11,3,8,NaN,NaN,NaN,1
16645.636,0.005215983,303,11,9,3,NaN,NaN,NaN,11,5,6,NaN,NaN,NaN,1
9678.2084,0.125051,303,11,9,3,NaN,NaN,NaN,11,7,4,NaN,NaN,NaN,1
0.0003,-3.740615,303,11,9,2,NaN,NaN,NaN,11,9,3,NaN,NaN,NaN,1
12182.3498,-0.04492077,303,11,11,0,NaN,NaN,NaN,11,9,3,NaN,NaN,NaN,1
21860.5582,0.00075116,303,11,11,1,NaN,NaN,NaN,11,7,4,NaN,NaN,NaN,1
12182.3495,0.04492077,303,11,11,1,NaN,NaN,NaN,11,9,2,NaN,NaN,NaN,1
0,-4.589256,303,11,11,0,NaN,NaN,NaN,11,11,1,NaN,NaN,NaN,1
24310.1426,-3.280391,303,11,0,11,NaN,NaN,NaN,10,0,10,NaN,NaN,NaN,1
18568.1201,-0.06450728,303,11,0,11,NaN,NaN,NaN,10,2,8,NaN,NaN,NaN,1
15338.8201,-0.01185247,303,11,0,11,NaN,NaN,NaN,10,4,6,NaN,NaN,NaN,1
9828.8664,-0.001266355,303,11,0,11,NaN,NaN,NaN,10,6,4,NaN,NaN,NaN,1
30819.7328,0.1632788,303,11,2,9,NaN,NaN,NaN,10,0,10,NaN,NaN,NaN,1
25077.7103,-3.169388,303,11,2,9,NaN,NaN,NaN,10,2,8,NaN,NaN,NaN,1
21848.4103,-0.3044533,303,11,2,9,NaN,NaN,NaN,10,4,6,NaN,NaN,NaN,1
16338.4566,-0.03189474,303,11,2,9,NaN,NaN,NaN,10,6,4,NaN,NaN,NaN,1
7892.8892,-0.000838075,303,11,2,9,NaN,NaN,NaN,10,8,2,NaN,NaN,NaN,1
34510.9888,0.02393489,303,11,4,7,NaN,NaN,NaN,10,0,10,NaN,NaN,NaN,1
28768.9663,0.5258249,303,11,4,7,NaN,NaN,NaN,10,2,8,NaN,NaN,NaN,1
25539.6662,-3.111515,303,11,4,7,NaN,NaN,NaN,10,4,6,NaN,NaN,NaN,1
20029.7125,-0.1394935,303,11,4,7,NaN,NaN,NaN,10,6,4,NaN,NaN,NaN,1
11584.1452,-0.003653561,303,11,4,7,NaN,NaN,NaN,10,8,2,NaN,NaN,NaN,1
39723.5266,0.003636911,303,11,6,5,NaN,NaN,NaN,10,0,10,NaN,NaN,NaN,1
33981.5041,0.07443791,303,11,6,5,NaN,NaN,NaN,10,2,8,NaN,NaN,NaN,1
30752.204,0.3463702,303,11,6,5,NaN,NaN,NaN,10,4,6,NaN,NaN,NaN,1
25242.2503,-2.785914,303,11,6,5,NaN,NaN,NaN,10,6,4,NaN,NaN,NaN,1
16796.683,-0.05085673,303,11,6,5,NaN,NaN,NaN,10,8,2,NaN,NaN,NaN,1
5836.0205,-0.0003464588,303,11,6,5,NaN,NaN,NaN,10,10,0,NaN,NaN,NaN,1
42368.224,0.002717329,303,11,8,3,NaN,NaN,NaN,10,2,8,NaN,NaN,NaN,1
39138.924,0.01241642,303,11,8,3,NaN,NaN,NaN,10,4,6,NaN,NaN,NaN,1
33628.9702,0.232155,303,11,8,3,NaN,NaN,NaN,10,6,4,NaN,NaN,NaN,1
25183.4029,-2.281846,303,11,8,3,NaN,NaN,NaN,10,8,2,NaN,NaN,NaN,1
14222.7405,-0.01305935,303,11,8,3,NaN,NaN,NaN,10,10,0,NaN,NaN,NaN,1
44566.0515,0.002883765,303,11,10,1,NaN,NaN,NaN,10,6,4,NaN,NaN,NaN,1
36120.4842,0.1493611,303,11,10,1,NaN,NaN,NaN,10,8,2,NaN,NaN,NaN,1
25159.8217,-1.385092,303,11,10,1,NaN,NaN,NaN,10,10,0,NaN,NaN,NaN,1
3547.4697,0.6696465,303,11,2,10,NaN,NaN,NaN,11,0,11,NaN,NaN,NaN,1
9367.209,0.03825344,303,11,4,8,NaN,NaN,NaN,11,0,11,NaN,NaN,NaN,1
15400.3662,0.003180748,303,11,6,6,NaN,NaN,NaN,11,0,11,NaN,NaN,NaN,1
2962.1205,-0.8856761,303,11,2,9,NaN,NaN,NaN,11,2,10,NaN,NaN,NaN,1
2857.6188,0.8993473,303,11,4,8,NaN,NaN,NaN,11,2,9,NaN,NaN,NaN,1
8890.776,0.08007275,303,11,6,6,NaN,NaN,NaN,11,2,9,NaN,NaN,NaN,1
17290.4965,0.002895377,303,11,8,4,NaN,NaN,NaN,11,2,9,NaN,NaN,NaN,1
6653.3764,-0.1370331,303,11,4,7,NaN,NaN,NaN,11,2,10,NaN,NaN,NaN,1
833.6371,-1.34925,303,11,4,7,NaN,NaN,NaN,11,4,8,NaN,NaN,NaN,1
5199.5201,0.3453919,303,11,6,6,NaN,NaN,NaN,11,4,7,NaN,NaN,NaN,1
13599.2406,0.01262219,303,11,8,4,NaN,NaN,NaN,11,4,7,NaN,NaN,NaN,1
11865.9142,-0.02086212,303,11,6,5,NaN,NaN,NaN,11,2,10,NaN,NaN,NaN,1
6046.1749,-0.3005305,303,11,6,5,NaN,NaN,NaN,11,4,8,NaN,NaN,NaN,1
13.0177,-2.416684,303,11,6,5,NaN,NaN,NaN,11,6,6,NaN,NaN,NaN,1
8386.7028,0.1755035,303,11,8,4,NaN,NaN,NaN,11,6,5,NaN,NaN,NaN,1
19323.8012,0.002189101,303,11,10,2,NaN,NaN,NaN,11,6,5,NaN,NaN,NaN,1
20252.6342,-0.0007621593,303,11,8,3,NaN,NaN,NaN,11,2,10,NaN,NaN,NaN,1
14432.8949,-0.01103579,303,11,8,3,NaN,NaN,NaN,11,4,8,NaN,NaN,NaN,1
8399.7377,-0.1754396,303,11,8,3,NaN,NaN,NaN,11,6,6,NaN,NaN,NaN,1
0.0172,-3.310884,303,11,8,3,NaN,NaN,NaN,11,8,4,NaN,NaN,NaN,1
10937.0813,0.08250544,303,11,10,2,NaN,NaN,NaN,11,8,3,NaN,NaN,NaN,1
19336.8189,-0.002188311,303,11,10,1,NaN,NaN,NaN,11,6,6,NaN,NaN,NaN,1
10937.0984,-0.08250542,303,11,10,1,NaN,NaN,NaN,11,8,4,NaN,NaN,NaN,1
0,-4.166133,303,11,10,1,NaN,NaN,NaN,11,10,2,NaN,NaN,NaN,1
26504.1379,3.429316,303,12,0,12,NaN,NaN,NaN,11,0,11,NaN,NaN,NaN,1
19994.5477,0.06049949,303,12,0,12,NaN,NaN,NaN,11,2,9,NaN,NaN,NaN,1
16303.2918,0.008891577,303,12,0,12,NaN,NaN,NaN,11,4,7,NaN,NaN,NaN,1
11090.754,0.001351208,303,12,0,12,NaN,NaN,NaN,11,6,5,NaN,NaN,NaN,1
33757.3569,-0.1558368,303,12,2,10,NaN,NaN,NaN,11,0,11,NaN,NaN,NaN,1
27247.7667,3.31552,303,12,2,10,NaN,NaN,NaN,11,2,9,NaN,NaN,NaN,1
23556.5107,0.2680921,303,12,2,10,NaN,NaN,NaN,11,4,7,NaN,NaN,NaN,1
18343.9729,0.04011789,303,12,2,10,NaN,NaN,NaN,11,6,5,NaN,NaN,NaN,1
9957.253,0.001465367,303,12,2,10,NaN,NaN,NaN,11,8,3,NaN,NaN,NaN,1
38093.5198,-0.01802573,303,12,4,8,NaN,NaN,NaN,11,0,11,NaN,NaN,NaN,1
31583.9296,-0.4798453,303,12,4,8,NaN,NaN,NaN,11,2,9,NaN,NaN,NaN,1
27892.6736,3.289765,303,12,4,8,NaN,NaN,NaN,11,4,7,NaN,NaN,NaN,1
22680.1358,0.1890633,303,12,4,8,NaN,NaN,NaN,11,6,5,NaN,NaN,NaN,1
14293.4159,0.006859945,303,12,4,8,NaN,NaN,NaN,11,8,3,NaN,NaN,NaN,1
42984.6162,-0.003621283,303,12,6,6,NaN,NaN,NaN,11,0,11,NaN,NaN,NaN,1
36475.026,-0.09129265,303,12,6,6,NaN,NaN,NaN,11,2,9,NaN,NaN,NaN,1
32783.77,-0.4102984,303,12,6,6,NaN,NaN,NaN,11,4,7,NaN,NaN,NaN,1
27571.2322,3.006392,303,12,6,6,NaN,NaN,NaN,11,6,5,NaN,NaN,NaN,1
19184.5123,0.07118982,303,12,6,6,NaN,NaN,NaN,11,8,3,NaN,NaN,NaN,1
8247.431,0.0008868274,303,12,6,6,NaN,NaN,NaN,11,10,1,NaN,NaN,NaN,1
44776.9744,-0.004428011,303,12,8,4,NaN,NaN,NaN,11,2,9,NaN,NaN,NaN,1
41085.7184,-0.01930482,303,12,8,4,NaN,NaN,NaN,11,4,7,NaN,NaN,NaN,1
35873.1806,-0.2699511,303,12,8,4,NaN,NaN,NaN,11,6,5,NaN,NaN,NaN,1
27486.4607,2.588172,303,12,8,4,NaN,NaN,NaN,11,8,3,NaN,NaN,NaN,1
16549.3794,0.02568815,303,12,8,4,NaN,NaN,NaN,11,10,1,NaN,NaN,NaN,1
51991.9297,-0.0003588647,303,12,10,2,NaN,NaN,NaN,11,4,7,NaN,NaN,NaN,1
46779.3919,-0.004994594,303,12,10,2,NaN,NaN,NaN,11,6,5,NaN,NaN,NaN,1
38392.6719,-0.1885201,303,12,10,2,NaN,NaN,NaN,11,8,3,NaN,NaN,NaN,1
27455.5907,1.919546,303,12,10,2,NaN,NaN,NaN,11,10,1,NaN,NaN,NaN,1
51796.4901,-0.001010318,303,12,12,0,NaN,NaN,NaN,11,8,3,NaN,NaN,NaN,1
40859.4089,-0.1020474,303,12,12,0,NaN,NaN,NaN,11,10,1,NaN,NaN,NaN,1
26504.0355,-3.429311,303,12,1,12,NaN,NaN,NaN,11,1,11,NaN,NaN,NaN,1
19877.7203,-0.06017382,303,12,1,12,NaN,NaN,NaN,11,3,9,NaN,NaN,NaN,1
14349.2388,-0.005019927,303,12,1,12,NaN,NaN,NaN,11,5,7,NaN,NaN,NaN,1
33816.6473,0.1555483,303,12,3,10,NaN,NaN,NaN,11,1,11,NaN,NaN,NaN,1
27190.3321,-3.309827,303,12,3,10,NaN,NaN,NaN,11,3,9,NaN,NaN,NaN,1
21661.8506,-0.1571928,303,12,3,10,NaN,NaN,NaN,11,5,7,NaN,NaN,NaN,1
14539.4763,-0.009182529,303,12,3,10,NaN,NaN,NaN,11,7,5,NaN,NaN,NaN,1
39710.7025,0.01254969,303,12,5,8,NaN,NaN,NaN,11,1,11,NaN,NaN,NaN,1
33084.3872,0.3568131,303,12,5,8,NaN,NaN,NaN,11,3,9,NaN,NaN,NaN,1
27555.9057,-3.150722,303,12,5,8,NaN,NaN,NaN,11,5,7,NaN,NaN,NaN,1
20433.5314,-0.1071863,303,12,5,8,NaN,NaN,NaN,11,7,5,NaN,NaN,NaN,1
10754.7132,-0.002330614,303,12,5,8,NaN,NaN,NaN,11,9,3,NaN,NaN,NaN,1
46790.1282,0.00090797,303,12,7,6,NaN,NaN,NaN,11,1,11,NaN,NaN,NaN,1
40163.813,0.0254035,303,12,7,6,NaN,NaN,NaN,11,3,9,NaN,NaN,NaN,1
34635.3315,0.3177622,303,12,7,6,NaN,NaN,NaN,11,5,7,NaN,NaN,NaN,1
27512.9572,-2.820182,303,12,7,6,NaN,NaN,NaN,11,7,5,NaN,NaN,NaN,1
17834.139,-0.04480269,303,12,7,6,NaN,NaN,NaN,11,9,3,NaN,NaN,NaN,1
49797.9915,0.000757583,303,12,9,4,NaN,NaN,NaN,11,3,9,NaN,NaN,NaN,1
44269.51,0.009391979,303,12,9,4,NaN,NaN,NaN,11,5,7,NaN,NaN,NaN,1
37147.1357,0.2277623,303,12,9,4,NaN,NaN,NaN,11,7,5,NaN,NaN,NaN,1
27468.3175,-2.296857,303,12,9,4,NaN,NaN,NaN,11,9,3,NaN,NaN,NaN,1
15285.9677,-0.01179763,303,12,9,4,NaN,NaN,NaN,11,11,1,NaN,NaN,NaN,1
49307.4347,0.002481618,303,12,11,2,NaN,NaN,NaN,11,7,5,NaN,NaN,NaN,1
39628.6165,0.1485123,303,12,11,2,NaN,NaN,NaN,11,9,3,NaN,NaN,NaN,1
27446.2667,-1.387846,303,12,11,2,NaN,NaN,NaN,11,11,1,NaN,NaN,NaN,1
26857.4588,3.365792,303,12,1,11,NaN,NaN,NaN,11,1,10,NaN,NaN,NaN,1
21767.365,0.1275142,303,12,1,11,NaN,NaN,NaN,11,3,8,NaN,NaN,NaN,1
18087.1416,0.03089099,303,12,1,11,NaN,NaN,NaN,11,5,6,NaN,NaN,NaN,1
11119.714,0.0020533,303,12,1,11,NaN,NaN,NaN,11,7,4,NaN,NaN,NaN,1
32789.9755,-0.2825274,303,12,3,9,NaN,NaN,NaN,11,1,10,NaN,NaN,NaN,1
27699.8817,3.310269,303,12,3,9,NaN,NaN,NaN,11,3,8,NaN,NaN,NaN,1
24019.6583,0.3379996,303,12,3,9,NaN,NaN,NaN,11,5,6,NaN,NaN,NaN,1
17052.2307,0.0219697,303,12,3,9,NaN,NaN,NaN,11,7,4,NaN,NaN,NaN,1
7374.022,0.0004783922,303,12,3,9,NaN,NaN,NaN,11,9,2,NaN,NaN,NaN,1
36497.9952,-0.06486042,303,12,5,7,NaN,NaN,NaN,11,1,10,NaN,NaN,NaN,1
31407.9013,-0.5827374,303,12,5,7,NaN,NaN,NaN,11,3,8,NaN,NaN,NaN,1
27727.678,3.158517,303,12,5,7,NaN,NaN,NaN,11,5,6,NaN,NaN,NaN,1
20760.2503,0.1097031,303,12,5,7,NaN,NaN,NaN,11,7,4,NaN,NaN,NaN,1
11082.0417,0.002385776,303,12,5,7,NaN,NaN,NaN,11,9,2,NaN,NaN,NaN,1
43252.3294,-0.005964335,303,12,7,5,NaN,NaN,NaN,11,1,10,NaN,NaN,NaN,1
38162.2356,-0.04939574,303,12,7,5,NaN,NaN,NaN,11,3,8,NaN,NaN,NaN,1
34482.0122,-0.3203774,303,12,7,5,NaN,NaN,NaN,11,5,6,NaN,NaN,NaN,1
27514.5845,2.820186,303,12,7,5,NaN,NaN,NaN,11,7,4,NaN,NaN,NaN,1
17836.3759,0.04480461,303,12,7,5,NaN,NaN,NaN,11,9,2,NaN,NaN,NaN,1
47794.1789,-0.00147507,303,12,9,3,NaN,NaN,NaN,11,3,8,NaN,NaN,NaN,1
44113.9555,-0.009472911,303,12,9,3,NaN,NaN,NaN,11,5,6,NaN,NaN,NaN,1
37146.5279,-0.2277649,303,12,9,3,NaN,NaN,NaN,11,7,4,NaN,NaN,NaN,1
27468.3192,2.296857,303,12,9,3,NaN,NaN,NaN,11,9,2,NaN,NaN,NaN,1
15285.9697,0.01179763,303,12,9,3,NaN,NaN,NaN,11,11,0,NaN,NaN,NaN,1
49306.8249,-0.002481646,303,12,11,1,NaN,NaN,NaN,11,7,4,NaN,NaN,NaN,1
39628.6162,-0.1485123,303,12,11,1,NaN,NaN,NaN,11,9,2,NaN,NaN,NaN,1
27446.2667,1.387846,303,12,11,1,NaN,NaN,NaN,11,11,0,NaN,NaN,NaN,1
3893.4593,0.672892,303,12,1,11,NaN,NaN,NaN,12,1,12,NaN,NaN,NaN,1
3419.1525,-0.8942184,303,12,3,10,NaN,NaN,NaN,12,1,11,NaN,NaN,NaN,1
9313.2076,-0.07543893,303,12,5,8,NaN,NaN,NaN,12,1,11,NaN,NaN,NaN,1
16392.6334,-0.005459766,303,12,7,6,NaN,NaN,NaN,12,1,11,NaN,NaN,NaN,1
9825.976,0.036489,303,12,3,9,NaN,NaN,NaN,12,1,12,NaN,NaN,NaN,1
2513.3642,1.022691,303,12,3,9,NaN,NaN,NaN,12,3,10,NaN,NaN,NaN,1
3380.691,-0.7611227,303,12,5,8,NaN,NaN,NaN,12,3,9,NaN,NaN,NaN,1
10460.1167,-0.05840128,303,12,7,6,NaN,NaN,NaN,12,3,9,NaN,NaN,NaN,1
20094.2952,-0.00174216,303,12,9,4,NaN,NaN,NaN,12,3,9,NaN,NaN,NaN,1
13533.9956,0.00848055,303,12,5,7,NaN,NaN,NaN,12,1,12,NaN,NaN,NaN,1
6221.3838,0.2633874,303,12,5,7,NaN,NaN,NaN,12,3,10,NaN,NaN,NaN,1
327.3287,1.747575,303,12,5,7,NaN,NaN,NaN,12,5,8,NaN,NaN,NaN,1
6752.097,-0.2898959,303,12,7,6,NaN,NaN,NaN,12,5,7,NaN,NaN,NaN,1
16386.2756,-0.008688271,303,12,9,4,NaN,NaN,NaN,12,5,7,NaN,NaN,NaN,1
20288.3299,0.0007803097,303,12,7,5,NaN,NaN,NaN,12,1,12,NaN,NaN,NaN,1
12975.7181,0.02436284,303,12,7,5,NaN,NaN,NaN,12,3,10,NaN,NaN,NaN,1
7081.6629,0.2830419,303,12,7,5,NaN,NaN,NaN,12,5,8,NaN,NaN,NaN,1
2.2372,2.732861,303,12,7,5,NaN,NaN,NaN,12,7,6,NaN,NaN,NaN,1
9631.9413,-0.1630392,303,12,9,4,NaN,NaN,NaN,12,7,5,NaN,NaN,NaN,1
21792.2403,-0.001782131,303,12,11,2,NaN,NaN,NaN,12,7,5,NaN,NaN,NaN,1
22607.6614,0.0007278374,303,12,9,3,NaN,NaN,NaN,12,3,10,NaN,NaN,NaN,1
16713.6063,0.008487376,303,12,9,3,NaN,NaN,NaN,12,5,8,NaN,NaN,NaN,1
9634.1805,0.1630321,303,12,9,3,NaN,NaN,NaN,12,7,6,NaN,NaN,NaN,1
0.002,3.577523,303,12,9,3,NaN,NaN,NaN,12,9,4,NaN,NaN,NaN,1
12160.297,-0.07814875,303,12,11,2,NaN,NaN,NaN,12,9,3,NaN,NaN,NaN,1
21794.4775,0.001782054,303,12,11,1,NaN,NaN,NaN,12,7,6,NaN,NaN,NaN,1
12160.299,0.07814875,303,12,11,1,NaN,NaN,NaN,12,9,4,NaN,NaN,NaN,1
0,4.395943,303,12,11,1,NaN,NaN,NaN,12,11,2,NaN,NaN,NaN,1
26853.3341,-3.365553,303,12,2,11,NaN,NaN,NaN,11,2,10,NaN,NaN,NaN,1
21033.5948,-0.1152557,303,12,2,11,NaN,NaN,NaN,11,4,8,NaN,NaN,NaN,1
15000.4375,-0.009568384,303,12,2,11,NaN,NaN,NaN,11,6,6,NaN,NaN,NaN,1
6600.7171,-0.0003458575,303,12,2,11,NaN,NaN,NaN,11,8,4,NaN,NaN,NaN,1
33268.6884,0.271351,303,12,4,9,NaN,NaN,NaN,11,2,10,NaN,NaN,NaN,1
27448.9491,-3.248584,303,12,4,9,NaN,NaN,NaN,11,4,8,NaN,NaN,NaN,1
21415.7918,-0.147632,303,12,4,9,NaN,NaN,NaN,11,6,6,NaN,NaN,NaN,1
13016.0714,-0.005323658,303,12,4,9,NaN,NaN,NaN,11,8,4,NaN,NaN,NaN,1
39400.4916,0.02468451,303,12,6,7,NaN,NaN,NaN,11,2,10,NaN,NaN,NaN,1
33580.7523,0.3628887,303,12,6,7,NaN,NaN,NaN,11,4,8,NaN,NaN,NaN,1
27547.595,-3.006194,303,12,6,7,NaN,NaN,NaN,11,6,6,NaN,NaN,NaN,1
19147.8746,-0.07111036,303,12,6,7,NaN,NaN,NaN,11,8,4,NaN,NaN,NaN,1
8210.7761,-0.000885834,303,12,6,7,NaN,NaN,NaN,11,10,2,NaN,NaN,NaN,1
47739.0108,0.001165683,303,12,8,5,NaN,NaN,NaN,11,2,10,NaN,NaN,NaN,1
41919.2715,0.01687925,303,12,8,5,NaN,NaN,NaN,11,4,8,NaN,NaN,NaN,1
35886.1142,0.2698565,303,12,8,5,NaN,NaN,NaN,11,6,6,NaN,NaN,NaN,1
27486.3938,-2.588172,303,12,8,5,NaN,NaN,NaN,11,8,4,NaN,NaN,NaN,1
16549.2953,-0.02568812,303,12,8,5,NaN,NaN,NaN,11,10,2,NaN,NaN,NaN,1
46792.4095,0.004992792,303,12,10,3,NaN,NaN,NaN,11,6,6,NaN,NaN,NaN,1
38392.6891,0.1885201,303,12,10,3,NaN,NaN,NaN,11,8,4,NaN,NaN,NaN,1
27455.5906,-1.919546,303,12,10,3,NaN,NaN,NaN,11,10,2,NaN,NaN,NaN,1
51796.5073,0.001010318,303,12,12,1,NaN,NaN,NaN,11,8,4,NaN,NaN,NaN,1
40859.4089,0.1020474,303,12,12,1,NaN,NaN,NaN,11,10,2,NaN,NaN,NaN,1
3896.6658,-0.6728405,303,12,2,11,NaN,NaN,NaN,12,0,12,NaN,NaN,NaN,1
3356.5531,0.8964521,303,12,2,10,NaN,NaN,NaN,12,2,11,NaN,NaN,NaN,1
7692.716,0.1086019,303,12,4,8,NaN,NaN,NaN,12,2,11,NaN,NaN,NaN,1
12583.8124,0.02184338,303,12,6,6,NaN,NaN,NaN,12,2,11,NaN,NaN,NaN,1
20885.7608,0.001060618,303,12,8,4,NaN,NaN,NaN,12,2,11,NaN,NaN,NaN,1
10312.0201,-0.03493871,303,12,4,9,NaN,NaN,NaN,12,0,12,NaN,NaN,NaN,1
3058.8012,-0.967703,303,12,4,9,NaN,NaN,NaN,12,2,10,NaN,NaN,NaN,1
1277.3617,1.244612,303,12,4,8,NaN,NaN,NaN,12,4,9,NaN,NaN,NaN,1
6168.4581,0.3340063,303,12,6,6,NaN,NaN,NaN,12,4,9,NaN,NaN,NaN,1
14470.4065,0.01632558,303,12,8,4,NaN,NaN,NaN,12,4,9,NaN,NaN,NaN,1
16443.8233,-0.003205628,303,12,6,7,NaN,NaN,NaN,12,0,12,NaN,NaN,NaN,1
9190.6044,-0.09511389,303,12,6,7,NaN,NaN,NaN,12,2,10,NaN,NaN,NaN,1
4854.4415,-0.4367764,303,12,6,7,NaN,NaN,NaN,12,4,8,NaN,NaN,NaN,1
36.6549,2.277352,303,12,6,6,NaN,NaN,NaN,12,6,7,NaN,NaN,NaN,1
8338.6033,0.217645,303,12,8,4,NaN,NaN,NaN,12,6,7,NaN,NaN,NaN,1
19244.8145,0.004052719,303,12,10,2,NaN,NaN,NaN,12,6,7,NaN,NaN,NaN,1
17529.1236,-0.004494096,303,12,8,5,NaN,NaN,NaN,12,2,10,NaN,NaN,NaN,1
13192.9607,-0.02103786,303,12,8,5,NaN,NaN,NaN,12,4,8,NaN,NaN,NaN,1
8301.8643,-0.2178923,303,12,8,5,NaN,NaN,NaN,12,6,6,NaN,NaN,NaN,1
0.0841,3.160906,303,12,8,4,NaN,NaN,NaN,12,8,5,NaN,NaN,NaN,1
10906.2953,0.1174897,303,12,10,2,NaN,NaN,NaN,12,8,5,NaN,NaN,NaN,1
24310.1136,0.0006306798,303,12,12,0,NaN,NaN,NaN,12,8,5,NaN,NaN,NaN,1
24099.256,-0.0003910929,303,12,10,3,NaN,NaN,NaN,12,4,8,NaN,NaN,NaN,1
19208.1596,-0.004057264,303,12,10,3,NaN,NaN,NaN,12,6,6,NaN,NaN,NaN,1
10906.2112,-0.1174899,303,12,10,3,NaN,NaN,NaN,12,8,4,NaN,NaN,NaN,1
0,3.988358,303,12,10,2,NaN,NaN,NaN,12,10,3,NaN,NaN,NaN,1
13403.8183,0.04280588,303,12,12,0,NaN,NaN,NaN,12,10,3,NaN,NaN,NaN,1
24310.0295,-0.0006306805,303,12,12,1,NaN,NaN,NaN,12,8,4,NaN,NaN,NaN,1
13403.8182,-0.04280588,303,12,12,1,NaN,NaN,NaN,12,10,2,NaN,NaN,NaN,1
0,4.801569,303,12,12,0,NaN,NaN,NaN,12,12,1,NaN,NaN,NaN,1
29047.9714,3.510214,303,13,2,12,NaN,NaN,NaN,12,2,11,NaN,NaN,NaN,1
22632.6171,0.1102846,303,13,2,12,NaN,NaN,NaN,12,4,9,NaN,NaN,NaN,1
16500.8139,0.01010525,303,13,2,12,NaN,NaN,NaN,12,6,7,NaN,NaN,NaN,1
8162.2947,0.0004772338,303,13,2,12,NaN,NaN,NaN,12,8,5,NaN,NaN,NaN,1
36103.9118,-0.2623639,303,13,4,10,NaN,NaN,NaN,12,2,11,NaN,NaN,NaN,1
29688.5575,3.403847,303,13,4,10,NaN,NaN,NaN,12,4,9,NaN,NaN,NaN,1
23556.7543,0.1694314,303,13,4,10,NaN,NaN,NaN,12,6,7,NaN,NaN,NaN,1
15218.2351,0.007976485,303,13,4,10,NaN,NaN,NaN,12,8,5,NaN,NaN,NaN,1
42410.1627,-0.02502604,303,13,6,8,NaN,NaN,NaN,12,2,11,NaN,NaN,NaN,1
35994.8084,-0.3922177,303,13,6,8,NaN,NaN,NaN,12,4,9,NaN,NaN,NaN,1
29863.0052,3.204468,303,13,6,8,NaN,NaN,NaN,12,6,7,NaN,NaN,NaN,1
21524.486,0.09330317,303,13,6,8,NaN,NaN,NaN,12,8,5,NaN,NaN,NaN,1
10618.1907,0.001733378,303,13,6,8,NaN,NaN,NaN,12,10,3,NaN,NaN,NaN,1
50678.7942,-0.001484904,303,13,8,6,NaN,NaN,NaN,12,2,11,NaN,NaN,NaN,1
44263.4399,-0.02285783,303,13,8,6,NaN,NaN,NaN,12,4,9,NaN,NaN,NaN,1
38131.6367,-0.3072656,303,13,8,6,NaN,NaN,NaN,12,6,7,NaN,NaN,NaN,1
29793.1175,2.848754,303,13,8,6,NaN,NaN,NaN,12,8,5,NaN,NaN,NaN,1
18886.8222,0.04006485,303,13,8,6,NaN,NaN,NaN,12,10,3,NaN,NaN,NaN,1
55130.2408,-0.0005783082,303,13,10,4,NaN,NaN,NaN,12,4,9,NaN,NaN,NaN,1
48998.4376,-0.00772227,303,13,10,4,NaN,NaN,NaN,12,6,7,NaN,NaN,NaN,1
40659.9184,-0.2243994,303,13,10,4,NaN,NaN,NaN,12,8,5,NaN,NaN,NaN,1
29753.6231,2.309473,303,13,10,4,NaN,NaN,NaN,12,10,3,NaN,NaN,NaN,1
16349.8048,0.01075915,303,13,10,4,NaN,NaN,NaN,12,12,1,NaN,NaN,NaN,1
54042.8507,-0.00217656,303,13,12,2,NaN,NaN,NaN,12,8,5,NaN,NaN,NaN,1
43136.5555,-0.1478216,303,13,12,2,NaN,NaN,NaN,12,10,3,NaN,NaN,NaN,1
29732.7372,1.390171,303,13,12,2,NaN,NaN,NaN,12,12,1,NaN,NaN,NaN,1
29049.7862,-3.510302,303,13,1,12,NaN,NaN,NaN,12,1,11,NaN,NaN,NaN,1
23117.2695,-0.1151128,303,13,1,12,NaN,NaN,NaN,12,3,9,NaN,NaN,NaN,1
19409.2499,-0.02670264,303,13,1,12,NaN,NaN,NaN,12,5,7,NaN,NaN,NaN,1
12654.9156,-0.002456741,303,13,1,12,NaN,NaN,NaN,12,7,5,NaN,NaN,NaN,1
35813.4489,0.2664915,303,13,3,10,NaN,NaN,NaN,12,1,11,NaN,NaN,NaN,1
29880.9322,-3.437123,303,13,3,10,NaN,NaN,NaN,12,3,9,NaN,NaN,NaN,1
26172.9126,-0.3698292,303,13,3,10,NaN,NaN,NaN,12,5,7,NaN,NaN,NaN,1
19418.5783,-0.03316251,303,13,3,10,NaN,NaN,NaN,12,7,5,NaN,NaN,NaN,1
9786.635,-0.0009905851,303,13,3,10,NaN,NaN,NaN,12,9,3,NaN,NaN,NaN,1
39765.9953,0.05305313,303,13,5,8,NaN,NaN,NaN,12,1,11,NaN,NaN,NaN,1
33833.4786,0.6207782,303,13,5,8,NaN,NaN,NaN,12,3,9,NaN,NaN,NaN,1
30125.459,-3.345098,303,13,5,8,NaN,NaN,NaN,12,5,7,NaN,NaN,NaN,1
23371.1247,-0.1414213,303,13,5,8,NaN,NaN,NaN,12,7,5,NaN,NaN,NaN,1
13739.1814,-0.004213666,303,13,5,8,NaN,NaN,NaN,12,9,3,NaN,NaN,NaN,1
46226.2612,0.00672727,303,13,7,6,NaN,NaN,NaN,12,1,11,NaN,NaN,NaN,1
40293.7446,0.0720287,303,13,7,6,NaN,NaN,NaN,12,3,9,NaN,NaN,NaN,1
36585.7249,0.3646933,303,13,7,6,NaN,NaN,NaN,12,5,7,NaN,NaN,NaN,1
29831.3907,-3.045164,303,13,7,6,NaN,NaN,NaN,12,7,5,NaN,NaN,NaN,1
20199.4473,-0.06267622,303,13,7,6,NaN,NaN,NaN,12,9,3,NaN,NaN,NaN,1
8039.1503,-0.0006844914,303,13,7,6,NaN,NaN,NaN,12,11,1,NaN,NaN,NaN,1
49864.2223,0.0028038,303,13,9,4,NaN,NaN,NaN,12,3,9,NaN,NaN,NaN,1
46156.2026,0.01398308,303,13,9,4,NaN,NaN,NaN,12,5,7,NaN,NaN,NaN,1
39401.8684,0.2635454,303,13,9,4,NaN,NaN,NaN,12,7,5,NaN,NaN,NaN,1
29769.9251,-2.608074,303,13,9,4,NaN,NaN,NaN,12,9,3,NaN,NaN,NaN,1
17609.6281,-0.02322855,303,13,9,4,NaN,NaN,NaN,12,11,1,NaN,NaN,NaN,1
51533.9607,0.004255987,303,13,11,2,NaN,NaN,NaN,12,7,5,NaN,NaN,NaN,1
41902.0174,0.1868661,303,13,11,2,NaN,NaN,NaN,12,9,3,NaN,NaN,NaN,1
29741.7204,-1.92626,303,13,11,2,NaN,NaN,NaN,12,11,1,NaN,NaN,NaN,1
56527.1534,0.0009052977,303,13,13,0,NaN,NaN,NaN,12,9,3,NaN,NaN,NaN,1
44366.8564,0.1018629,303,13,13,0,NaN,NaN,NaN,12,11,1,NaN,NaN,NaN,1
28698.1569,3.572053,303,13,1,13,NaN,NaN,NaN,12,1,12,NaN,NaN,NaN,1
21385.5451,0.0571618,303,13,1,13,NaN,NaN,NaN,12,3,10,NaN,NaN,NaN,1
15491.4899,0.004620889,303,13,1,13,NaN,NaN,NaN,12,5,8,NaN,NaN,NaN,1
8412.0642,0.0003343299,303,13,1,13,NaN,NaN,NaN,12,7,6,NaN,NaN,NaN,1
36706.3953,-0.1493212,303,13,3,11,NaN,NaN,NaN,12,1,12,NaN,NaN,NaN,1
29393.7835,3.456413,303,13,3,11,NaN,NaN,NaN,12,3,10,NaN,NaN,NaN,1
23499.7284,0.1608491,303,13,3,11,NaN,NaN,NaN,12,5,8,NaN,NaN,NaN,1
16420.3026,0.01160349,303,13,3,11,NaN,NaN,NaN,12,7,6,NaN,NaN,NaN,1
6786.1241,0.000346062,303,13,3,11,NaN,NaN,NaN,12,9,4,NaN,NaN,NaN,1
43053.0576,-0.01135049,303,13,5,9,NaN,NaN,NaN,12,1,12,NaN,NaN,NaN,1
35740.4458,-0.3599906,303,13,5,9,NaN,NaN,NaN,12,3,10,NaN,NaN,NaN,1
29846.3906,3.325874,303,13,5,9,NaN,NaN,NaN,12,5,8,NaN,NaN,NaN,1
22766.9649,0.1335552,303,13,5,9,NaN,NaN,NaN,12,7,6,NaN,NaN,NaN,1
13132.7864,0.003976507,303,13,5,9,NaN,NaN,NaN,12,9,4,NaN,NaN,NaN,1
50112.5971,-0.0009678926,303,13,7,7,NaN,NaN,NaN,12,1,12,NaN,NaN,NaN,1
42799.9853,-0.03022309,303,13,7,7,NaN,NaN,NaN,12,3,10,NaN,NaN,NaN,1
36905.9302,-0.3567371,303,13,7,7,NaN,NaN,NaN,12,5,8,NaN,NaN,NaN,1
29826.5044,3.045146,303,13,7,7,NaN,NaN,NaN,12,7,6,NaN,NaN,NaN,1
20192.3259,0.06266716,303,13,7,7,NaN,NaN,NaN,12,9,4,NaN,NaN,NaN,1
8032.0269,0.0006843922,303,13,7,7,NaN,NaN,NaN,12,11,2,NaN,NaN,NaN,1
52377.5757,-0.001171375,303,13,9,5,NaN,NaN,NaN,12,3,10,NaN,NaN,NaN,1
46483.5206,-0.0136598,303,13,9,5,NaN,NaN,NaN,12,5,8,NaN,NaN,NaN,1
39404.0948,-0.2635344,303,13,9,5,NaN,NaN,NaN,12,7,6,NaN,NaN,NaN,1
29769.9163,2.608074,303,13,9,5,NaN,NaN,NaN,12,9,4,NaN,NaN,NaN,1
17609.6173,0.02322855,303,13,9,5,NaN,NaN,NaN,12,11,2,NaN,NaN,NaN,1
51536.1979,-0.004255804,303,13,11,3,NaN,NaN,NaN,12,7,6,NaN,NaN,NaN,1
41902.0193,-0.1868661,303,13,11,3,NaN,NaN,NaN,12,9,4,NaN,NaN,NaN,1
29741.7204,1.92626,303,13,11,3,NaN,NaN,NaN,12,11,2,NaN,NaN,NaN,1
56527.1554,-0.0009052977,303,13,13,1,NaN,NaN,NaN,12,9,4,NaN,NaN,NaN,1
44366.8564,-0.1018629,303,13,13,1,NaN,NaN,NaN,12,11,2,NaN,NaN,NaN,1
4245.0886,-0.6754723,303,13,1,12,NaN,NaN,NaN,13,1,13,NaN,NaN,NaN,1
11008.7513,-0.03241054,303,13,3,10,NaN,NaN,NaN,13,1,13,NaN,NaN,NaN,1
14961.2978,-0.006508951,303,13,5,8,NaN,NaN,NaN,13,1,13,NaN,NaN,NaN,1
21421.5637,-0.0008257091,303,13,7,6,NaN,NaN,NaN,13,1,13,NaN,NaN,NaN,1
3763.1498,0.9048634,303,13,3,11,NaN,NaN,NaN,13,1,12,NaN,NaN,NaN,1
3000.5129,-1.033356,303,13,3,10,NaN,NaN,NaN,13,3,11,NaN,NaN,NaN,1
6953.0593,-0.2249629,303,13,5,8,NaN,NaN,NaN,13,3,11,NaN,NaN,NaN,1
13413.3252,-0.0286565,303,13,7,6,NaN,NaN,NaN,13,3,11,NaN,NaN,NaN,1
22983.803,-0.001116355,303,13,9,4,NaN,NaN,NaN,13,3,11,NaN,NaN,NaN,1
10109.8121,0.07161062,303,13,5,9,NaN,NaN,NaN,13,1,12,NaN,NaN,NaN,1
3346.1494,0.8995043,303,13,5,9,NaN,NaN,NaN,13,3,10,NaN,NaN,NaN,1
606.3971,-1.59134,303,13,5,8,NaN,NaN,NaN,13,5,9,NaN,NaN,NaN,1
7066.663,-0.3275341,303,13,7,6,NaN,NaN,NaN,13,5,9,NaN,NaN,NaN,1
16637.1407,-0.01282772,303,13,9,4,NaN,NaN,NaN,13,5,9,NaN,NaN,NaN,1
17169.3516,0.006108168,303,13,7,7,NaN,NaN,NaN,13,1,12,NaN,NaN,NaN,1
10405.6889,0.08240855,303,13,7,7,NaN,NaN,NaN,13,3,10,NaN,NaN,NaN,1
6453.1425,0.3477038,303,13,7,7,NaN,NaN,NaN,13,5,8,NaN,NaN,NaN,1
7.1234,-2.6009,303,13,7,6,NaN,NaN,NaN,13,7,7,NaN,NaN,NaN,1
9577.6012,-0.2018862,303,13,9,4,NaN,NaN,NaN,13,7,7,NaN,NaN,NaN,1
21709.6934,-0.003276094,303,13,11,2,NaN,NaN,NaN,13,7,7,NaN,NaN,NaN,1
19983.2793,0.003195546,303,13,9,5,NaN,NaN,NaN,13,3,10,NaN,NaN,NaN,1
16030.7329,0.01359284,303,13,9,5,NaN,NaN,NaN,13,5,8,NaN,NaN,NaN,1
9570.467,0.2019157,303,13,9,5,NaN,NaN,NaN,13,7,6,NaN,NaN,NaN,1
0.0108,-3.429945,303,13,9,4,NaN,NaN,NaN,13,9,5,NaN,NaN,NaN,1
12132.103,-0.1111672,303,13,11,2,NaN,NaN,NaN,13,9,5,NaN,NaN,NaN,1
26757.2391,-0.0005393097,303,13,13,0,NaN,NaN,NaN,13,9,5,NaN,NaN,NaN,1
21702.57,0.003276569,303,13,11,3,NaN,NaN,NaN,13,7,6,NaN,NaN,NaN,1
12132.0923,0.1111673,303,13,11,3,NaN,NaN,NaN,13,9,4,NaN,NaN,NaN,1
0,-4.223041,303,13,11,2,NaN,NaN,NaN,13,11,3,NaN,NaN,NaN,1
14625.1361,-0.04096519,303,13,13,0,NaN,NaN,NaN,13,11,3,NaN,NaN,NaN,1
26757.2284,0.0005393098,303,13,13,1,NaN,NaN,NaN,13,9,4,NaN,NaN,NaN,1
14625.1361,0.04096519,303,13,13,1,NaN,NaN,NaN,13,11,2,NaN,NaN,NaN,1
0,-5.004971,303,13,13,0,NaN,NaN,NaN,13,13,1,NaN,NaN,NaN,1
28698.1966,-3.572055,303,13,0,13,NaN,NaN,NaN,12,0,12,NaN,NaN,NaN,1
21444.9777,-0.05727175,303,13,0,13,NaN,NaN,NaN,12,2,10,NaN,NaN,NaN,1
17108.8148,-0.006638093,303,13,0,13,NaN,NaN,NaN,12,4,8,NaN,NaN,NaN,1
12217.7184,-0.001333639,303,13,0,13,NaN,NaN,NaN,12,6,6,NaN,NaN,NaN,1
36677.6583,0.1494215,303,13,2,11,NaN,NaN,NaN,12,0,12,NaN,NaN,NaN,1
29424.4394,-3.458654,303,13,2,11,NaN,NaN,NaN,12,2,10,NaN,NaN,NaN,1
25088.2765,-0.2275937,303,13,2,11,NaN,NaN,NaN,12,4,8,NaN,NaN,NaN,1
20197.1801,-0.04523834,303,13,2,11,NaN,NaN,NaN,12,6,6,NaN,NaN,NaN,1
11895.2317,-0.002196081,303,13,2,11,NaN,NaN,NaN,12,8,4,NaN,NaN,NaN,1
41794.8866,0.01392512,303,13,4,9,NaN,NaN,NaN,12,0,12,NaN,NaN,NaN,1
34541.6677,0.4299955,303,13,4,9,NaN,NaN,NaN,12,2,10,NaN,NaN,NaN,1
30205.5048,-3.444847,303,13,4,9,NaN,NaN,NaN,12,4,8,NaN,NaN,NaN,1
25314.4084,-0.2520665,303,13,4,9,NaN,NaN,NaN,12,6,6,NaN,NaN,NaN,1
17012.46,-0.01208754,303,13,4,9,NaN,NaN,NaN,12,8,4,NaN,NaN,NaN,1
46398.1125,0.003349337,303,13,6,7,NaN,NaN,NaN,12,0,12,NaN,NaN,NaN,1
39144.8936,0.09954711,303,13,6,7,NaN,NaN,NaN,12,2,10,NaN,NaN,NaN,1
34808.7307,0.4892052,303,13,6,7,NaN,NaN,NaN,12,4,8,NaN,NaN,NaN,1
29917.6343,-3.205265,303,13,6,7,NaN,NaN,NaN,12,6,6,NaN,NaN,NaN,1
21615.6859,-0.09360306,303,13,6,7,NaN,NaN,NaN,12,8,4,NaN,NaN,NaN,1
10709.4747,-0.001738982,303,13,6,7,NaN,NaN,NaN,12,10,2,NaN,NaN,NaN,1
47322.5843,0.006290051,303,13,8,5,NaN,NaN,NaN,12,2,10,NaN,NaN,NaN,1
42986.4214,0.02945,303,13,8,5,NaN,NaN,NaN,12,4,8,NaN,NaN,NaN,1
38095.325,0.3075973,303,13,8,5,NaN,NaN,NaN,12,6,6,NaN,NaN,NaN,1
29793.3766,-2.848754,303,13,8,5,NaN,NaN,NaN,12,8,4,NaN,NaN,NaN,1
18887.1654,-0.04006505,303,13,8,5,NaN,NaN,NaN,12,10,2,NaN,NaN,NaN,1
53852.8793,0.0007452034,303,13,10,3,NaN,NaN,NaN,12,4,8,NaN,NaN,NaN,1
48961.7829,0.00773093,303,13,10,3,NaN,NaN,NaN,12,6,6,NaN,NaN,NaN,1
40659.8345,0.2243996,303,13,10,3,NaN,NaN,NaN,12,8,4,NaN,NaN,NaN,1
29753.6233,-2.309473,303,13,10,3,NaN,NaN,NaN,12,10,2,NaN,NaN,NaN,1
16349.805,-0.01075915,303,13,10,3,NaN,NaN,NaN,12,12,0,NaN,NaN,NaN,1
54042.7667,0.002176563,303,13,12,1,NaN,NaN,NaN,12,8,4,NaN,NaN,NaN,1
43136.5554,0.1478216,303,13,12,1,NaN,NaN,NaN,12,10,2,NaN,NaN,NaN,1
29732.7372,-1.390171,303,13,12,1,NaN,NaN,NaN,12,12,0,NaN,NaN,NaN,1
4246.4406,0.6754544,303,13,2,12,NaN,NaN,NaN,13,0,13,NaN,NaN,NaN,1
11302.381,0.03187379,303,13,4,10,NaN,NaN,NaN,13,0,13,NaN,NaN,NaN,1
17608.632,0.003062416,303,13,6,8,NaN,NaN,NaN,13,0,13,NaN,NaN,NaN,1
3733.0211,-0.9056852,303,13,2,11,NaN,NaN,NaN,13,2,12,NaN,NaN,NaN,1
3322.9193,1.01159,303,13,4,10,NaN,NaN,NaN,13,2,11,NaN,NaN,NaN,1
9629.1702,0.1038005,303,13,6,8,NaN,NaN,NaN,13,2,11,NaN,NaN,NaN,1
17897.8017,0.006162811,303,13,8,6,NaN,NaN,NaN,13,2,11,NaN,NaN,NaN,1
8850.2494,-0.08792403,303,13,4,9,NaN,NaN,NaN,13,2,12,NaN,NaN,NaN,1
1794.309,-1.179142,303,13,4,9,NaN,NaN,NaN,13,4,10,NaN,NaN,NaN,1
4511.9419,0.5532493,303,13,6,8,NaN,NaN,NaN,13,4,9,NaN,NaN,NaN,1
12780.5734,0.0339176,303,13,8,6,NaN,NaN,NaN,13,4,9,NaN,NaN,NaN,1
23647.3743,0.0008582438,303,13,10,4,NaN,NaN,NaN,13,4,9,NaN,NaN,NaN,1
13453.4753,-0.02116273,303,13,6,7,NaN,NaN,NaN,13,2,12,NaN,NaN,NaN,1
6397.5349,-0.3510253,303,13,6,7,NaN,NaN,NaN,13,4,10,NaN,NaN,NaN,1
91.284,-2.137286,303,13,6,7,NaN,NaN,NaN,13,6,8,NaN,NaN,NaN,1
8177.3475,0.2617842,303,13,8,6,NaN,NaN,NaN,13,6,7,NaN,NaN,NaN,1
19044.1484,0.006641748,303,13,10,4,NaN,NaN,NaN,13,6,7,NaN,NaN,NaN,1
21631.166,-0.001338846,303,13,8,5,NaN,NaN,NaN,13,2,12,NaN,NaN,NaN,1
14575.2256,-0.02237703,303,13,8,5,NaN,NaN,NaN,13,4,10,NaN,NaN,NaN,1
8268.9747,-0.2609254,303,13,8,5,NaN,NaN,NaN,13,6,8,NaN,NaN,NaN,1
0.3432,-3.02341,303,13,8,5,NaN,NaN,NaN,13,8,6,NaN,NaN,NaN,1
10866.4577,0.1529355,303,13,10,4,NaN,NaN,NaN,13,8,5,NaN,NaN,NaN,1
24249.39,0.001487253,303,13,12,2,NaN,NaN,NaN,13,8,5,NaN,NaN,NaN,1
25441.6835,-0.0005663219,303,13,10,3,NaN,NaN,NaN,13,4,10,NaN,NaN,NaN,1
19135.4326,-0.006620345,303,13,10,3,NaN,NaN,NaN,13,6,8,NaN,NaN,NaN,1
10866.8011,-0.1529347,303,13,10,3,NaN,NaN,NaN,13,8,6,NaN,NaN,NaN,1
0.0002,-3.828661,303,13,10,3,NaN,NaN,NaN,13,10,4,NaN,NaN,NaN,1
13382.9322,0.07442167,303,13,12,2,NaN,NaN,NaN,13,10,3,NaN,NaN,NaN,1
24249.7333,-0.001487245,303,13,12,1,NaN,NaN,NaN,13,8,6,NaN,NaN,NaN,1
13382.9324,-0.07442167,303,13,12,1,NaN,NaN,NaN,13,10,4,NaN,NaN,NaN,1
0,-4.614827,303,13,12,1,NaN,NaN,NaN,13,12,2,NaN,NaN,NaN,1
30892.2849,3.709317,303,14,0,14,NaN,NaN,NaN,13,0,13,NaN,NaN,NaN,1
22912.8232,0.05453861,303,14,0,14,NaN,NaN,NaN,13,2,11,NaN,NaN,NaN,1
17795.5949,0.005091029,303,14,0,14,NaN,NaN,NaN,13,4,9,NaN,NaN,NaN,1
13192.369,0.001224563,303,14,0,14,NaN,NaN,NaN,13,6,7,NaN,NaN,NaN,1
39587.2221,-0.1437619,303,14,2,12,NaN,NaN,NaN,13,0,13,NaN,NaN,NaN,1
31607.7603,3.597505,303,14,2,12,NaN,NaN,NaN,13,2,11,NaN,NaN,NaN,1
26490.5321,0.194554,303,14,2,12,NaN,NaN,NaN,13,4,9,NaN,NaN,NaN,1
21887.3061,0.04646998,303,14,2,12,NaN,NaN,NaN,13,6,7,NaN,NaN,NaN,1
13709.6154,0.002939196,303,14,2,12,NaN,NaN,NaN,13,8,5,NaN,NaN,NaN,1
45566.9122,-0.01120532,303,14,4,10,NaN,NaN,NaN,13,0,13,NaN,NaN,NaN,1
37587.4505,-0.3905107,303,14,4,10,NaN,NaN,NaN,13,2,11,NaN,NaN,NaN,1
32470.2222,3.578471,303,14,4,10,NaN,NaN,NaN,13,4,9,NaN,NaN,NaN,1
27866.9963,0.3238713,303,14,4,10,NaN,NaN,NaN,13,6,7,NaN,NaN,NaN,1
19689.3056,0.02008839,303,14,4,10,NaN,NaN,NaN,13,8,5,NaN,NaN,NaN,1
8822.8477,0.0005083678,303,14,4,10,NaN,NaN,NaN,13,10,3,NaN,NaN,NaN,1
49987.608,-0.002879983,303,14,6,8,NaN,NaN,NaN,13,0,13,NaN,NaN,NaN,1
42008.1462,-0.09778752,303,14,6,8,NaN,NaN,NaN,13,2,11,NaN,NaN,NaN,1
36890.9179,-0.5775934,303,14,6,8,NaN,NaN,NaN,13,4,9,NaN,NaN,NaN,1
32287.692,3.388407,303,14,6,8,NaN,NaN,NaN,13,6,7,NaN,NaN,NaN,1
24110.0013,0.1182877,303,14,6,8,NaN,NaN,NaN,13,8,5,NaN,NaN,NaN,1
13243.5434,0.002989927,303,14,6,8,NaN,NaN,NaN,13,10,3,NaN,NaN,NaN,1
50002.935,-0.008038184,303,14,8,6,NaN,NaN,NaN,13,2,11,NaN,NaN,NaN,1
44885.7067,-0.04425605,303,14,8,6,NaN,NaN,NaN,13,4,9,NaN,NaN,NaN,1
40282.4808,-0.3457681,303,14,8,6,NaN,NaN,NaN,13,6,7,NaN,NaN,NaN,1
32104.7901,3.077851,303,14,8,6,NaN,NaN,NaN,13,8,5,NaN,NaN,NaN,1
21238.3322,0.0560388,303,14,8,6,NaN,NaN,NaN,13,10,3,NaN,NaN,NaN,1
7855.4,0.0005446153,303,14,8,6,NaN,NaN,NaN,13,12,1,NaN,NaN,NaN,1
55701.5175,-0.001446445,303,14,10,4,NaN,NaN,NaN,13,4,9,NaN,NaN,NaN,1
51098.2916,-0.01119386,303,14,10,4,NaN,NaN,NaN,13,6,7,NaN,NaN,NaN,1
42920.6009,-0.258658,303,14,10,4,NaN,NaN,NaN,13,8,5,NaN,NaN,NaN,1
32054.143,2.624998,303,14,10,4,NaN,NaN,NaN,13,10,3,NaN,NaN,NaN,1
18671.2108,0.0212025,303,14,10,4,NaN,NaN,NaN,13,12,1,NaN,NaN,NaN,1
56277.3239,-0.003703475,303,14,12,2,NaN,NaN,NaN,13,8,5,NaN,NaN,NaN,1
45410.866,-0.1855247,303,14,12,2,NaN,NaN,NaN,13,10,3,NaN,NaN,NaN,1
32027.9338,1.931995,303,14,12,2,NaN,NaN,NaN,13,12,1,NaN,NaN,NaN,1
61257.2111,-0.0008199704,303,14,14,0,NaN,NaN,NaN,13,10,3,NaN,NaN,NaN,1
47874.2789,-0.1017066,303,14,14,0,NaN,NaN,NaN,13,12,1,NaN,NaN,NaN,1
30892.2697,-3.709317,303,14,1,14,NaN,NaN,NaN,13,1,13,NaN,NaN,NaN,1
22884.0312,-0.05450073,303,14,1,14,NaN,NaN,NaN,13,3,11,NaN,NaN,NaN,1
16537.369,-0.004149566,303,14,1,14,NaN,NaN,NaN,13,5,9,NaN,NaN,NaN,1
9477.8294,-0.0003538553,303,14,1,14,NaN,NaN,NaN,13,7,7,NaN,NaN,NaN,1
39600.6367,0.1437266,303,14,3,12,NaN,NaN,NaN,13,1,13,NaN,NaN,NaN,1
31592.3982,-3.596623,303,14,3,12,NaN,NaN,NaN,13,3,11,NaN,NaN,NaN,1
25245.736,-0.1594907,303,14,3,12,NaN,NaN,NaN,13,5,9,NaN,NaN,NaN,1
18186.1964,-0.01356303,303,14,3,12,NaN,NaN,NaN,13,7,7,NaN,NaN,NaN,1
8608.606,-0.0005257166,303,14,3,12,NaN,NaN,NaN,13,9,5,NaN,NaN,NaN,1
46477.4973,0.01012378,303,14,5,10,NaN,NaN,NaN,13,1,13,NaN,NaN,NaN,1
38469.2588,0.3564592,303,14,5,10,NaN,NaN,NaN,13,3,11,NaN,NaN,NaN,1
32122.5966,-3.486543,303,14,5,10,NaN,NaN,NaN,13,5,9,NaN,NaN,NaN,1
25063.0571,-0.1599438,303,14,5,10,NaN,NaN,NaN,13,7,7,NaN,NaN,NaN,1
15485.4666,-0.006184142,303,14,5,10,NaN,NaN,NaN,13,9,5,NaN,NaN,NaN,1
53558.5509,0.0009722526,303,14,7,8,NaN,NaN,NaN,13,1,13,NaN,NaN,NaN,1
45550.3125,0.03374729,303,14,7,8,NaN,NaN,NaN,13,3,11,NaN,NaN,NaN,1
39203.6502,0.3938877,303,14,7,8,NaN,NaN,NaN,13,5,9,NaN,NaN,NaN,1
32144.1107,-3.247575,303,14,7,8,NaN,NaN,NaN,13,7,7,NaN,NaN,NaN,1
22566.5203,-0.0822235,303,14,7,8,NaN,NaN,NaN,13,9,5,NaN,NaN,NaN,1
10434.4173,-0.001332233,303,14,7,8,NaN,NaN,NaN,13,11,3,NaN,NaN,NaN,1
55058.47,0.001641589,303,14,9,6,NaN,NaN,NaN,13,3,11,NaN,NaN,NaN,1
48711.8077,0.01886379,303,14,9,6,NaN,NaN,NaN,13,5,9,NaN,NaN,NaN,1
41652.2682,0.2987536,303,14,9,6,NaN,NaN,NaN,13,7,7,NaN,NaN,NaN,1
32074.6778,-2.872969,303,14,9,6,NaN,NaN,NaN,13,9,5,NaN,NaN,NaN,1
19942.5747,-0.03624692,303,14,9,6,NaN,NaN,NaN,13,11,3,NaN,NaN,NaN,1
60808.4248,0.000413914,303,14,11,4,NaN,NaN,NaN,13,5,9,NaN,NaN,NaN,1
53748.8852,0.006521743,303,14,11,4,NaN,NaN,NaN,13,7,7,NaN,NaN,NaN,1
44171.2948,0.2217404,303,14,11,4,NaN,NaN,NaN,13,9,5,NaN,NaN,NaN,1
32039.1918,-2.320228,303,14,11,4,NaN,NaN,NaN,13,11,3,NaN,NaN,NaN,1
17414.0557,-0.009889317,303,14,11,4,NaN,NaN,NaN,13,13,1,NaN,NaN,NaN,1
58776.466,0.001937448,303,14,13,2,NaN,NaN,NaN,13,9,5,NaN,NaN,NaN,1
46644.363,0.1472488,303,14,13,2,NaN,NaN,NaN,13,11,3,NaN,NaN,NaN,1
32019.2269,-1.39216,303,14,13,2,NaN,NaN,NaN,13,13,1,NaN,NaN,NaN,1
31242.937,3.649251,303,14,1,13,NaN,NaN,NaN,13,1,12,NaN,NaN,NaN,1
24479.2743,0.1067581,303,14,1,13,NaN,NaN,NaN,13,3,10,NaN,NaN,NaN,1
20526.7279,0.02141171,303,14,1,13,NaN,NaN,NaN,13,5,8,NaN,NaN,NaN,1
14066.4619,0.002716076,303,14,1,13,NaN,NaN,NaN,13,7,6,NaN,NaN,NaN,1
38806.7094,-0.254578,303,14,3,11,NaN,NaN,NaN,13,1,12,NaN,NaN,NaN,1
32043.0467,3.564266,303,14,3,11,NaN,NaN,NaN,13,3,10,NaN,NaN,NaN,1
28090.5003,0.3587533,303,14,3,11,NaN,NaN,NaN,13,5,8,NaN,NaN,NaN,1
21630.2344,0.04442219,303,14,3,11,NaN,NaN,NaN,13,7,6,NaN,NaN,NaN,1
12059.7567,0.001730129,303,14,3,11,NaN,NaN,NaN,13,9,4,NaN,NaN,NaN,1
43233.5441,-0.04140238,303,14,5,9,NaN,NaN,NaN,13,1,12,NaN,NaN,NaN,1
36469.8814,-0.6066247,303,14,5,9,NaN,NaN,NaN,13,3,10,NaN,NaN,NaN,1
32517.335,3.52076,303,14,5,9,NaN,NaN,NaN,13,5,8,NaN,NaN,NaN,1
26057.069,0.1809029,303,14,5,9,NaN,NaN,NaN,13,7,6,NaN,NaN,NaN,1
16486.5913,0.007011294,303,14,5,9,NaN,NaN,NaN,13,9,4,NaN,NaN,NaN,1
49333.6031,-0.007062267,303,14,7,7,NaN,NaN,NaN,13,1,12,NaN,NaN,NaN,1
42569.9404,-0.09542928,303,14,7,7,NaN,NaN,NaN,13,3,10,NaN,NaN,NaN,1
38617.394,-0.4155915,303,14,7,7,NaN,NaN,NaN,13,5,8,NaN,NaN,NaN,1
32157.1281,3.247648,303,14,7,7,NaN,NaN,NaN,13,7,6,NaN,NaN,NaN,1
22586.6503,0.0822598,303,14,7,7,NaN,NaN,NaN,13,9,4,NaN,NaN,NaN,1
10454.5581,0.001332823,303,14,7,7,NaN,NaN,NaN,13,11,2,NaN,NaN,NaN,1
58821.6681,-0.000348139,303,14,9,5,NaN,NaN,NaN,13,1,12,NaN,NaN,NaN,1
52058.0054,-0.004698863,303,14,9,5,NaN,NaN,NaN,13,3,10,NaN,NaN,NaN,1
48105.459,-0.01998857,303,14,9,5,NaN,NaN,NaN,13,5,8,NaN,NaN,NaN,1
41645.193,-0.2987955,303,14,9,5,NaN,NaN,NaN,13,7,6,NaN,NaN,NaN,1
32074.7153,2.872969,303,14,9,5,NaN,NaN,NaN,13,9,4,NaN,NaN,NaN,1
19942.623,0.03624693,303,14,9,5,NaN,NaN,NaN,13,11,2,NaN,NaN,NaN,1
60202.0278,-0.0004386007,303,14,11,3,NaN,NaN,NaN,13,5,8,NaN,NaN,NaN,1
53741.7618,-0.006522688,303,14,11,3,NaN,NaN,NaN,13,7,6,NaN,NaN,NaN,1
44171.2841,-0.2217404,303,14,11,3,NaN,NaN,NaN,13,9,4,NaN,NaN,NaN,1
32039.1918,2.320228,303,14,11,3,NaN,NaN,NaN,13,11,2,NaN,NaN,NaN,1
17414.0557,0.009889317,303,14,11,3,NaN,NaN,NaN,13,13,0,NaN,NaN,NaN,1
58776.4553,-0.001937448,303,14,13,1,NaN,NaN,NaN,13,9,4,NaN,NaN,NaN,1
46644.363,-0.1472488,303,14,13,1,NaN,NaN,NaN,13,11,2,NaN,NaN,NaN,1
32019.2269,1.39216,303,14,13,1,NaN,NaN,NaN,13,13,0,NaN,NaN,NaN,1
4595.7559,0.6776524,303,14,1,13,NaN,NaN,NaN,14,1,14,NaN,NaN,NaN,1
4112.6111,-0.9131089,303,14,3,12,NaN,NaN,NaN,14,1,13,NaN,NaN,NaN,1
10989.4717,-0.06671364,303,14,5,10,NaN,NaN,NaN,14,1,13,NaN,NaN,NaN,1
18070.5253,-0.006408417,303,14,7,8,NaN,NaN,NaN,14,1,13,NaN,NaN,NaN,1
12159.5284,0.02934836,303,14,3,11,NaN,NaN,NaN,14,1,14,NaN,NaN,NaN,1
3451.1614,1.048668,303,14,3,11,NaN,NaN,NaN,14,3,12,NaN,NaN,NaN,1
3425.6992,-1.008022,303,14,5,10,NaN,NaN,NaN,14,3,11,NaN,NaN,NaN,1
10506.7529,-0.1047285,303,14,7,8,NaN,NaN,NaN,14,3,11,NaN,NaN,NaN,1
20014.9103,-0.005097972,303,14,9,6,NaN,NaN,NaN,14,3,11,NaN,NaN,NaN,1
16586.363,0.004804741,303,14,5,9,NaN,NaN,NaN,14,1,14,NaN,NaN,NaN,1
7877.996,0.1836221,303,14,5,9,NaN,NaN,NaN,14,3,12,NaN,NaN,NaN,1
1001.1354,1.454001,303,14,5,9,NaN,NaN,NaN,14,5,10,NaN,NaN,NaN,1
6079.9182,-0.4184892,303,14,7,8,NaN,NaN,NaN,14,5,9,NaN,NaN,NaN,1
15588.0757,-0.02065883,303,14,9,6,NaN,NaN,NaN,14,5,9,NaN,NaN,NaN,1
27684.6928,-0.0004533309,303,14,11,4,NaN,NaN,NaN,14,5,9,NaN,NaN,NaN,1
22686.4221,0.0008198051,303,14,7,7,NaN,NaN,NaN,14,1,14,NaN,NaN,NaN,1
13978.055,0.03142102,303,14,7,7,NaN,NaN,NaN,14,3,12,NaN,NaN,NaN,1
7101.1944,0.3670151,303,14,7,7,NaN,NaN,NaN,14,5,10,NaN,NaN,NaN,1
20.1408,2.473148,303,14,7,7,NaN,NaN,NaN,14,7,8,NaN,NaN,NaN,1
9488.0167,-0.2418525,303,14,9,6,NaN,NaN,NaN,14,7,7,NaN,NaN,NaN,1
21584.6337,-0.005316611,303,14,11,4,NaN,NaN,NaN,14,7,7,NaN,NaN,NaN,1
23466.12,0.001549006,303,14,9,5,NaN,NaN,NaN,14,3,12,NaN,NaN,NaN,1
16589.2594,0.0182212,303,14,9,5,NaN,NaN,NaN,14,5,10,NaN,NaN,NaN,1
9508.2058,0.2417438,303,14,9,5,NaN,NaN,NaN,14,7,8,NaN,NaN,NaN,1
0.0483,3.29445,303,14,9,5,NaN,NaN,NaN,14,9,6,NaN,NaN,NaN,1
12096.5688,-0.1445267,303,14,11,4,NaN,NaN,NaN,14,9,5,NaN,NaN,NaN,1
26701.74,-0.001265534,303,14,13,2,NaN,NaN,NaN,14,9,5,NaN,NaN,NaN,1
28685.8282,0.0003998474,303,14,11,3,NaN,NaN,NaN,14,5,10,NaN,NaN,NaN,1
21604.7746,0.005314255,303,14,11,3,NaN,NaN,NaN,14,7,8,NaN,NaN,NaN,1
12096.6171,0.1445266,303,14,11,3,NaN,NaN,NaN,14,9,6,NaN,NaN,NaN,1
0,4.066611,303,14,11,3,NaN,NaN,NaN,14,11,4,NaN,NaN,NaN,1
14605.1712,-0.07118531,303,14,13,2,NaN,NaN,NaN,14,11,3,NaN,NaN,NaN,1
26701.7883,0.001265533,303,14,13,1,NaN,NaN,NaN,14,9,6,NaN,NaN,NaN,1
14605.1712,0.07118531,303,14,13,1,NaN,NaN,NaN,14,11,4,NaN,NaN,NaN,1
0,4.824175,303,14,13,1,NaN,NaN,NaN,14,13,2,NaN,NaN,NaN,1
31242.1596,-3.649218,303,14,2,13,NaN,NaN,NaN,13,2,12,NaN,NaN,NaN,1
24186.2193,-0.1050108,303,14,2,13,NaN,NaN,NaN,13,4,10,NaN,NaN,NaN,1
17879.9683,-0.01007839,303,14,2,13,NaN,NaN,NaN,13,6,8,NaN,NaN,NaN,1
9611.3369,-0.0005980344,303,14,2,13,NaN,NaN,NaN,13,8,6,NaN,NaN,NaN,1
38969.5701,0.2531058,303,14,4,11,NaN,NaN,NaN,13,2,12,NaN,NaN,NaN,1
31913.6297,-3.548979,303,14,4,11,NaN,NaN,NaN,13,4,10,NaN,NaN,NaN,1
25607.3788,-0.1856026,303,14,4,11,NaN,NaN,NaN,13,6,8,NaN,NaN,NaN,1
17338.7473,-0.01097211,303,14,4,11,NaN,NaN,NaN,13,8,6,NaN,NaN,NaN,1
45538.2313,0.02423023,303,14,6,9,NaN,NaN,NaN,13,2,12,NaN,NaN,NaN,1
38482.2909,0.413108,303,14,6,9,NaN,NaN,NaN,13,4,10,NaN,NaN,NaN,1
32176.04,-3.385518,303,14,6,9,NaN,NaN,NaN,13,6,8,NaN,NaN,NaN,1
23907.4085,-0.1172549,303,14,6,9,NaN,NaN,NaN,13,8,6,NaN,NaN,NaN,1
13040.6076,-0.002963596,303,14,6,9,NaN,NaN,NaN,13,10,4,NaN,NaN,NaN,1
53734.7421,0.001748041,303,14,8,7,NaN,NaN,NaN,13,2,12,NaN,NaN,NaN,1
46678.8017,0.02921919,303,14,8,7,NaN,NaN,NaN,13,4,10,NaN,NaN,NaN,1
40372.5508,0.3447063,303,14,8,7,NaN,NaN,NaN,13,6,8,NaN,NaN,NaN,1
32103.9193,-3.077849,303,14,8,7,NaN,NaN,NaN,13,8,6,NaN,NaN,NaN,1
21237.1184,-0.05603779,303,14,8,7,NaN,NaN,NaN,13,10,4,NaN,NaN,NaN,1
7854.186,-0.0005446055,303,14,8,7,NaN,NaN,NaN,13,12,2,NaN,NaN,NaN,1
57495.8252,0.0009544524,303,14,10,5,NaN,NaN,NaN,13,4,10,NaN,NaN,NaN,1
51189.5743,0.01115779,303,14,10,5,NaN,NaN,NaN,13,6,8,NaN,NaN,NaN,1
42920.9428,0.2586567,303,14,10,5,NaN,NaN,NaN,13,8,6,NaN,NaN,NaN,1
32054.1419,-2.624998,303,14,10,5,NaN,NaN,NaN,13,10,4,NaN,NaN,NaN,1
18671.2095,-0.0212025,303,14,10,5,NaN,NaN,NaN,13,12,2,NaN,NaN,NaN,1
56277.6671,0.003703457,303,14,12,3,NaN,NaN,NaN,13,8,6,NaN,NaN,NaN,1
45410.8662,0.1855247,303,14,12,3,NaN,NaN,NaN,13,10,4,NaN,NaN,NaN,1
32027.9338,-1.931995,303,14,12,3,NaN,NaN,NaN,13,12,2,NaN,NaN,NaN,1
61257.2113,0.0008199704,303,14,14,1,NaN,NaN,NaN,13,10,4,NaN,NaN,NaN,1
47874.2789,0.1017066,303,14,14,1,NaN,NaN,NaN,13,12,2,NaN,NaN,NaN,1
4596.3154,-0.6776462,303,14,2,13,NaN,NaN,NaN,14,0,14,NaN,NaN,NaN,1
4098.6218,0.9134127,303,14,2,12,NaN,NaN,NaN,14,2,13,NaN,NaN,NaN,1
10078.3119,0.07386109,303,14,4,10,NaN,NaN,NaN,14,2,13,NaN,NaN,NaN,1
14499.0077,0.01899165,303,14,6,8,NaN,NaN,NaN,14,2,13,NaN,NaN,NaN,1
22493.7964,0.001562992,303,14,8,6,NaN,NaN,NaN,14,2,13,NaN,NaN,NaN,1
12323.7258,-0.0291672,303,14,4,11,NaN,NaN,NaN,14,0,14,NaN,NaN,NaN,1
3628.7887,-1.040348,303,14,4,11,NaN,NaN,NaN,14,2,12,NaN,NaN,NaN,1
2350.9015,1.149618,303,14,4,10,NaN,NaN,NaN,14,4,11,NaN,NaN,NaN,1
6771.5972,0.3457364,303,14,6,8,NaN,NaN,NaN,14,4,11,NaN,NaN,NaN,1
14766.386,0.0286751,303,14,8,6,NaN,NaN,NaN,14,4,11,NaN,NaN,NaN,1
25582.1968,0.0009375314,303,14,10,4,NaN,NaN,NaN,14,4,11,NaN,NaN,NaN,1
18892.387,-0.002809234,303,14,6,9,NaN,NaN,NaN,14,0,14,NaN,NaN,NaN,1
10197.4498,-0.1065212,303,14,6,9,NaN,NaN,NaN,14,2,12,NaN,NaN,NaN,1
4217.7597,-0.6935145,303,14,6,9,NaN,NaN,NaN,14,4,10,NaN,NaN,NaN,1
202.936,1.991036,303,14,6,8,NaN,NaN,NaN,14,6,9,NaN,NaN,NaN,1
8197.7248,0.3049648,303,14,8,6,NaN,NaN,NaN,14,6,9,NaN,NaN,NaN,1
19013.5356,0.01000845,303,14,10,4,NaN,NaN,NaN,14,6,9,NaN,NaN,NaN,1
18393.9607,-0.007689641,303,14,8,7,NaN,NaN,NaN,14,2,12,NaN,NaN,NaN,1
12414.2705,-0.05254357,303,14,8,7,NaN,NaN,NaN,14,4,10,NaN,NaN,NaN,1
7993.5748,-0.3077391,303,14,8,7,NaN,NaN,NaN,14,6,8,NaN,NaN,NaN,1
1.214,2.895025,303,14,8,6,NaN,NaN,NaN,14,8,7,NaN,NaN,NaN,1
10817.0248,0.1890637,303,14,10,4,NaN,NaN,NaN,14,8,7,NaN,NaN,NaN,1
24173.7478,0.002717458,303,14,12,2,NaN,NaN,NaN,14,8,7,NaN,NaN,NaN,1
23231.294,-0.001716826,303,14,10,5,NaN,NaN,NaN,14,4,10,NaN,NaN,NaN,1
18810.5983,-0.01009738,303,14,10,5,NaN,NaN,NaN,14,6,8,NaN,NaN,NaN,1
10815.8095,-0.1890672,303,14,10,5,NaN,NaN,NaN,14,8,6,NaN,NaN,NaN,1
0.0013,3.683383,303,14,10,4,NaN,NaN,NaN,14,10,5,NaN,NaN,NaN,1
13356.7243,0.1057773,303,14,12,2,NaN,NaN,NaN,14,10,5,NaN,NaN,NaN,1
29203.0694,0.0004680681,303,14,14,0,NaN,NaN,NaN,14,10,5,NaN,NaN,NaN,1
24172.5338,-0.002717506,303,14,12,3,NaN,NaN,NaN,14,8,6,NaN,NaN,NaN,1
13356.723,-0.1057773,303,14,12,3,NaN,NaN,NaN,14,10,4,NaN,NaN,NaN,1
0,4.446457,303,14,12,2,NaN,NaN,NaN,14,12,3,NaN,NaN,NaN,1
15846.3451,0.03934401,303,14,14,0,NaN,NaN,NaN,14,12,3,NaN,NaN,NaN,1
29203.0681,-0.0004680681,303,14,14,1,NaN,NaN,NaN,14,10,4,NaN,NaN,NaN,1
15846.3451,-0.03934401,303,14,14,1,NaN,NaN,NaN,14,12,2,NaN,NaN,NaN,1
0,-5.200492,303,14,14,1,NaN,NaN,NaN,14,14,0,NaN,NaN,NaN,1
