455.6544,-1.461549,303,2,1,1,NaN,NaN,NaN,2,0,2,NaN,NaN,NaN,1
813.0034,-1.09417,303,2,2,0,NaN,NaN,NaN,2,1,1,NaN,NaN,NaN,1
1054.2039,-0.9128709,303,2,2,1,NaN,NaN,NaN,2,1,2,NaN,NaN,NaN,1
7636.6119,1.290994,303,3,2,2,NaN,NaN,NaN,2,1,1,NaN,NaN,NaN,1
6163.3264,0.5259102,303,3,1,2,NaN,NaN,NaN,2,2,1,NaN,NaN,NaN,1
8395.1995,1.54599,303,3,3,0,NaN,NaN,NaN,2,2,1,NaN,NaN,NaN,1
6898.2909,1.461437,303,3,1,3,NaN,NaN,NaN,2,0,2,NaN,NaN,NaN,1
5629.633,0.3327998,303,3,1,3,NaN,NaN,NaN,2,2,0,NaN,NaN,NaN,1
9643.5908,0.09874642,303,3,3,1,NaN,NaN,NaN,2,0,2,NaN,NaN,NaN,1
8374.9329,1.552534,303,3,3,1,NaN,NaN,NaN,2,2,0,NaN,NaN,NaN,1
1193.9754,-1.148272,303,3,2,2,NaN,NaN,NaN,3,1,3,NaN,NaN,NaN,1
1551.3244,-1.007375,303,3,3,1,NaN,NaN,NaN,3,2,2,NaN,NaN,NaN,1
6577.9235,1.286878,303,3,0,3,NaN,NaN,NaN,2,1,2,NaN,NaN,NaN,1
7980.6022,1.005292,303,3,2,1,NaN,NaN,NaN,2,1,2,NaN,NaN,NaN,1
639.6068,-1.529233,303,3,1,2,NaN,NaN,NaN,3,0,3,NaN,NaN,NaN,1
2871.4798,-0.1155441,303,3,3,0,NaN,NaN,NaN,3,0,3,NaN,NaN,NaN,1
763.0719,-1.558021,303,3,2,1,NaN,NaN,NaN,3,1,2,NaN,NaN,NaN,1
1468.8011,-1.026645,303,3,3,0,NaN,NaN,NaN,3,2,1,NaN,NaN,NaN,1
8852.2019,1.651239,303,4,0,4,NaN,NaN,NaN,3,1,3,NaN,NaN,NaN,1
6106.902,0.06086154,303,4,0,4,NaN,NaN,NaN,3,3,1,NaN,NaN,NaN,1
10532.5424,0.8408487,303,4,2,2,NaN,NaN,NaN,3,1,3,NaN,NaN,NaN,1
7787.2425,0.3908869,303,4,2,2,NaN,NaN,NaN,3,3,1,NaN,NaN,NaN,1
14028.9322,0.03605839,303,4,4,0,NaN,NaN,NaN,3,1,3,NaN,NaN,NaN,1
11283.6323,1.846236,303,4,4,0,NaN,NaN,NaN,3,3,1,NaN,NaN,NaN,1
9043.31,1.718051,303,4,1,4,NaN,NaN,NaN,3,0,3,NaN,NaN,NaN,1
7640.6313,0.3851688,303,4,1,4,NaN,NaN,NaN,3,2,1,NaN,NaN,NaN,1
12020.8646,0.2008503,303,4,3,2,NaN,NaN,NaN,3,0,3,NaN,NaN,NaN,1
10618.1858,1.5361,303,4,3,2,NaN,NaN,NaN,3,2,1,NaN,NaN,NaN,1
8572.9524,0.86648,303,4,1,3,NaN,NaN,NaN,3,2,2,NaN,NaN,NaN,1
10719.2995,1.499737,303,4,3,1,NaN,NaN,NaN,3,2,2,NaN,NaN,NaN,1
914.726,-1.49719,303,4,1,3,NaN,NaN,NaN,4,0,4,NaN,NaN,NaN,1
765.6145,-1.898175,303,4,2,2,NaN,NaN,NaN,4,1,3,NaN,NaN,NaN,1
4262.0043,-0.0627223,303,4,4,0,NaN,NaN,NaN,4,1,3,NaN,NaN,NaN,1
3061.073,-0.2095057,303,4,3,1,NaN,NaN,NaN,4,0,4,NaN,NaN,NaN,1
1380.7325,-1.431522,303,4,3,1,NaN,NaN,NaN,4,2,2,NaN,NaN,NaN,1
2115.6573,-1.028722,303,4,4,0,NaN,NaN,NaN,4,3,1,NaN,NaN,NaN,1
9786.1068,1.39801,303,4,2,3,NaN,NaN,NaN,3,1,2,NaN,NaN,NaN,1
7554.2337,0.3637813,303,4,2,3,NaN,NaN,NaN,3,3,0,NaN,NaN,NaN,1
13512.8677,0.05481137,303,4,4,1,NaN,NaN,NaN,3,1,2,NaN,NaN,NaN,1
11280.9947,1.84668,303,4,4,1,NaN,NaN,NaN,3,3,0,NaN,NaN,NaN,1
1382.4036,-1.272355,303,4,2,3,NaN,NaN,NaN,4,1,4,NaN,NaN,NaN,1
1595.151,-1.3509,303,4,3,2,NaN,NaN,NaN,4,2,3,NaN,NaN,NaN,1
5109.1645,-0.03184466,303,4,4,1,NaN,NaN,NaN,4,1,4,NaN,NaN,NaN,1
2131.61,-1.027214,303,4,4,1,NaN,NaN,NaN,4,3,2,NaN,NaN,NaN,1
11897.8732,1.544385,303,5,2,4,NaN,NaN,NaN,4,1,3,NaN,NaN,NaN,1
9751.5262,0.52618,303,5,2,4,NaN,NaN,NaN,4,3,1,NaN,NaN,NaN,1
15703.8476,0.1245187,303,5,4,2,NaN,NaN,NaN,4,1,3,NaN,NaN,NaN,1
13557.5006,1.822774,303,5,4,2,NaN,NaN,NaN,4,3,1,NaN,NaN,NaN,1
10980.2287,1.207765,303,5,1,4,NaN,NaN,NaN,4,2,3,NaN,NaN,NaN,1
7253.4678,0.03684779,303,5,1,4,NaN,NaN,NaN,4,4,1,NaN,NaN,NaN,1
13099.9404,1.417586,303,5,3,2,NaN,NaN,NaN,4,2,3,NaN,NaN,NaN,1
9373.1795,0.340294,303,5,3,2,NaN,NaN,NaN,4,4,1,NaN,NaN,NaN,1
17906.2889,0.03419251,303,5,5,0,NaN,NaN,NaN,4,2,3,NaN,NaN,NaN,1
14179.528,2.100816,303,5,5,0,NaN,NaN,NaN,4,4,1,NaN,NaN,NaN,1
11196.0205,1.974923,303,5,1,5,NaN,NaN,NaN,4,0,4,NaN,NaN,NaN,1
9515.68,0.3463588,303,5,1,5,NaN,NaN,NaN,4,2,2,NaN,NaN,NaN,1
6019.2902,0.01406614,303,5,1,5,NaN,NaN,NaN,4,4,0,NaN,NaN,NaN,1
14488.1392,0.2896243,303,5,3,3,NaN,NaN,NaN,4,0,4,NaN,NaN,NaN,1
12807.7987,1.538359,303,5,3,3,NaN,NaN,NaN,4,2,2,NaN,NaN,NaN,1
9311.4089,0.3378687,303,5,3,3,NaN,NaN,NaN,4,4,0,NaN,NaN,NaN,1
19355.9716,0.005659655,303,5,5,1,NaN,NaN,NaN,4,0,4,NaN,NaN,NaN,1
17675.6311,0.03663093,303,5,5,1,NaN,NaN,NaN,4,2,2,NaN,NaN,NaN,1
14179.2413,2.100847,303,5,5,1,NaN,NaN,NaN,4,4,0,NaN,NaN,NaN,1
1616.5787,-1.338864,303,5,2,4,NaN,NaN,NaN,5,1,5,NaN,NaN,NaN,1
5422.553,-0.05678401,303,5,4,2,NaN,NaN,NaN,5,1,5,NaN,NaN,NaN,1
1675.54,-1.578904,303,5,3,3,NaN,NaN,NaN,5,2,4,NaN,NaN,NaN,1
2130.4343,-1.404274,303,5,4,2,NaN,NaN,NaN,5,3,3,NaN,NaN,NaN,1
6543.3724,-0.02923537,303,5,5,1,NaN,NaN,NaN,5,2,4,NaN,NaN,NaN,1
2737.3981,-1.035265,303,5,5,1,NaN,NaN,NaN,5,4,2,NaN,NaN,NaN,1
11095.9315,1.952667,303,5,0,5,NaN,NaN,NaN,4,1,4,NaN,NaN,NaN,1
8118.3769,0.1050908,303,5,0,5,NaN,NaN,NaN,4,3,2,NaN,NaN,NaN,1
13213.1397,0.6805637,303,5,2,3,NaN,NaN,NaN,4,1,4,NaN,NaN,NaN,1
10235.5852,0.6311388,303,5,2,3,NaN,NaN,NaN,4,3,2,NaN,NaN,NaN,1
16553.5767,0.06300947,303,5,4,1,NaN,NaN,NaN,4,1,4,NaN,NaN,NaN,1
13576.0221,1.819499,303,5,4,1,NaN,NaN,NaN,4,3,2,NaN,NaN,NaN,1
1266.7008,-1.445096,303,5,1,4,NaN,NaN,NaN,5,0,5,NaN,NaN,NaN,1
3386.4125,-0.2602977,303,5,3,2,NaN,NaN,NaN,5,0,5,NaN,NaN,NaN,1
8192.761,-0.005591918,303,5,5,0,NaN,NaN,NaN,5,0,5,NaN,NaN,NaN,1
850.5075,-2.092758,303,5,2,3,NaN,NaN,NaN,5,1,4,NaN,NaN,NaN,1
1269.2042,-1.790647,303,5,3,2,NaN,NaN,NaN,5,2,3,NaN,NaN,NaN,1
6075.5527,-0.03453187,303,5,5,0,NaN,NaN,NaN,5,2,3,NaN,NaN,NaN,1
4190.9444,-0.1481998,303,5,4,1,NaN,NaN,NaN,5,1,4,NaN,NaN,NaN,1
2071.2327,-1.412806,303,5,4,1,NaN,NaN,NaN,5,3,2,NaN,NaN,NaN,1
2735.1158,-1.035382,303,5,5,0,NaN,NaN,NaN,5,4,1,NaN,NaN,NaN,1
13316.5942,2.206942,303,6,0,6,NaN,NaN,NaN,5,1,5,NaN,NaN,NaN,1
10024.4755,0.1329282,303,6,0,6,NaN,NaN,NaN,5,3,3,NaN,NaN,NaN,1
5156.6431,0.002588268,303,6,0,6,NaN,NaN,NaN,5,5,1,NaN,NaN,NaN,1
16013.9563,0.553327,303,6,2,4,NaN,NaN,NaN,5,1,5,NaN,NaN,NaN,1
12721.8376,0.8711562,303,6,2,4,NaN,NaN,NaN,5,3,3,NaN,NaN,NaN,1
7854.0052,0.0181029,303,6,2,4,NaN,NaN,NaN,5,5,1,NaN,NaN,NaN,1
19174.8747,0.08349634,303,6,4,2,NaN,NaN,NaN,5,1,5,NaN,NaN,NaN,1
15882.756,1.786903,303,6,4,2,NaN,NaN,NaN,5,3,3,NaN,NaN,NaN,1
11014.9236,0.3103743,303,6,4,2,NaN,NaN,NaN,5,5,1,NaN,NaN,NaN,1
25236.3418,0.001232794,303,6,6,0,NaN,NaN,NaN,5,1,5,NaN,NaN,NaN,1
21944.2231,0.02969724,303,6,6,0,NaN,NaN,NaN,5,3,3,NaN,NaN,NaN,1
17076.3907,2.327182,303,6,6,0,NaN,NaN,NaN,5,5,1,NaN,NaN,NaN,1
13364.2108,2.214078,303,6,1,6,NaN,NaN,NaN,5,0,5,NaN,NaN,NaN,1
11247.0025,0.2814114,303,6,1,6,NaN,NaN,NaN,5,2,3,NaN,NaN,NaN,1
7906.5656,0.0251033,303,6,1,6,NaN,NaN,NaN,5,4,1,NaN,NaN,NaN,1
17054.8574,0.3430201,303,6,3,4,NaN,NaN,NaN,5,0,5,NaN,NaN,NaN,1
14937.6491,1.570407,303,6,3,4,NaN,NaN,NaN,5,2,3,NaN,NaN,NaN,1
11597.2122,0.5261371,303,6,3,4,NaN,NaN,NaN,5,4,1,NaN,NaN,NaN,1
21921.2543,0.01242458,303,6,5,2,NaN,NaN,NaN,5,0,5,NaN,NaN,NaN,1
19804.046,0.07670186,303,6,5,2,NaN,NaN,NaN,5,2,3,NaN,NaN,NaN,1
16463.6091,2.077981,303,6,5,2,NaN,NaN,NaN,5,4,1,NaN,NaN,NaN,1
13360.3326,1.55103,303,6,1,5,NaN,NaN,NaN,5,2,4,NaN,NaN,NaN,1
9554.3583,0.08621551,303,6,1,5,NaN,NaN,NaN,5,4,2,NaN,NaN,NaN,1
15573.3637,1.281308,303,6,3,3,NaN,NaN,NaN,5,2,4,NaN,NaN,NaN,1
11767.3894,0.5392159,303,6,3,3,NaN,NaN,NaN,5,4,2,NaN,NaN,NaN,1
20272.1721,0.06492067,303,6,5,1,NaN,NaN,NaN,5,2,4,NaN,NaN,NaN,1
16466.1977,2.077696,303,6,5,1,NaN,NaN,NaN,5,4,2,NaN,NaN,NaN,1
1660.3172,-1.413813,303,6,1,5,NaN,NaN,NaN,6,0,6,NaN,NaN,NaN,1
1037.045,-2.143945,303,6,2,4,NaN,NaN,NaN,6,1,5,NaN,NaN,NaN,1
4197.9634,-0.256813,303,6,4,2,NaN,NaN,NaN,6,1,5,NaN,NaN,NaN,1
10259.4304,-0.003784849,303,6,6,0,NaN,NaN,NaN,6,1,5,NaN,NaN,NaN,1
3873.3482,-0.2562077,303,6,3,3,NaN,NaN,NaN,6,0,6,NaN,NaN,NaN,1
1175.9861,-2.13568,303,6,3,3,NaN,NaN,NaN,6,2,4,NaN,NaN,NaN,1
1984.9323,-1.710725,303,6,4,2,NaN,NaN,NaN,6,3,3,NaN,NaN,NaN,1
8046.3994,-0.02392105,303,6,6,0,NaN,NaN,NaN,6,3,3,NaN,NaN,NaN,1
8572.1566,-0.01161918,303,6,5,1,NaN,NaN,NaN,6,0,6,NaN,NaN,NaN,1
5874.7944,-0.0812821,303,6,5,1,NaN,NaN,NaN,6,2,4,NaN,NaN,NaN,1
2713.876,-1.42428,303,6,5,1,NaN,NaN,NaN,6,4,2,NaN,NaN,NaN,1
3347.591,-1.040558,303,6,6,0,NaN,NaN,NaN,6,5,1,NaN,NaN,NaN,1
13987.4697,1.732336,303,6,2,5,NaN,NaN,NaN,5,1,4,NaN,NaN,NaN,1
11867.758,0.5993076,303,6,2,5,NaN,NaN,NaN,5,3,2,NaN,NaN,NaN,1
7061.4095,0.01311415,303,6,2,5,NaN,NaN,NaN,5,5,0,NaN,NaN,NaN,1
17929.7578,0.2214662,303,6,4,3,NaN,NaN,NaN,5,1,4,NaN,NaN,NaN,1
15810.0462,1.80122,303,6,4,3,NaN,NaN,NaN,5,3,2,NaN,NaN,NaN,1
11003.6977,0.3101712,303,6,4,3,NaN,NaN,NaN,5,5,0,NaN,NaN,NaN,1
24002.4226,0.003227892,303,6,6,1,NaN,NaN,NaN,5,1,4,NaN,NaN,NaN,1
21882.7109,0.02990402,303,6,6,1,NaN,NaN,NaN,5,3,2,NaN,NaN,NaN,1
17076.3624,2.327184,303,6,6,1,NaN,NaN,NaN,5,5,0,NaN,NaN,NaN,1
1889.9598,-1.372896,303,6,2,5,NaN,NaN,NaN,6,1,6,NaN,NaN,NaN,1
1800.6869,-1.736069,303,6,3,4,NaN,NaN,NaN,6,2,5,NaN,NaN,NaN,1
6667.0837,-0.0589006,303,6,5,2,NaN,NaN,NaN,6,2,5,NaN,NaN,NaN,1
5832.2479,-0.07610722,303,6,4,3,NaN,NaN,NaN,6,1,6,NaN,NaN,NaN,1
2141.6012,-1.678011,303,6,4,3,NaN,NaN,NaN,6,3,4,NaN,NaN,NaN,1
2724.7956,-1.423475,303,6,5,2,NaN,NaN,NaN,6,4,3,NaN,NaN,NaN,1
11904.9127,-0.001105875,303,6,6,1,NaN,NaN,NaN,6,1,6,NaN,NaN,NaN,1
8214.266,-0.02337203,303,6,6,1,NaN,NaN,NaN,6,3,4,NaN,NaN,NaN,1
3347.8692,-1.040549,303,6,6,1,NaN,NaN,NaN,6,5,2,NaN,NaN,NaN,1
16078.0287,1.952921,303,7,2,6,NaN,NaN,NaN,6,1,5,NaN,NaN,NaN,1
13864.9976,0.5881598,303,7,2,6,NaN,NaN,NaN,6,3,3,NaN,NaN,NaN,1
9166.1893,0.0272045,303,7,2,6,NaN,NaN,NaN,6,5,1,NaN,NaN,NaN,1
20229.1154,0.3339948,303,7,4,4,NaN,NaN,NaN,6,1,5,NaN,NaN,NaN,1
18016.0844,1.778833,303,7,4,4,NaN,NaN,NaN,6,3,3,NaN,NaN,NaN,1
13317.276,0.4954165,303,7,4,4,NaN,NaN,NaN,6,5,1,NaN,NaN,NaN,1
26274.0137,0.009219345,303,7,6,2,NaN,NaN,NaN,6,1,5,NaN,NaN,NaN,1
24060.9826,0.05826242,303,7,6,2,NaN,NaN,NaN,6,3,3,NaN,NaN,NaN,1
19362.1743,2.305366,303,7,6,2,NaN,NaN,NaN,6,5,1,NaN,NaN,NaN,1
15693.8667,1.87212,303,7,1,6,NaN,NaN,NaN,6,2,5,NaN,NaN,NaN,1
11751.5786,0.1430019,303,7,1,6,NaN,NaN,NaN,6,4,3,NaN,NaN,NaN,1
5678.9138,0.002079738,303,7,1,6,NaN,NaN,NaN,6,6,1,NaN,NaN,NaN,1
18170.7534,1.105989,303,7,3,4,NaN,NaN,NaN,6,2,5,NaN,NaN,NaN,1
14228.4653,0.7149165,303,7,3,4,NaN,NaN,NaN,6,4,3,NaN,NaN,NaN,1
8155.8006,0.01065446,303,7,3,4,NaN,NaN,NaN,6,6,1,NaN,NaN,NaN,1
22696.5343,0.09683621,303,7,5,2,NaN,NaN,NaN,6,2,5,NaN,NaN,NaN,1
18754.2462,2.056773,303,7,5,2,NaN,NaN,NaN,6,4,3,NaN,NaN,NaN,1
12681.5814,0.2874799,303,7,5,2,NaN,NaN,NaN,6,6,1,NaN,NaN,NaN,1
29988.2966,0.001104486,303,7,7,0,NaN,NaN,NaN,6,2,5,NaN,NaN,NaN,1
26046.0085,0.02616969,303,7,7,0,NaN,NaN,NaN,6,4,3,NaN,NaN,NaN,1
19973.3437,2.533231,303,7,7,0,NaN,NaN,NaN,6,6,1,NaN,NaN,NaN,1
15544.7931,2.431998,303,7,1,7,NaN,NaN,NaN,6,0,6,NaN,NaN,NaN,1
12847.4309,0.2244999,303,7,1,7,NaN,NaN,NaN,6,2,4,NaN,NaN,NaN,1
9686.5125,0.03310601,303,7,1,7,NaN,NaN,NaN,6,4,2,NaN,NaN,NaN,1
3625.0455,0.0004887027,303,7,1,7,NaN,NaN,NaN,6,6,0,NaN,NaN,NaN,1
19712.8794,0.3634655,303,7,3,5,NaN,NaN,NaN,6,0,6,NaN,NaN,NaN,1
17015.5173,1.643787,303,7,3,5,NaN,NaN,NaN,6,2,4,NaN,NaN,NaN,1
13854.5989,0.6666052,303,7,3,5,NaN,NaN,NaN,6,4,2,NaN,NaN,NaN,1
7793.1318,0.009991672,303,7,3,5,NaN,NaN,NaN,6,6,0,NaN,NaN,NaN,1
24599.6786,0.01915463,303,7,5,3,NaN,NaN,NaN,6,0,6,NaN,NaN,NaN,1
21902.3164,0.1338401,303,7,5,3,NaN,NaN,NaN,6,2,4,NaN,NaN,NaN,1
18741.398,2.058257,303,7,5,3,NaN,NaN,NaN,6,4,2,NaN,NaN,NaN,1
12679.9309,0.2874629,303,7,5,3,NaN,NaN,NaN,6,6,0,NaN,NaN,NaN,1
29195.7266,0.001524593,303,7,7,1,NaN,NaN,NaN,6,2,4,NaN,NaN,NaN,1
26034.8082,0.02618641,303,7,7,1,NaN,NaN,NaN,6,4,2,NaN,NaN,NaN,1
19973.3411,2.533231,303,7,7,1,NaN,NaN,NaN,6,6,0,NaN,NaN,NaN,1
2193.5528,-1.389566,303,7,2,6,NaN,NaN,NaN,7,1,7,NaN,NaN,NaN,1
6344.6395,-0.08744024,303,7,4,4,NaN,NaN,NaN,7,1,7,NaN,NaN,NaN,1
12389.5378,-0.00239935,303,7,6,2,NaN,NaN,NaN,7,1,7,NaN,NaN,NaN,1
1974.5336,-1.839799,303,7,3,5,NaN,NaN,NaN,7,2,6,NaN,NaN,NaN,1
2176.5532,-1.894821,303,7,4,4,NaN,NaN,NaN,7,3,5,NaN,NaN,NaN,1
8221.4514,-0.04905701,303,7,6,2,NaN,NaN,NaN,7,3,5,NaN,NaN,NaN,1
6861.3327,-0.09040629,303,7,5,3,NaN,NaN,NaN,7,2,6,NaN,NaN,NaN,1
2710.246,-1.710068,303,7,5,3,NaN,NaN,NaN,7,4,4,NaN,NaN,NaN,1
3334.6523,-1.435266,303,7,6,2,NaN,NaN,NaN,7,5,3,NaN,NaN,NaN,1
14154.7429,-0.001028679,303,7,7,1,NaN,NaN,NaN,7,2,6,NaN,NaN,NaN,1
10003.6561,-0.01883461,303,7,7,1,NaN,NaN,NaN,7,4,4,NaN,NaN,NaN,1
3958.7579,-1.044507,303,7,7,1,NaN,NaN,NaN,7,6,2,NaN,NaN,NaN,1
15523.5749,2.429686,303,7,0,7,NaN,NaN,NaN,6,1,6,NaN,NaN,NaN,1
11832.9283,0.1449199,303,7,0,7,NaN,NaN,NaN,6,3,4,NaN,NaN,NaN,1
6966.5314,0.005225474,303,7,0,7,NaN,NaN,NaN,6,5,2,NaN,NaN,NaN,1
18913.2804,0.4639722,303,7,2,5,NaN,NaN,NaN,6,1,6,NaN,NaN,NaN,1
15222.6338,1.135752,303,7,2,5,NaN,NaN,NaN,6,3,4,NaN,NaN,NaN,1
10356.2369,0.04618178,303,7,2,5,NaN,NaN,NaN,6,5,2,NaN,NaN,NaN,1
21913.6639,0.09353726,303,7,4,3,NaN,NaN,NaN,6,1,6,NaN,NaN,NaN,1
18223.0172,1.730596,303,7,4,3,NaN,NaN,NaN,6,3,4,NaN,NaN,NaN,1
13356.6203,0.4966943,303,7,4,3,NaN,NaN,NaN,6,5,2,NaN,NaN,NaN,1
27919.5292,0.002693646,303,7,6,1,NaN,NaN,NaN,6,1,6,NaN,NaN,NaN,1
24228.8826,0.05692419,303,7,6,1,NaN,NaN,NaN,6,3,4,NaN,NaN,NaN,1
19362.4857,2.305341,303,7,6,1,NaN,NaN,NaN,6,5,2,NaN,NaN,NaN,1
2060.2516,-1.403368,303,7,1,6,NaN,NaN,NaN,7,0,7,NaN,NaN,NaN,1
4537.1383,-0.2168135,303,7,3,4,NaN,NaN,NaN,7,0,7,NaN,NaN,NaN,1
9062.9192,-0.01732144,303,7,5,2,NaN,NaN,NaN,7,0,7,NaN,NaN,NaN,1
1329.4539,-2.102157,303,7,2,5,NaN,NaN,NaN,7,1,6,NaN,NaN,NaN,1
1147.4328,-2.419961,303,7,3,4,NaN,NaN,NaN,7,2,5,NaN,NaN,NaN,1
5673.2137,-0.1531943,303,7,5,2,NaN,NaN,NaN,7,2,5,NaN,NaN,NaN,1
12964.976,-0.001745725,303,7,7,0,NaN,NaN,NaN,7,2,5,NaN,NaN,NaN,1
4329.8374,-0.355637,303,7,4,3,NaN,NaN,NaN,7,1,6,NaN,NaN,NaN,1
1852.9506,-1.991729,303,7,4,3,NaN,NaN,NaN,7,3,4,NaN,NaN,NaN,1
2672.8303,-1.713665,303,7,5,2,NaN,NaN,NaN,7,4,3,NaN,NaN,NaN,1
9964.5926,-0.01888104,303,7,7,0,NaN,NaN,NaN,7,4,3,NaN,NaN,NaN,1
10335.7027,-0.01021034,303,7,6,1,NaN,NaN,NaN,7,1,6,NaN,NaN,NaN,1
7858.816,-0.05230998,303,7,6,1,NaN,NaN,NaN,7,3,4,NaN,NaN,NaN,1
3333.0351,-1.43534,303,7,6,1,NaN,NaN,NaN,7,5,2,NaN,NaN,NaN,1
3958.7272,-1.044508,303,7,7,0,NaN,NaN,NaN,7,6,1,NaN,NaN,NaN,1
17723.4974,2.631005,303,8,0,8,NaN,NaN,NaN,7,1,7,NaN,NaN,NaN,1
13555.4111,0.1462091,303,8,0,8,NaN,NaN,NaN,7,3,5,NaN,NaN,NaN,1
8668.6119,0.007669846,303,8,0,8,NaN,NaN,NaN,7,5,3,NaN,NaN,NaN,1
21878.7248,0.4058792,303,8,2,6,NaN,NaN,NaN,7,1,7,NaN,NaN,NaN,1
17710.6385,1.431335,303,8,2,6,NaN,NaN,NaN,7,3,5,NaN,NaN,NaN,1
12823.8393,0.09045518,303,8,2,6,NaN,NaN,NaN,7,5,3,NaN,NaN,NaN,1
5530.4291,0.001029743,303,8,2,6,NaN,NaN,NaN,7,7,1,NaN,NaN,NaN,1
24795.3129,0.09166327,303,8,4,4,NaN,NaN,NaN,7,1,7,NaN,NaN,NaN,1
20627.2266,1.632776,303,8,4,4,NaN,NaN,NaN,7,3,5,NaN,NaN,NaN,1
15740.4275,0.6553262,303,8,4,4,NaN,NaN,NaN,7,5,3,NaN,NaN,NaN,1
8447.0173,0.007549062,303,8,4,4,NaN,NaN,NaN,7,7,1,NaN,NaN,NaN,1
30702.6014,0.004299615,303,8,6,2,NaN,NaN,NaN,7,1,7,NaN,NaN,NaN,1
26534.5151,0.08789043,303,8,6,2,NaN,NaN,NaN,7,3,5,NaN,NaN,NaN,1
21647.716,2.287339,303,8,6,2,NaN,NaN,NaN,7,5,3,NaN,NaN,NaN,1
14354.3058,0.2689813,303,8,6,2,NaN,NaN,NaN,7,7,1,NaN,NaN,NaN,1
35050.507,0.0008187521,303,8,8,0,NaN,NaN,NaN,7,3,5,NaN,NaN,NaN,1
30163.7079,0.02358395,303,8,8,0,NaN,NaN,NaN,7,5,3,NaN,NaN,NaN,1
22870.2977,2.723655,303,8,8,0,NaN,NaN,NaN,7,7,1,NaN,NaN,NaN,1
17732.5374,2.631765,303,8,1,8,NaN,NaN,NaN,7,0,7,NaN,NaN,NaN,1
14342.8319,0.1839451,303,8,1,8,NaN,NaN,NaN,7,2,5,NaN,NaN,NaN,1
11342.4485,0.03658107,303,8,1,8,NaN,NaN,NaN,7,4,3,NaN,NaN,NaN,1
5336.5832,0.001053182,303,8,1,8,NaN,NaN,NaN,7,6,1,NaN,NaN,NaN,1
22446.6198,0.3634115,303,8,3,6,NaN,NaN,NaN,7,0,7,NaN,NaN,NaN,1
19056.9143,1.764646,303,8,3,6,NaN,NaN,NaN,7,2,5,NaN,NaN,NaN,1
16056.5308,0.7559095,303,8,3,6,NaN,NaN,NaN,7,4,3,NaN,NaN,NaN,1
10050.6655,0.0222435,303,8,3,6,NaN,NaN,NaN,7,6,1,NaN,NaN,NaN,1
27392.7408,0.02435187,303,8,5,4,NaN,NaN,NaN,7,0,7,NaN,NaN,NaN,1
24003.0353,0.2146782,303,8,5,4,NaN,NaN,NaN,7,2,5,NaN,NaN,NaN,1
21002.6518,2.035659,303,8,5,4,NaN,NaN,NaN,7,4,3,NaN,NaN,NaN,1
14996.7865,0.4650179,303,8,5,4,NaN,NaN,NaN,7,6,1,NaN,NaN,NaN,1
34655.4454,0.0005199536,303,8,7,2,NaN,NaN,NaN,7,0,7,NaN,NaN,NaN,1
31265.7399,0.004595752,303,8,7,2,NaN,NaN,NaN,7,2,5,NaN,NaN,NaN,1
28265.3564,0.04970345,303,8,7,2,NaN,NaN,NaN,7,4,3,NaN,NaN,NaN,1
22259.4911,2.512246,303,8,7,2,NaN,NaN,NaN,7,6,1,NaN,NaN,NaN,1
17977.8364,2.15282,303,8,1,7,NaN,NaN,NaN,7,2,6,NaN,NaN,NaN,1
13826.7497,0.1915372,303,8,1,7,NaN,NaN,NaN,7,4,4,NaN,NaN,NaN,1
7781.8514,0.005263287,303,8,1,7,NaN,NaN,NaN,7,6,2,NaN,NaN,NaN,1
20903.6181,0.9300672,303,8,3,5,NaN,NaN,NaN,7,2,6,NaN,NaN,NaN,1
16752.5313,0.8925127,303,8,3,5,NaN,NaN,NaN,7,4,4,NaN,NaN,NaN,1
10707.6331,0.02575565,303,8,3,5,NaN,NaN,NaN,7,6,2,NaN,NaN,NaN,1
25199.7167,0.1258248,303,8,5,3,NaN,NaN,NaN,7,2,6,NaN,NaN,NaN,1
21048.63,2.029867,303,8,5,3,NaN,NaN,NaN,7,4,4,NaN,NaN,NaN,1
15003.7317,0.4651413,303,8,5,3,NaN,NaN,NaN,7,6,2,NaN,NaN,NaN,1
32455.5101,0.002708064,303,8,7,1,NaN,NaN,NaN,7,2,6,NaN,NaN,NaN,1
28304.4234,0.04958113,303,8,7,1,NaN,NaN,NaN,7,4,4,NaN,NaN,NaN,1
22259.5252,2.512244,303,8,7,1,NaN,NaN,NaN,7,6,2,NaN,NaN,NaN,1
2447.8918,-1.402168,303,8,1,7,NaN,NaN,NaN,8,0,8,NaN,NaN,NaN,1
1707.3356,-2.03866,303,8,2,6,NaN,NaN,NaN,8,1,7,NaN,NaN,NaN,1
4623.9238,-0.4060541,303,8,4,4,NaN,NaN,NaN,8,1,7,NaN,NaN,NaN,1
10531.2122,-0.0189756,303,8,6,2,NaN,NaN,NaN,8,1,7,NaN,NaN,NaN,1
5373.6734,-0.1698269,303,8,3,5,NaN,NaN,NaN,8,0,8,NaN,NaN,NaN,1
1218.4461,-2.587283,303,8,3,5,NaN,NaN,NaN,8,2,6,NaN,NaN,NaN,1
1698.1421,-2.289055,303,8,4,4,NaN,NaN,NaN,8,3,5,NaN,NaN,NaN,1
7605.4306,-0.09287473,303,8,6,2,NaN,NaN,NaN,8,3,5,NaN,NaN,NaN,1
16121.4225,-0.0008648664,303,8,8,0,NaN,NaN,NaN,8,3,5,NaN,NaN,NaN,1
9669.7721,-0.0214889,303,8,5,3,NaN,NaN,NaN,8,0,8,NaN,NaN,NaN,1
5514.5447,-0.2539269,303,8,5,3,NaN,NaN,NaN,8,2,6,NaN,NaN,NaN,1
2597.9565,-1.960101,303,8,5,3,NaN,NaN,NaN,8,4,4,NaN,NaN,NaN,1
3309.3319,-1.726976,303,8,6,2,NaN,NaN,NaN,8,5,3,NaN,NaN,NaN,1
11825.3239,-0.01567637,303,8,8,0,NaN,NaN,NaN,8,5,3,NaN,NaN,NaN,1
16925.5655,-0.0004622716,303,8,7,1,NaN,NaN,NaN,8,0,8,NaN,NaN,NaN,1
12770.3381,-0.005453912,303,8,7,1,NaN,NaN,NaN,8,2,6,NaN,NaN,NaN,1
9853.75,-0.03998346,303,8,7,1,NaN,NaN,NaN,8,4,4,NaN,NaN,NaN,1
3946.4615,-1.444255,303,8,7,1,NaN,NaN,NaN,8,6,2,NaN,NaN,NaN,1
4569.5305,-1.047606,303,8,8,0,NaN,NaN,NaN,8,7,1,NaN,NaN,NaN,1
18190.2491,2.184017,303,8,2,7,NaN,NaN,NaN,7,1,6,NaN,NaN,NaN,1
15713.3623,0.5180372,303,8,2,7,NaN,NaN,NaN,7,3,4,NaN,NaN,NaN,1
11187.5815,0.04208505,303,8,2,7,NaN,NaN,NaN,7,5,2,NaN,NaN,NaN,1
3895.8192,0.0004799013,303,8,2,7,NaN,NaN,NaN,7,7,0,NaN,NaN,NaN,1
22633.2938,0.435157,303,8,4,5,NaN,NaN,NaN,7,1,6,NaN,NaN,NaN,1
20156.4071,1.765072,303,8,4,5,NaN,NaN,NaN,7,3,4,NaN,NaN,NaN,1
15630.6262,0.6497082,303,8,4,5,NaN,NaN,NaN,7,5,2,NaN,NaN,NaN,1
8338.8639,0.007488467,303,8,4,5,NaN,NaN,NaN,7,7,0,NaN,NaN,NaN,1
28648.5229,0.01830157,303,8,6,3,NaN,NaN,NaN,7,1,6,NaN,NaN,NaN,1
26171.6361,0.09373033,303,8,6,3,NaN,NaN,NaN,7,3,4,NaN,NaN,NaN,1
21645.8553,2.287487,303,8,6,3,NaN,NaN,NaN,7,5,2,NaN,NaN,NaN,1
14354.093,0.2689799,303,8,6,3,NaN,NaN,NaN,7,7,0,NaN,NaN,NaN,1
34687.8407,0.0008730614,303,8,8,1,NaN,NaN,NaN,7,3,4,NaN,NaN,NaN,1
30162.0598,0.02358532,303,8,8,1,NaN,NaN,NaN,7,5,2,NaN,NaN,NaN,1
22870.2975,2.723655,303,8,8,1,NaN,NaN,NaN,7,7,0,NaN,NaN,NaN,1
2517.9632,-1.397696,303,8,2,7,NaN,NaN,NaN,8,1,8,NaN,NaN,NaN,1
2196.1191,-1.903484,303,8,3,6,NaN,NaN,NaN,8,2,7,NaN,NaN,NaN,1
7142.2401,-0.1190667,303,8,5,4,NaN,NaN,NaN,8,2,7,NaN,NaN,NaN,1
14404.9447,-0.002541746,303,8,7,2,NaN,NaN,NaN,8,2,7,NaN,NaN,NaN,1
6961.0079,-0.09108995,303,8,4,5,NaN,NaN,NaN,8,1,8,NaN,NaN,NaN,1
2246.9256,-2.066341,303,8,4,5,NaN,NaN,NaN,8,3,6,NaN,NaN,NaN,1
2699.1954,-1.947191,303,8,5,4,NaN,NaN,NaN,8,4,5,NaN,NaN,NaN,1
9961.9,-0.03966258,303,8,7,2,NaN,NaN,NaN,8,4,5,NaN,NaN,NaN,1
12976.237,-0.003798001,303,8,6,3,NaN,NaN,NaN,8,1,8,NaN,NaN,NaN,1
8262.1547,-0.08022242,303,8,6,3,NaN,NaN,NaN,8,3,6,NaN,NaN,NaN,1
3316.0337,-1.726594,303,8,6,3,NaN,NaN,NaN,8,5,4,NaN,NaN,NaN,1
3946.6709,-1.444248,303,8,7,2,NaN,NaN,NaN,8,6,3,NaN,NaN,NaN,1
16778.3592,-0.000746947,303,8,8,1,NaN,NaN,NaN,8,3,6,NaN,NaN,NaN,1
11832.2382,-0.01567236,303,8,8,1,NaN,NaN,NaN,8,5,4,NaN,NaN,NaN,1
4569.5336,-1.047606,303,8,8,1,NaN,NaN,NaN,8,7,2,NaN,NaN,NaN,1
20331.1262,2.40571,303,9,2,8,NaN,NaN,NaN,8,1,7,NaN,NaN,NaN,1
17405.3446,0.4296066,303,9,2,8,NaN,NaN,NaN,8,3,5,NaN,NaN,NaN,1
13109.246,0.05501787,303,9,2,8,NaN,NaN,NaN,8,5,3,NaN,NaN,NaN,1
5853.4525,0.001183658,303,9,2,8,NaN,NaN,NaN,8,7,1,NaN,NaN,NaN,1
25153.0357,0.5029222,303,9,4,6,NaN,NaN,NaN,8,1,7,NaN,NaN,NaN,1
22227.2541,1.77823,303,9,4,6,NaN,NaN,NaN,8,3,5,NaN,NaN,NaN,1
17931.1554,0.7772276,303,9,4,6,NaN,NaN,NaN,8,5,3,NaN,NaN,NaN,1
10675.362,0.01701337,303,9,4,6,NaN,NaN,NaN,8,7,1,NaN,NaN,NaN,1
31146.2735,0.0287729,303,9,6,4,NaN,NaN,NaN,8,1,7,NaN,NaN,NaN,1
28220.4918,0.1406834,303,9,6,4,NaN,NaN,NaN,8,3,5,NaN,NaN,NaN,1
23924.3932,2.269089,303,9,6,4,NaN,NaN,NaN,8,5,3,NaN,NaN,NaN,1
16668.5997,0.4388852,303,9,6,4,NaN,NaN,NaN,8,7,1,NaN,NaN,NaN,1
39634.2553,0.0004975934,303,9,8,2,NaN,NaN,NaN,8,1,7,NaN,NaN,NaN,1
36708.4736,0.002435022,303,9,8,2,NaN,NaN,NaN,8,3,5,NaN,NaN,NaN,1
32412.375,0.0441355,303,9,8,2,NaN,NaN,NaN,8,5,3,NaN,NaN,NaN,1
25156.5816,2.703382,303,9,8,2,NaN,NaN,NaN,8,7,1,NaN,NaN,NaN,1
20223.0678,2.394362,303,9,1,8,NaN,NaN,NaN,8,2,7,NaN,NaN,NaN,1
15780.0231,0.2225687,303,9,1,8,NaN,NaN,NaN,8,4,5,NaN,NaN,NaN,1
9764.794,0.009296662,303,9,1,8,NaN,NaN,NaN,8,6,3,NaN,NaN,NaN,1
23761.7597,0.783831,303,9,3,6,NaN,NaN,NaN,8,2,7,NaN,NaN,NaN,1
19318.715,1.092935,303,9,3,6,NaN,NaN,NaN,8,4,5,NaN,NaN,NaN,1
13303.4859,0.04982741,303,9,3,6,NaN,NaN,NaN,8,6,3,NaN,NaN,NaN,1
4787.2814,0.0004640308,303,9,3,6,NaN,NaN,NaN,8,8,1,NaN,NaN,NaN,1
27804.0723,0.1468428,303,9,5,4,NaN,NaN,NaN,8,2,7,NaN,NaN,NaN,1
23361.0275,1.987942,303,9,5,4,NaN,NaN,NaN,8,4,5,NaN,NaN,NaN,1
17345.7984,0.6186371,303,9,5,4,NaN,NaN,NaN,8,6,3,NaN,NaN,NaN,1
8829.5939,0.005804163,303,9,5,4,NaN,NaN,NaN,8,8,1,NaN,NaN,NaN,1
35003.09,0.004896521,303,9,7,2,NaN,NaN,NaN,8,2,7,NaN,NaN,NaN,1
30560.0453,0.0763978,303,9,7,2,NaN,NaN,NaN,8,4,5,NaN,NaN,NaN,1
24544.8162,2.495347,303,9,7,2,NaN,NaN,NaN,8,6,3,NaN,NaN,NaN,1
16028.6117,0.2536282,303,9,7,2,NaN,NaN,NaN,8,8,1,NaN,NaN,NaN,1
40298.6815,0.0006014153,303,9,9,0,NaN,NaN,NaN,8,4,5,NaN,NaN,NaN,1
34283.4524,0.02162095,303,9,9,0,NaN,NaN,NaN,8,6,3,NaN,NaN,NaN,1
25767.2478,2.901562,303,9,9,0,NaN,NaN,NaN,8,8,1,NaN,NaN,NaN,1
19923.8205,2.816973,303,9,1,9,NaN,NaN,NaN,8,0,8,NaN,NaN,NaN,1
15768.5931,0.1575997,303,9,1,9,NaN,NaN,NaN,8,2,6,NaN,NaN,NaN,1
12852.0049,0.03530333,303,9,1,9,NaN,NaN,NaN,8,4,4,NaN,NaN,NaN,1
6944.7165,0.001655546,303,9,1,9,NaN,NaN,NaN,8,6,2,NaN,NaN,NaN,1
25238.9674,0.3534318,303,9,3,7,NaN,NaN,NaN,8,0,8,NaN,NaN,NaN,1
21083.7401,1.932832,303,9,3,7,NaN,NaN,NaN,8,2,6,NaN,NaN,NaN,1
18167.1519,0.7827833,303,9,3,7,NaN,NaN,NaN,8,4,4,NaN,NaN,NaN,1
12259.8634,0.03766654,303,9,3,7,NaN,NaN,NaN,8,6,2,NaN,NaN,NaN,1
3743.8715,0.0003508339,303,9,3,7,NaN,NaN,NaN,8,8,0,NaN,NaN,NaN,1
30301.6219,0.02733586,303,9,5,5,NaN,NaN,NaN,8,0,8,NaN,NaN,NaN,1
26146.3945,0.3207735,303,9,5,5,NaN,NaN,NaN,8,2,6,NaN,NaN,NaN,1
23229.8064,2.006977,303,9,5,5,NaN,NaN,NaN,8,4,4,NaN,NaN,NaN,1
17322.5179,0.618033,303,9,5,5,NaN,NaN,NaN,8,6,2,NaN,NaN,NaN,1
8806.5259,0.005798801,303,9,5,5,NaN,NaN,NaN,8,8,0,NaN,NaN,NaN,1
37523.6826,0.0008905622,303,9,7,3,NaN,NaN,NaN,8,0,8,NaN,NaN,NaN,1
33368.4552,0.0105069,303,9,7,3,NaN,NaN,NaN,8,2,6,NaN,NaN,NaN,1
30451.8671,0.07701666,303,9,7,3,NaN,NaN,NaN,8,4,4,NaN,NaN,NaN,1
24544.5786,2.495361,303,9,7,3,NaN,NaN,NaN,8,6,2,NaN,NaN,NaN,1
16028.5866,0.2536281,303,9,7,3,NaN,NaN,NaN,8,8,0,NaN,NaN,NaN,1
40190.5282,0.0006062819,303,9,9,1,NaN,NaN,NaN,8,4,4,NaN,NaN,NaN,1
34283.2398,0.02162106,303,9,9,1,NaN,NaN,NaN,8,6,2,NaN,NaN,NaN,1
25767.2478,2.901562,303,9,9,1,NaN,NaN,NaN,8,8,0,NaN,NaN,NaN,1
2855.1975,-1.401905,303,9,2,8,NaN,NaN,NaN,9,1,9,NaN,NaN,NaN,1
7677.107,-0.08907192,303,9,4,6,NaN,NaN,NaN,9,1,9,NaN,NaN,NaN,1
13670.3448,-0.005044242,303,9,6,4,NaN,NaN,NaN,9,1,9,NaN,NaN,NaN,1
2459.9494,-1.939662,303,9,3,7,NaN,NaN,NaN,9,2,8,NaN,NaN,NaN,1
2361.9601,-2.195946,303,9,4,6,NaN,NaN,NaN,9,3,7,NaN,NaN,NaN,1
8355.1978,-0.114789,303,9,6,4,NaN,NaN,NaN,9,3,7,NaN,NaN,NaN,1
16843.1796,-0.001984774,303,9,8,2,NaN,NaN,NaN,9,3,7,NaN,NaN,NaN,1
7522.6039,-0.1406834,303,9,5,5,NaN,NaN,NaN,9,2,8,NaN,NaN,NaN,1
2700.6944,-2.151437,303,9,5,5,NaN,NaN,NaN,9,4,6,NaN,NaN,NaN,1
3292.5434,-1.968404,303,9,6,4,NaN,NaN,NaN,9,5,5,NaN,NaN,NaN,1
11780.5252,-0.03280597,303,9,8,2,NaN,NaN,NaN,9,5,5,NaN,NaN,NaN,1
14744.6646,-0.004581944,303,9,7,3,NaN,NaN,NaN,9,2,8,NaN,NaN,NaN,1
9922.7551,-0.06586233,303,9,7,3,NaN,NaN,NaN,9,4,6,NaN,NaN,NaN,1
3929.5173,-1.739022,303,9,7,3,NaN,NaN,NaN,9,6,4,NaN,NaN,NaN,1
4558.4645,-1.451472,303,9,8,2,NaN,NaN,NaN,9,7,3,NaN,NaN,NaN,1
19661.4163,-0.0005183854,303,9,9,1,NaN,NaN,NaN,9,4,6,NaN,NaN,NaN,1
13668.1785,-0.01340723,303,9,9,1,NaN,NaN,NaN,9,6,4,NaN,NaN,NaN,1
5180.1967,-1.050101,303,9,9,1,NaN,NaN,NaN,9,8,2,NaN,NaN,NaN,1
19920.0911,2.81672,303,9,0,9,NaN,NaN,NaN,8,1,8,NaN,NaN,NaN,1
15206.0088,0.141818,303,9,0,9,NaN,NaN,NaN,8,3,6,NaN,NaN,NaN,1
10259.8878,0.009463707,303,9,0,9,NaN,NaN,NaN,8,5,4,NaN,NaN,NaN,1
24871.3705,0.3693558,303,9,2,7,NaN,NaN,NaN,8,1,8,NaN,NaN,NaN,1
20157.2882,1.744567,303,9,2,7,NaN,NaN,NaN,8,3,6,NaN,NaN,NaN,1
15211.1672,0.1494586,303,9,2,7,NaN,NaN,NaN,8,5,4,NaN,NaN,NaN,1
7948.4626,0.003194075,303,9,2,7,NaN,NaN,NaN,8,7,2,NaN,NaN,NaN,1
27846.9556,0.07998513,303,9,4,5,NaN,NaN,NaN,8,1,8,NaN,NaN,NaN,1
23132.8732,1.484666,303,9,4,5,NaN,NaN,NaN,8,3,6,NaN,NaN,NaN,1
18186.7522,0.7974524,303,9,4,5,NaN,NaN,NaN,8,5,4,NaN,NaN,NaN,1
10924.0476,0.01741855,303,9,4,5,NaN,NaN,NaN,8,7,2,NaN,NaN,NaN,1
33592.5484,0.005751972,303,9,6,3,NaN,NaN,NaN,8,1,8,NaN,NaN,NaN,1
28878.4661,0.1214378,303,9,6,3,NaN,NaN,NaN,8,3,6,NaN,NaN,NaN,1
23932.3451,2.268428,303,9,6,3,NaN,NaN,NaN,8,5,4,NaN,NaN,NaN,1
16669.6405,0.4388968,303,9,6,3,NaN,NaN,NaN,8,7,2,NaN,NaN,NaN,1
37365.4106,0.00210302,303,9,8,1,NaN,NaN,NaN,8,3,6,NaN,NaN,NaN,1
32419.2897,0.04412421,303,9,8,1,NaN,NaN,NaN,8,5,4,NaN,NaN,NaN,1
25156.5851,2.703382,303,9,8,1,NaN,NaN,NaN,8,7,2,NaN,NaN,NaN,1
2820.9399,-1.403374,303,9,1,8,NaN,NaN,NaN,9,0,9,NaN,NaN,NaN,1
6359.6318,-0.13103,303,9,3,6,NaN,NaN,NaN,9,0,9,NaN,NaN,NaN,1
10401.9443,-0.02347224,303,9,5,4,NaN,NaN,NaN,9,0,9,NaN,NaN,NaN,1
17600.9621,-0.0007821717,303,9,7,2,NaN,NaN,NaN,9,0,9,NaN,NaN,NaN,1
2130.3396,-1.996731,303,9,2,7,NaN,NaN,NaN,9,1,8,NaN,NaN,NaN,1
1408.3524,-2.624894,303,9,3,6,NaN,NaN,NaN,9,2,7,NaN,NaN,NaN,1
5450.6649,-0.3721542,303,9,5,4,NaN,NaN,NaN,9,2,7,NaN,NaN,NaN,1
12649.6827,-0.01236398,303,9,7,2,NaN,NaN,NaN,9,2,7,NaN,NaN,NaN,1
5105.9246,-0.394816,303,9,4,5,NaN,NaN,NaN,9,1,8,NaN,NaN,NaN,1
1567.2326,-2.59386,303,9,4,5,NaN,NaN,NaN,9,3,6,NaN,NaN,NaN,1
2475.0799,-2.191443,303,9,5,4,NaN,NaN,NaN,9,4,5,NaN,NaN,NaN,1
9674.0977,-0.06743005,303,9,7,2,NaN,NaN,NaN,9,4,5,NaN,NaN,NaN,1
19412.7338,-0.0005307302,303,9,9,0,NaN,NaN,NaN,9,4,5,NaN,NaN,NaN,1
10851.5174,-0.02829114,303,9,6,3,NaN,NaN,NaN,9,1,8,NaN,NaN,NaN,1
7312.8255,-0.151728,303,9,6,3,NaN,NaN,NaN,9,3,6,NaN,NaN,NaN,1
3270.5129,-1.969932,303,9,6,3,NaN,NaN,NaN,9,5,4,NaN,NaN,NaN,1
3928.5049,-1.739061,303,9,7,2,NaN,NaN,NaN,9,6,3,NaN,NaN,NaN,1
13667.141,-0.01340757,303,9,9,0,NaN,NaN,NaN,9,6,3,NaN,NaN,NaN,1
19338.462,-0.0004897421,303,9,8,1,NaN,NaN,NaN,9,1,8,NaN,NaN,NaN,1
15799.7701,-0.002625165,303,9,8,1,NaN,NaN,NaN,9,3,6,NaN,NaN,NaN,1
11757.4575,-0.0328363,303,9,8,1,NaN,NaN,NaN,9,5,4,NaN,NaN,NaN,1
4558.4397,-1.451473,303,9,8,1,NaN,NaN,NaN,9,7,2,NaN,NaN,NaN,1
5180.1964,-1.050101,303,9,9,0,NaN,NaN,NaN,9,8,1,NaN,NaN,NaN,1
22115.2128,2.990306,303,10,0,10,NaN,NaN,NaN,9,1,9,NaN,NaN,NaN,1
16800.0658,0.135135,303,10,0,10,NaN,NaN,NaN,9,3,7,NaN,NaN,NaN,1
11737.4114,0.01041519,303,10,0,10,NaN,NaN,NaN,9,5,5,NaN,NaN,NaN,1
4515.3507,0.0003393093,303,10,0,10,NaN,NaN,NaN,9,7,3,NaN,NaN,NaN,1
27857.2353,0.3453165,303,10,2,8,NaN,NaN,NaN,9,1,9,NaN,NaN,NaN,1
22542.0883,2.047561,303,10,2,8,NaN,NaN,NaN,9,3,7,NaN,NaN,NaN,1
17479.4339,0.2126624,303,10,2,8,NaN,NaN,NaN,9,5,5,NaN,NaN,NaN,1
10257.3732,0.006939485,303,10,2,8,NaN,NaN,NaN,9,7,3,NaN,NaN,NaN,1
31086.5354,0.06373438,303,10,4,6,NaN,NaN,NaN,9,1,9,NaN,NaN,NaN,1
25771.3884,1.301024,303,10,4,6,NaN,NaN,NaN,9,3,7,NaN,NaN,NaN,1
20708.7339,0.9353202,303,10,4,6,NaN,NaN,NaN,9,5,5,NaN,NaN,NaN,1
13486.6732,0.03170733,303,10,4,6,NaN,NaN,NaN,9,7,3,NaN,NaN,NaN,1
36596.4891,0.006810786,303,10,6,4,NaN,NaN,NaN,9,1,9,NaN,NaN,NaN,1
31281.3421,0.1548619,303,10,6,4,NaN,NaN,NaN,9,3,7,NaN,NaN,NaN,1
26218.6877,2.244449,303,10,6,4,NaN,NaN,NaN,9,5,5,NaN,NaN,NaN,1
18996.627,0.5878899,303,10,6,4,NaN,NaN,NaN,9,7,3,NaN,NaN,NaN,1
9257.9658,0.004651777,303,10,6,4,NaN,NaN,NaN,9,9,1,NaN,NaN,NaN,1
39726.9094,0.004072255,303,10,8,2,NaN,NaN,NaN,9,3,7,NaN,NaN,NaN,1
34664.255,0.06730448,303,10,8,2,NaN,NaN,NaN,9,5,5,NaN,NaN,NaN,1
27442.1943,2.687081,303,10,8,2,NaN,NaN,NaN,9,7,3,NaN,NaN,NaN,1
17703.5331,0.2406258,303,10,8,2,NaN,NaN,NaN,9,9,1,NaN,NaN,NaN,1
45624.9174,0.0004586003,303,10,10,0,NaN,NaN,NaN,9,5,5,NaN,NaN,NaN,1
38402.8567,0.02007132,303,10,10,0,NaN,NaN,NaN,9,7,3,NaN,NaN,NaN,1
28664.1956,3.069146,303,10,10,0,NaN,NaN,NaN,9,9,1,NaN,NaN,NaN,1
22116.7144,2.99039,303,10,1,10,NaN,NaN,NaN,9,0,9,NaN,NaN,NaN,1
17165.435,0.1409842,303,10,1,10,NaN,NaN,NaN,9,2,7,NaN,NaN,NaN,1
14189.8499,0.03037442,303,10,1,10,NaN,NaN,NaN,9,4,5,NaN,NaN,NaN,1
8444.2571,0.002183872,303,10,1,10,NaN,NaN,NaN,9,6,3,NaN,NaN,NaN,1
28073.6623,0.3398208,303,10,3,8,NaN,NaN,NaN,9,0,9,NaN,NaN,NaN,1
23122.3828,2.13715,303,10,3,8,NaN,NaN,NaN,9,2,7,NaN,NaN,NaN,1
20146.7978,0.7431374,303,10,3,8,NaN,NaN,NaN,9,4,5,NaN,NaN,NaN,1
14401.205,0.05481069,303,10,3,8,NaN,NaN,NaN,9,6,3,NaN,NaN,NaN,1
5914.2604,0.0009489025,303,10,3,8,NaN,NaN,NaN,9,8,1,NaN,NaN,NaN,1
33326.5543,0.02814202,303,10,5,6,NaN,NaN,NaN,9,0,9,NaN,NaN,NaN,1
28375.2749,0.4408725,303,10,5,6,NaN,NaN,NaN,9,2,7,NaN,NaN,NaN,1
25399.6899,1.974092,303,10,5,6,NaN,NaN,NaN,9,4,5,NaN,NaN,NaN,1
19654.0971,0.7525703,303,10,5,6,NaN,NaN,NaN,9,6,3,NaN,NaN,NaN,1
11167.1525,0.01318976,303,10,5,6,NaN,NaN,NaN,9,8,1,NaN,NaN,NaN,1
40499.9379,0.001268965,303,10,7,4,NaN,NaN,NaN,9,0,9,NaN,NaN,NaN,1
35548.6585,0.02005861,303,10,7,4,NaN,NaN,NaN,9,2,7,NaN,NaN,NaN,1
32573.0735,0.1093545,303,10,7,4,NaN,NaN,NaN,9,4,5,NaN,NaN,NaN,1
26827.4807,2.479291,303,10,7,4,NaN,NaN,NaN,9,6,3,NaN,NaN,NaN,1
18340.5361,0.4165585,303,10,7,4,NaN,NaN,NaN,9,8,1,NaN,NaN,NaN,1
42286.1454,0.001585374,303,10,9,2,NaN,NaN,NaN,9,4,5,NaN,NaN,NaN,1
36540.5526,0.04004988,303,10,9,2,NaN,NaN,NaN,9,6,3,NaN,NaN,NaN,1
28053.608,2.881928,303,10,9,2,NaN,NaN,NaN,9,8,1,NaN,NaN,NaN,1
22443.6226,2.606747,303,10,1,9,NaN,NaN,NaN,9,2,8,NaN,NaN,NaN,1
17621.7131,0.2362084,303,10,1,9,NaN,NaN,NaN,9,4,6,NaN,NaN,NaN,1
11628.4754,0.01340212,303,10,1,9,NaN,NaN,NaN,9,6,4,NaN,NaN,NaN,1
26719.5454,0.6768783,303,10,3,7,NaN,NaN,NaN,9,2,8,NaN,NaN,NaN,1
21897.6359,1.329692,303,10,3,7,NaN,NaN,NaN,9,4,6,NaN,NaN,NaN,1
15904.3982,0.08680851,303,10,3,7,NaN,NaN,NaN,9,6,4,NaN,NaN,NaN,1
7416.4164,0.001501741,303,10,3,7,NaN,NaN,NaN,9,8,2,NaN,NaN,NaN,1
30534.8157,0.1554931,303,10,5,5,NaN,NaN,NaN,9,2,8,NaN,NaN,NaN,1
25712.9062,1.9189,303,10,5,5,NaN,NaN,NaN,9,4,6,NaN,NaN,NaN,1
19719.6685,0.754954,303,10,5,5,NaN,NaN,NaN,9,6,4,NaN,NaN,NaN,1
11231.6866,0.01322855,303,10,5,5,NaN,NaN,NaN,9,8,2,NaN,NaN,NaN,1
37643.8046,0.007432484,303,10,7,3,NaN,NaN,NaN,9,2,8,NaN,NaN,NaN,1
32821.8951,0.1068059,303,10,7,3,NaN,NaN,NaN,9,4,6,NaN,NaN,NaN,1
26828.6574,2.479219,303,10,7,3,NaN,NaN,NaN,9,6,4,NaN,NaN,NaN,1
18340.6755,0.4165596,303,10,7,3,NaN,NaN,NaN,9,8,2,NaN,NaN,NaN,1
42534.8279,0.001548497,303,10,9,1,NaN,NaN,NaN,9,4,6,NaN,NaN,NaN,1
36541.5902,0.04004886,303,10,9,1,NaN,NaN,NaN,9,6,4,NaN,NaN,NaN,1
28053.6083,2.881928,303,10,9,1,NaN,NaN,NaN,9,8,2,NaN,NaN,NaN,1
3183.6073,-1.404851,303,10,1,9,NaN,NaN,NaN,10,0,10,NaN,NaN,NaN,1
2558.4152,-1.979994,303,10,2,8,NaN,NaN,NaN,10,1,9,NaN,NaN,NaN,1
5787.7152,-0.3409145,303,10,4,6,NaN,NaN,NaN,10,1,9,NaN,NaN,NaN,1
11297.6689,-0.03632893,303,10,6,4,NaN,NaN,NaN,10,1,9,NaN,NaN,NaN,1
19743.2363,-0.0009546694,303,10,8,2,NaN,NaN,NaN,10,1,9,NaN,NaN,NaN,1
7459.5302,-0.103636,303,10,3,7,NaN,NaN,NaN,10,0,10,NaN,NaN,NaN,1
1717.5077,-2.57414,303,10,3,7,NaN,NaN,NaN,10,2,8,NaN,NaN,NaN,1
1511.7924,-2.851997,303,10,4,6,NaN,NaN,NaN,10,3,7,NaN,NaN,NaN,1
7021.7461,-0.2356931,303,10,6,4,NaN,NaN,NaN,10,3,7,NaN,NaN,NaN,1
15467.3134,-0.006185688,303,10,8,2,NaN,NaN,NaN,10,3,7,NaN,NaN,NaN,1
11274.8004,-0.02313402,303,10,5,5,NaN,NaN,NaN,10,0,10,NaN,NaN,NaN,1
5532.7779,-0.4752609,303,10,5,5,NaN,NaN,NaN,10,2,8,NaN,NaN,NaN,1
2303.4779,-2.432877,303,10,5,5,NaN,NaN,NaN,10,4,6,NaN,NaN,NaN,1
3206.4759,-2.185964,303,10,6,4,NaN,NaN,NaN,10,5,5,NaN,NaN,NaN,1
11652.0432,-0.05449024,303,10,8,2,NaN,NaN,NaN,10,5,5,NaN,NaN,NaN,1
22612.7056,-0.0003712531,303,10,10,0,NaN,NaN,NaN,10,5,5,NaN,NaN,NaN,1
18383.7893,-0.001104962,303,10,7,3,NaN,NaN,NaN,10,0,10,NaN,NaN,NaN,1
12641.7668,-0.02259875,303,10,7,3,NaN,NaN,NaN,10,2,8,NaN,NaN,NaN,1
9412.4668,-0.1032763,303,10,7,3,NaN,NaN,NaN,10,4,6,NaN,NaN,NaN,1
3902.513,-1.982916,303,10,7,3,NaN,NaN,NaN,10,6,4,NaN,NaN,NaN,1
4543.0543,-1.749344,303,10,8,2,NaN,NaN,NaN,10,7,3,NaN,NaN,NaN,1
15503.7167,-0.01171328,303,10,10,0,NaN,NaN,NaN,10,7,3,NaN,NaN,NaN,1
22354.6996,-0.0003275598,303,10,9,1,NaN,NaN,NaN,10,2,8,NaN,NaN,NaN,1
19125.3996,-0.001496709,303,10,9,1,NaN,NaN,NaN,10,4,6,NaN,NaN,NaN,1
13615.4458,-0.02789645,303,10,9,1,NaN,NaN,NaN,10,6,4,NaN,NaN,NaN,1
5169.8785,-1.457419,303,10,9,1,NaN,NaN,NaN,10,8,2,NaN,NaN,NaN,1
5790.7839,-1.052153,303,10,10,0,NaN,NaN,NaN,10,9,1,NaN,NaN,NaN,1
22495.2814,2.610849,303,10,2,9,NaN,NaN,NaN,9,1,8,NaN,NaN,NaN,1
18956.5894,0.3520347,303,10,2,9,NaN,NaN,NaN,9,3,6,NaN,NaN,NaN,1
14914.2769,0.06355566,303,10,2,9,NaN,NaN,NaN,9,5,4,NaN,NaN,NaN,1
7715.2591,0.002118136,303,10,2,9,NaN,NaN,NaN,9,7,2,NaN,NaN,NaN,1
27779.3368,0.5350949,303,10,4,7,NaN,NaN,NaN,9,1,8,NaN,NaN,NaN,1
24240.6448,1.834162,303,10,4,7,NaN,NaN,NaN,9,3,6,NaN,NaN,NaN,1
20198.3323,0.8738665,303,10,4,7,NaN,NaN,NaN,9,5,4,NaN,NaN,NaN,1
12999.3145,0.02983931,303,10,4,7,NaN,NaN,NaN,9,7,2,NaN,NaN,NaN,1
33772.6127,0.03837216,303,10,6,5,NaN,NaN,NaN,9,1,8,NaN,NaN,NaN,1
30233.9208,0.2052675,303,10,6,5,NaN,NaN,NaN,9,3,6,NaN,NaN,NaN,1
26191.6082,2.24686,303,10,6,5,NaN,NaN,NaN,9,5,4,NaN,NaN,NaN,1
18992.5904,0.5878259,303,10,6,5,NaN,NaN,NaN,9,7,2,NaN,NaN,NaN,1
9253.9543,0.004651293,303,10,6,5,NaN,NaN,NaN,9,9,0,NaN,NaN,NaN,1
42222.1888,0.001004828,303,10,8,3,NaN,NaN,NaN,9,1,8,NaN,NaN,NaN,1
38683.4968,0.005386191,303,10,8,3,NaN,NaN,NaN,9,3,6,NaN,NaN,NaN,1
34641.1843,0.06736678,303,10,8,3,NaN,NaN,NaN,9,5,4,NaN,NaN,NaN,1
27442.1665,2.687082,303,10,8,3,NaN,NaN,NaN,9,7,2,NaN,NaN,NaN,1
17703.5304,0.2406258,303,10,8,3,NaN,NaN,NaN,9,9,0,NaN,NaN,NaN,1
45601.8495,0.0004590244,303,10,10,1,NaN,NaN,NaN,9,5,4,NaN,NaN,NaN,1
38402.8317,0.02007132,303,10,10,1,NaN,NaN,NaN,9,7,2,NaN,NaN,NaN,1
28664.1956,3.069146,303,10,10,1,NaN,NaN,NaN,9,9,0,NaN,NaN,NaN,1
3199.5068,-1.404357,303,10,2,9,NaN,NaN,NaN,10,1,10,NaN,NaN,NaN,1
2757.441,-1.958961,303,10,3,8,NaN,NaN,NaN,10,2,9,NaN,NaN,NaN,1
8010.3331,-0.1530456,303,10,5,6,NaN,NaN,NaN,10,2,9,NaN,NaN,NaN,1
15183.7167,-0.006898752,303,10,7,4,NaN,NaN,NaN,10,2,9,NaN,NaN,NaN,1
8483.5623,-0.08379124,303,10,4,7,NaN,NaN,NaN,10,1,10,NaN,NaN,NaN,1
2526.6144,-2.287133,303,10,4,7,NaN,NaN,NaN,10,3,8,NaN,NaN,NaN,1
2726.2777,-2.326974,303,10,5,6,NaN,NaN,NaN,10,4,7,NaN,NaN,NaN,1
9899.6613,-0.09719877,303,10,7,4,NaN,NaN,NaN,10,4,7,NaN,NaN,NaN,1
19612.7332,-0.001408548,303,10,9,2,NaN,NaN,NaN,10,4,7,NaN,NaN,NaN,1
14476.8382,-0.005946761,303,10,6,5,NaN,NaN,NaN,10,1,10,NaN,NaN,NaN,1
8519.8903,-0.1493062,303,10,6,5,NaN,NaN,NaN,10,3,8,NaN,NaN,NaN,1
3266.9982,-2.180774,303,10,6,5,NaN,NaN,NaN,10,5,6,NaN,NaN,NaN,1
3906.3854,-1.98274,303,10,7,4,NaN,NaN,NaN,10,6,5,NaN,NaN,NaN,1
13619.4573,-0.02789355,303,10,9,2,NaN,NaN,NaN,10,6,5,NaN,NaN,NaN,1
16969.4664,-0.003908545,303,10,8,3,NaN,NaN,NaN,10,3,8,NaN,NaN,NaN,1
11716.5743,-0.05433053,303,10,8,3,NaN,NaN,NaN,10,5,6,NaN,NaN,NaN,1
4543.1907,-1.74934,303,10,8,3,NaN,NaN,NaN,10,7,4,NaN,NaN,NaN,1
5169.8812,-1.457419,303,10,9,2,NaN,NaN,NaN,10,8,3,NaN,NaN,NaN,1
22677.2395,-0.0003701647,303,10,10,1,NaN,NaN,NaN,10,5,6,NaN,NaN,NaN,1
15503.8559,-0.01171325,303,10,10,1,NaN,NaN,NaN,10,7,4,NaN,NaN,NaN,1
5790.784,-1.052153,303,10,10,1,NaN,NaN,NaN,10,9,2,NaN,NaN,NaN,1
24674.005,2.800308,303,11,2,10,NaN,NaN,NaN,10,1,9,NaN,NaN,NaN,1
20398.0822,0.2948627,303,11,2,10,NaN,NaN,NaN,10,3,7,NaN,NaN,NaN,1
16582.8119,0.06613783,303,11,2,10,NaN,NaN,NaN,10,5,5,NaN,NaN,NaN,1
9473.823,0.003159393,303,11,2,10,NaN,NaN,NaN,10,7,3,NaN,NaN,NaN,1
30493.7443,0.5418254,303,11,4,8,NaN,NaN,NaN,10,1,9,NaN,NaN,NaN,1
26217.8215,1.940784,303,11,4,8,NaN,NaN,NaN,10,3,7,NaN,NaN,NaN,1
22402.5512,0.9292624,303,11,4,8,NaN,NaN,NaN,10,5,5,NaN,NaN,NaN,1
15293.5623,0.04574494,303,11,4,8,NaN,NaN,NaN,10,7,3,NaN,NaN,NaN,1
5580.6295,0.0006630959,303,11,4,8,NaN,NaN,NaN,10,9,1,NaN,NaN,NaN,1
36526.9015,0.04547983,303,11,6,6,NaN,NaN,NaN,10,1,9,NaN,NaN,NaN,1
32250.9787,0.2934305,303,11,6,6,NaN,NaN,NaN,10,3,7,NaN,NaN,NaN,1
28435.7085,2.21813,303,11,6,6,NaN,NaN,NaN,10,5,5,NaN,NaN,NaN,1
21326.7195,0.7215346,303,11,6,6,NaN,NaN,NaN,10,7,3,NaN,NaN,NaN,1
11613.7867,0.01055149,303,11,6,6,NaN,NaN,NaN,10,9,1,NaN,NaN,NaN,1
44926.622,0.001643969,303,11,8,4,NaN,NaN,NaN,10,1,9,NaN,NaN,NaN,1
40650.6992,0.01065193,303,11,8,4,NaN,NaN,NaN,10,3,7,NaN,NaN,NaN,1
36835.4289,0.09381668,303,11,8,4,NaN,NaN,NaN,10,5,5,NaN,NaN,NaN,1
29726.44,2.672253,303,11,8,4,NaN,NaN,NaN,10,7,3,NaN,NaN,NaN,1
20013.5072,0.3972722,303,11,8,4,NaN,NaN,NaN,10,9,1,NaN,NaN,NaN,1
47772.5274,0.001169237,303,11,10,2,NaN,NaN,NaN,10,5,5,NaN,NaN,NaN,1
40663.5385,0.03688988,303,11,10,2,NaN,NaN,NaN,10,7,3,NaN,NaN,NaN,1
30950.6057,3.050094,303,11,10,2,NaN,NaN,NaN,10,9,1,NaN,NaN,NaN,1
24650.4118,2.798817,303,11,1,10,NaN,NaN,NaN,10,2,9,NaN,NaN,NaN,1
19366.3564,0.2372873,303,11,1,10,NaN,NaN,NaN,10,4,7,NaN,NaN,NaN,1
13373.0805,0.01687074,303,11,1,10,NaN,NaN,NaN,10,6,5,NaN,NaN,NaN,1
4923.5044,0.0004417759,303,11,1,10,NaN,NaN,NaN,10,8,3,NaN,NaN,NaN,1
29740.5056,0.6052912,303,11,3,8,NaN,NaN,NaN,10,2,9,NaN,NaN,NaN,1
24456.4502,1.60445,303,11,3,8,NaN,NaN,NaN,10,4,7,NaN,NaN,NaN,1
18463.1743,0.139554,303,11,3,8,NaN,NaN,NaN,10,6,5,NaN,NaN,NaN,1
10013.5982,0.003657298,303,11,3,8,NaN,NaN,NaN,10,8,3,NaN,NaN,NaN,1
33420.729,0.1497532,303,11,5,6,NaN,NaN,NaN,10,2,9,NaN,NaN,NaN,1
28136.6736,1.809001,303,11,5,6,NaN,NaN,NaN,10,4,7,NaN,NaN,NaN,1
22143.3977,0.8780955,303,11,5,6,NaN,NaN,NaN,10,6,5,NaN,NaN,NaN,1
13693.8216,0.0234867,303,11,5,6,NaN,NaN,NaN,10,8,3,NaN,NaN,NaN,1
40388.1566,0.00996211,303,11,7,4,NaN,NaN,NaN,10,2,9,NaN,NaN,NaN,1
35104.1012,0.1402807,303,11,7,4,NaN,NaN,NaN,10,4,7,NaN,NaN,NaN,1
29110.8253,2.461268,303,11,7,4,NaN,NaN,NaN,10,6,5,NaN,NaN,NaN,1
20661.2492,0.5610959,303,11,7,4,NaN,NaN,NaN,10,8,3,NaN,NaN,NaN,1
9700.584,0.003837969,303,11,7,4,NaN,NaN,NaN,10,10,1,NaN,NaN,NaN,1
44782.3099,0.003056155,303,11,9,2,NaN,NaN,NaN,10,4,7,NaN,NaN,NaN,1
38789.034,0.06051836,303,11,9,2,NaN,NaN,NaN,10,6,5,NaN,NaN,NaN,1
30339.4579,2.866033,303,11,9,2,NaN,NaN,NaN,10,8,3,NaN,NaN,NaN,1
19378.7927,0.2294327,303,11,9,2,NaN,NaN,NaN,10,10,1,NaN,NaN,NaN,1
50971.3835,0.0003634003,303,11,11,0,NaN,NaN,NaN,10,6,5,NaN,NaN,NaN,1
42521.8074,0.01880945,303,11,11,0,NaN,NaN,NaN,10,8,3,NaN,NaN,NaN,1
31561.1422,3.228022,303,11,11,0,NaN,NaN,NaN,10,10,1,NaN,NaN,NaN,1
24310.3093,3.154046,303,11,1,11,NaN,NaN,NaN,10,0,10,NaN,NaN,NaN,1
18568.2867,0.1300082,303,11,1,11,NaN,NaN,NaN,10,2,8,NaN,NaN,NaN,1
15338.9867,0.02391168,303,11,1,11,NaN,NaN,NaN,10,4,6,NaN,NaN,NaN,1
9829.033,0.002554899,303,11,1,11,NaN,NaN,NaN,10,6,4,NaN,NaN,NaN,1
30936.6245,0.3256811,303,11,3,9,NaN,NaN,NaN,10,0,10,NaN,NaN,NaN,1
25194.602,2.355615,303,11,3,9,NaN,NaN,NaN,10,2,8,NaN,NaN,NaN,1
21965.3019,0.6546277,303,11,3,9,NaN,NaN,NaN,10,4,6,NaN,NaN,NaN,1
16455.3482,0.07146807,303,11,3,9,NaN,NaN,NaN,10,6,4,NaN,NaN,NaN,1
8009.7809,0.001878352,303,11,3,9,NaN,NaN,NaN,10,8,2,NaN,NaN,NaN,1
36465.106,0.02725221,303,11,5,7,NaN,NaN,NaN,10,0,10,NaN,NaN,NaN,1
30723.0835,0.5505695,303,11,5,7,NaN,NaN,NaN,10,2,8,NaN,NaN,NaN,1
27493.7834,1.948443,303,11,5,7,NaN,NaN,NaN,10,4,6,NaN,NaN,NaN,1
21983.8297,0.8698721,303,11,5,7,NaN,NaN,NaN,10,6,4,NaN,NaN,NaN,1
13538.2624,0.02328601,303,11,5,7,NaN,NaN,NaN,10,8,2,NaN,NaN,NaN,1
43587.4803,0.001596597,303,11,7,5,NaN,NaN,NaN,10,0,10,NaN,NaN,NaN,1
37845.4578,0.03265264,303,11,7,5,NaN,NaN,NaN,10,2,8,NaN,NaN,NaN,1
34616.1578,0.1490925,303,11,7,5,NaN,NaN,NaN,10,4,6,NaN,NaN,NaN,1
29106.204,2.461562,303,11,7,5,NaN,NaN,NaN,10,6,4,NaN,NaN,NaN,1
20660.6367,0.5610893,303,11,7,5,NaN,NaN,NaN,10,8,2,NaN,NaN,NaN,1
9699.9742,0.003837926,303,11,7,5,NaN,NaN,NaN,10,10,0,NaN,NaN,NaN,1
47524.276,0.0007107117,303,11,9,3,NaN,NaN,NaN,10,2,8,NaN,NaN,NaN,1
44294.9759,0.003247441,303,11,9,3,NaN,NaN,NaN,10,4,6,NaN,NaN,NaN,1
38785.0222,0.06052466,303,11,9,3,NaN,NaN,NaN,10,6,4,NaN,NaN,NaN,1
30339.4549,2.866033,303,11,9,3,NaN,NaN,NaN,10,8,2,NaN,NaN,NaN,1
19378.7924,0.2294327,303,11,9,3,NaN,NaN,NaN,10,10,0,NaN,NaN,NaN,1
50967.372,0.0003634381,303,11,11,1,NaN,NaN,NaN,10,6,4,NaN,NaN,NaN,1
42521.8046,0.01880945,303,11,11,1,NaN,NaN,NaN,10,8,2,NaN,NaN,NaN,1
31561.1422,3.228022,303,11,11,1,NaN,NaN,NaN,10,10,0,NaN,NaN,NaN,1
3547.3031,-1.405995,303,11,2,10,NaN,NaN,NaN,11,1,11,NaN,NaN,NaN,1
9367.0424,-0.07718962,303,11,4,8,NaN,NaN,NaN,11,1,11,NaN,NaN,NaN,1
15400.1996,-0.006417256,303,11,6,6,NaN,NaN,NaN,11,1,11,NaN,NaN,NaN,1
3079.0122,-1.968999,303,11,3,9,NaN,NaN,NaN,11,2,10,NaN,NaN,NaN,1
2740.7272,-2.346099,303,11,4,8,NaN,NaN,NaN,11,3,9,NaN,NaN,NaN,1
8773.8844,-0.1796078,303,11,6,6,NaN,NaN,NaN,11,3,9,NaN,NaN,NaN,1
17173.6048,-0.006489348,303,11,8,4,NaN,NaN,NaN,11,3,9,NaN,NaN,NaN,1
8607.4937,-0.1563825,303,11,5,7,NaN,NaN,NaN,11,2,10,NaN,NaN,NaN,1
2787.7543,-2.472731,303,11,5,7,NaN,NaN,NaN,11,4,8,NaN,NaN,NaN,1
3245.4029,-2.37229,303,11,6,6,NaN,NaN,NaN,11,5,7,NaN,NaN,NaN,1
11645.1233,-0.08045457,303,11,8,4,NaN,NaN,NaN,11,5,7,NaN,NaN,NaN,1
22582.2218,-0.001002491,303,11,10,2,NaN,NaN,NaN,11,5,7,NaN,NaN,NaN,1
15729.868,-0.009158725,303,11,7,5,NaN,NaN,NaN,11,2,10,NaN,NaN,NaN,1
9910.1287,-0.1326433,303,11,7,5,NaN,NaN,NaN,11,4,8,NaN,NaN,NaN,1
3876.9714,-2.196343,303,11,7,5,NaN,NaN,NaN,11,6,6,NaN,NaN,NaN,1
4522.749,-1.994849,303,11,8,4,NaN,NaN,NaN,11,7,5,NaN,NaN,NaN,1
15459.8475,-0.02425018,303,11,10,2,NaN,NaN,NaN,11,7,5,NaN,NaN,NaN,1
19588.9468,-0.002886439,303,11,9,3,NaN,NaN,NaN,11,4,8,NaN,NaN,NaN,1
13555.7896,-0.04593129,303,11,9,3,NaN,NaN,NaN,11,6,6,NaN,NaN,NaN,1
5156.0691,-1.758096,303,11,9,3,NaN,NaN,NaN,11,8,4,NaN,NaN,NaN,1
5781.0293,-1.462395,303,11,10,2,NaN,NaN,NaN,11,9,3,NaN,NaN,NaN,1
17338.4189,-0.01039957,303,11,11,1,NaN,NaN,NaN,11,8,4,NaN,NaN,NaN,1
6401.3205,-1.053869,303,11,11,1,NaN,NaN,NaN,11,10,2,NaN,NaN,NaN,1
24309.716,3.154017,303,11,0,11,NaN,NaN,NaN,10,1,10,NaN,NaN,NaN,1
18352.7682,0.1280128,303,11,0,11,NaN,NaN,NaN,10,3,8,NaN,NaN,NaN,1
13099.8761,0.01057066,303,11,0,11,NaN,NaN,NaN,10,5,6,NaN,NaN,NaN,1
5926.4925,0.0004766431,303,11,0,11,NaN,NaN,NaN,10,7,4,NaN,NaN,NaN,1
30819.3062,0.3275292,303,11,2,9,NaN,NaN,NaN,10,1,10,NaN,NaN,NaN,1
24862.3584,2.318406,303,11,2,9,NaN,NaN,NaN,10,3,8,NaN,NaN,NaN,1
19609.4663,0.2655899,303,11,2,9,NaN,NaN,NaN,10,5,6,NaN,NaN,NaN,1
12436.0827,0.01200352,303,11,2,9,NaN,NaN,NaN,10,7,4,NaN,NaN,NaN,1
34510.5621,0.04829628,303,11,4,7,NaN,NaN,NaN,10,1,10,NaN,NaN,NaN,1
28553.6143,1.116121,303,11,4,7,NaN,NaN,NaN,10,3,8,NaN,NaN,NaN,1
23300.7222,1.085748,303,11,4,7,NaN,NaN,NaN,10,5,6,NaN,NaN,NaN,1
16127.3386,0.05232402,303,11,4,7,NaN,NaN,NaN,10,7,4,NaN,NaN,NaN,1
6414.2667,0.0007584098,303,11,4,7,NaN,NaN,NaN,10,9,2,NaN,NaN,NaN,1
39723.0999,0.007340098,303,11,6,5,NaN,NaN,NaN,10,1,10,NaN,NaN,NaN,1
33766.1521,0.1840635,303,11,6,5,NaN,NaN,NaN,10,3,8,NaN,NaN,NaN,1
28513.26,2.210443,303,11,6,5,NaN,NaN,NaN,10,5,6,NaN,NaN,NaN,1
21339.8764,0.7218121,303,11,6,5,NaN,NaN,NaN,10,7,4,NaN,NaN,NaN,1
11626.8045,0.0105553,303,11,6,5,NaN,NaN,NaN,10,9,2,NaN,NaN,NaN,1
42152.872,0.006730531,303,11,8,3,NaN,NaN,NaN,10,3,8,NaN,NaN,NaN,1
36899.98,0.09354123,303,11,8,3,NaN,NaN,NaN,10,5,6,NaN,NaN,NaN,1
29726.5964,2.672246,303,11,8,3,NaN,NaN,NaN,10,7,4,NaN,NaN,NaN,1
20013.5244,0.3972723,303,11,8,3,NaN,NaN,NaN,10,9,2,NaN,NaN,NaN,1
47837.0612,0.001165809,303,11,10,1,NaN,NaN,NaN,10,5,6,NaN,NaN,NaN,1
40663.6776,0.03688979,303,11,10,1,NaN,NaN,NaN,10,7,4,NaN,NaN,NaN,1
30950.6057,3.050094,303,11,10,1,NaN,NaN,NaN,10,9,2,NaN,NaN,NaN,1
3540.2026,-1.406164,303,11,1,10,NaN,NaN,NaN,11,0,11,NaN,NaN,NaN,1
8630.2964,-0.0855183,303,11,3,8,NaN,NaN,NaN,11,0,11,NaN,NaN,NaN,1
12310.5198,-0.02077278,303,11,5,6,NaN,NaN,NaN,11,0,11,NaN,NaN,NaN,1
19277.9474,-0.00138088,303,11,7,4,NaN,NaN,NaN,11,0,11,NaN,NaN,NaN,1
2969.3876,-1.976361,303,11,2,9,NaN,NaN,NaN,11,1,10,NaN,NaN,NaN,1
2120.7062,-2.501274,303,11,3,8,NaN,NaN,NaN,11,2,9,NaN,NaN,NaN,1
5800.9296,-0.5258984,303,11,5,6,NaN,NaN,NaN,11,2,9,NaN,NaN,NaN,1
12768.3572,-0.03477614,303,11,7,4,NaN,NaN,NaN,11,2,9,NaN,NaN,NaN,1
22446.5659,-0.0007572767,303,11,9,2,NaN,NaN,NaN,11,2,9,NaN,NaN,NaN,1
6660.6435,-0.2754139,303,11,4,7,NaN,NaN,NaN,11,1,10,NaN,NaN,NaN,1
1570.5497,-3.004274,303,11,4,7,NaN,NaN,NaN,11,3,8,NaN,NaN,NaN,1
2109.6737,-2.702219,303,11,5,6,NaN,NaN,NaN,11,4,7,NaN,NaN,NaN,1
9077.1013,-0.1516693,303,11,7,4,NaN,NaN,NaN,11,4,7,NaN,NaN,NaN,1
18755.31,-0.003301339,303,11,9,2,NaN,NaN,NaN,11,4,7,NaN,NaN,NaN,1
11873.1813,-0.04177828,303,11,6,5,NaN,NaN,NaN,11,1,10,NaN,NaN,NaN,1
6783.0875,-0.3467789,303,11,6,5,NaN,NaN,NaN,11,3,8,NaN,NaN,NaN,1
3102.8641,-2.388223,303,11,6,5,NaN,NaN,NaN,11,5,6,NaN,NaN,NaN,1
3864.5635,-2.197,303,11,7,4,NaN,NaN,NaN,11,6,5,NaN,NaN,NaN,1
13542.7722,-0.04594787,303,11,9,2,NaN,NaN,NaN,11,6,5,NaN,NaN,NaN,1
20259.9013,-0.001526222,303,11,8,3,NaN,NaN,NaN,11,1,10,NaN,NaN,NaN,1
15169.8074,-0.01263511,303,11,8,3,NaN,NaN,NaN,11,3,8,NaN,NaN,NaN,1
11489.5841,-0.08114748,303,11,8,3,NaN,NaN,NaN,11,5,6,NaN,NaN,NaN,1
4522.1564,-1.994869,303,11,8,3,NaN,NaN,NaN,11,7,4,NaN,NaN,NaN,1
5156.0522,-1.758097,303,11,9,2,NaN,NaN,NaN,11,8,3,NaN,NaN,NaN,1
17338.4017,-0.01039957,303,11,11,0,NaN,NaN,NaN,11,8,3,NaN,NaN,NaN,1
22426.6653,-0.00101113,303,11,10,1,NaN,NaN,NaN,11,5,6,NaN,NaN,NaN,1
15459.2377,-0.02425045,303,11,10,1,NaN,NaN,NaN,11,7,4,NaN,NaN,NaN,1
5781.029,-1.462395,303,11,10,1,NaN,NaN,NaN,11,9,2,NaN,NaN,NaN,1
6401.3205,-1.053869,303,11,11,0,NaN,NaN,NaN,11,10,1,NaN,NaN,NaN,1
26503.9713,3.30944,303,12,0,12,NaN,NaN,NaN,11,1,11,NaN,NaN,NaN,1
19877.6561,0.1212865,303,12,0,12,NaN,NaN,NaN,11,3,9,NaN,NaN,NaN,1
14349.1746,0.01012502,303,12,0,12,NaN,NaN,NaN,11,5,7,NaN,NaN,NaN,1
7226.8003,0.0005931818,303,12,0,12,NaN,NaN,NaN,11,7,5,NaN,NaN,NaN,1
33757.1903,0.3129247,303,12,2,10,NaN,NaN,NaN,11,1,11,NaN,NaN,NaN,1
27130.875,2.55359,303,12,2,10,NaN,NaN,NaN,11,3,9,NaN,NaN,NaN,1
21602.3935,0.2997385,303,12,2,10,NaN,NaN,NaN,11,5,7,NaN,NaN,NaN,1
14480.0192,0.0176088,303,12,2,10,NaN,NaN,NaN,11,7,5,NaN,NaN,NaN,1
4801.201,0.0003832674,303,12,2,10,NaN,NaN,NaN,11,9,3,NaN,NaN,NaN,1
38093.3532,0.0363631,303,12,4,8,NaN,NaN,NaN,11,1,11,NaN,NaN,NaN,1
31467.0379,0.9594848,303,12,4,8,NaN,NaN,NaN,11,3,9,NaN,NaN,NaN,1
25938.5564,1.265844,303,12,4,8,NaN,NaN,NaN,11,5,7,NaN,NaN,NaN,1
18816.1821,0.08241146,303,12,4,8,NaN,NaN,NaN,11,7,5,NaN,NaN,NaN,1
9137.3639,0.001794217,303,12,4,8,NaN,NaN,NaN,11,9,3,NaN,NaN,NaN,1
42984.4495,0.007305982,303,12,6,6,NaN,NaN,NaN,11,1,11,NaN,NaN,NaN,1
36358.1343,0.2041595,303,12,6,6,NaN,NaN,NaN,11,3,9,NaN,NaN,NaN,1
30829.6528,2.159155,303,12,6,6,NaN,NaN,NaN,11,5,7,NaN,NaN,NaN,1
23707.2785,0.8434129,303,12,6,6,NaN,NaN,NaN,11,7,5,NaN,NaN,NaN,1
14028.4603,0.01861342,303,12,6,6,NaN,NaN,NaN,11,9,3,NaN,NaN,NaN,1
51286.3979,0.0003547333,303,12,8,4,NaN,NaN,NaN,11,1,11,NaN,NaN,NaN,1
44660.0827,0.009924303,303,12,8,4,NaN,NaN,NaN,11,3,9,NaN,NaN,NaN,1
39131.6012,0.1229988,303,12,8,4,NaN,NaN,NaN,11,5,7,NaN,NaN,NaN,1
32009.2269,2.656964,303,12,8,4,NaN,NaN,NaN,11,7,5,NaN,NaN,NaN,1
22330.4087,0.5375257,303,12,8,4,NaN,NaN,NaN,11,9,3,NaN,NaN,NaN,1
10148.0589,0.003237438,303,12,8,4,NaN,NaN,NaN,11,11,1,NaN,NaN,NaN,1
50037.8125,0.002287231,303,12,10,2,NaN,NaN,NaN,11,5,7,NaN,NaN,NaN,1
42915.4381,0.05532632,303,12,10,2,NaN,NaN,NaN,11,7,5,NaN,NaN,NaN,1
33236.62,3.034522,303,12,10,2,NaN,NaN,NaN,11,9,3,NaN,NaN,NaN,1
21054.2702,0.2196663,303,12,10,2,NaN,NaN,NaN,11,11,1,NaN,NaN,NaN,1
46640.4382,0.0177568,303,12,12,0,NaN,NaN,NaN,11,9,3,NaN,NaN,NaN,1
34458.0884,3.379424,303,12,12,0,NaN,NaN,NaN,11,11,1,NaN,NaN,NaN,1
26504.2021,3.30945,303,12,1,12,NaN,NaN,NaN,11,0,11,NaN,NaN,NaN,1
19994.6119,0.1219507,303,12,1,12,NaN,NaN,NaN,11,2,9,NaN,NaN,NaN,1
16303.356,0.01793623,303,12,1,12,NaN,NaN,NaN,11,4,7,NaN,NaN,NaN,1
11090.8182,0.00272574,303,12,1,12,NaN,NaN,NaN,11,6,5,NaN,NaN,NaN,1
33816.8139,0.3122959,303,12,3,10,NaN,NaN,NaN,11,0,11,NaN,NaN,NaN,1
27307.2237,2.568083,303,12,3,10,NaN,NaN,NaN,11,2,9,NaN,NaN,NaN,1
23615.9678,0.5510448,303,12,3,10,NaN,NaN,NaN,11,4,7,NaN,NaN,NaN,1
18403.43,0.08509004,303,12,3,10,NaN,NaN,NaN,11,6,5,NaN,NaN,NaN,1
10016.71,0.003109105,303,12,3,10,NaN,NaN,NaN,11,8,3,NaN,NaN,NaN,1
39710.8691,0.02530839,303,12,5,8,NaN,NaN,NaN,11,0,11,NaN,NaN,NaN,1
33201.2789,0.6283542,303,12,5,8,NaN,NaN,NaN,11,2,9,NaN,NaN,NaN,1
29510.0229,1.949243,303,12,5,8,NaN,NaN,NaN,11,4,7,NaN,NaN,NaN,1
24297.4851,0.9675879,303,12,5,8,NaN,NaN,NaN,11,6,5,NaN,NaN,NaN,1
15910.7652,0.03625471,303,12,5,8,NaN,NaN,NaN,11,8,3,NaN,NaN,NaN,1
4973.6839,0.0004517945,303,12,5,8,NaN,NaN,NaN,11,10,1,NaN,NaN,NaN,1
46790.2948,0.001831107,303,12,7,6,NaN,NaN,NaN,11,0,11,NaN,NaN,NaN,1
40280.7046,0.04611178,303,12,7,6,NaN,NaN,NaN,11,2,9,NaN,NaN,NaN,1
36589.4487,0.2007136,303,12,7,6,NaN,NaN,NaN,11,4,7,NaN,NaN,NaN,1
31376.9109,2.440065,303,12,7,6,NaN,NaN,NaN,11,6,5,NaN,NaN,NaN,1
22990.1909,0.6923209,303,12,7,6,NaN,NaN,NaN,11,8,3,NaN,NaN,NaN,1
12053.1097,0.008684293,303,12,7,6,NaN,NaN,NaN,11,10,1,NaN,NaN,NaN,1
49914.8831,0.00137529,303,12,9,4,NaN,NaN,NaN,11,2,9,NaN,NaN,NaN,1
46223.6272,0.005995574,303,12,9,4,NaN,NaN,NaN,11,4,7,NaN,NaN,NaN,1
41011.0894,0.08343705,303,12,9,4,NaN,NaN,NaN,11,6,5,NaN,NaN,NaN,1
32624.3694,2.851914,303,12,9,4,NaN,NaN,NaN,11,8,3,NaN,NaN,NaN,1
21687.2882,0.3804138,303,12,9,4,NaN,NaN,NaN,11,10,1,NaN,NaN,NaN,1
53171.3884,0.0009114737,303,12,11,2,NaN,NaN,NaN,11,6,5,NaN,NaN,NaN,1
44784.6684,0.03435715,303,12,11,2,NaN,NaN,NaN,11,8,3,NaN,NaN,NaN,1
33847.5872,3.209508,303,12,11,2,NaN,NaN,NaN,11,10,1,NaN,NaN,NaN,1
26850.1918,2.976244,303,12,1,11,NaN,NaN,NaN,11,2,10,NaN,NaN,NaN,1
21030.4524,0.2311052,303,12,1,11,NaN,NaN,NaN,11,4,8,NaN,NaN,NaN,1
14997.2952,0.01924353,303,12,1,11,NaN,NaN,NaN,11,6,6,NaN,NaN,NaN,1
6597.5748,0.0006955803,303,12,1,11,NaN,NaN,NaN,11,8,4,NaN,NaN,NaN,1
32782.7084,0.5595761,303,12,3,9,NaN,NaN,NaN,11,2,10,NaN,NaN,NaN,1
26962.9691,1.902296,303,12,3,9,NaN,NaN,NaN,11,4,8,NaN,NaN,NaN,1
20929.8119,0.2055654,303,12,3,9,NaN,NaN,NaN,11,6,6,NaN,NaN,NaN,1
12530.0914,0.00744207,303,12,3,9,NaN,NaN,NaN,11,8,4,NaN,NaN,NaN,1
36490.7281,0.1316299,303,12,5,7,NaN,NaN,NaN,11,2,10,NaN,NaN,NaN,1
30670.9888,1.652001,303,12,5,7,NaN,NaN,NaN,11,4,8,NaN,NaN,NaN,1
24637.8315,0.9931823,303,12,5,7,NaN,NaN,NaN,11,6,6,NaN,NaN,NaN,1
16238.1111,0.03711305,303,12,5,7,NaN,NaN,NaN,11,8,4,NaN,NaN,NaN,1
5301.0126,0.0004624881,303,12,5,7,NaN,NaN,NaN,11,10,2,NaN,NaN,NaN,1
43245.0623,0.01211851,303,12,7,5,NaN,NaN,NaN,11,2,10,NaN,NaN,NaN,1
37425.323,0.1753419,303,12,7,5,NaN,NaN,NaN,11,4,8,NaN,NaN,NaN,1
31392.1658,2.43904,303,12,7,5,NaN,NaN,NaN,11,6,6,NaN,NaN,NaN,1
22992.4453,0.6923523,303,12,7,5,NaN,NaN,NaN,11,8,4,NaN,NaN,NaN,1
12055.3469,0.008684666,303,12,7,5,NaN,NaN,NaN,11,10,2,NaN,NaN,NaN,1
52877.0056,0.0003620241,303,12,9,3,NaN,NaN,NaN,11,2,10,NaN,NaN,NaN,1
47057.2663,0.005242062,303,12,9,3,NaN,NaN,NaN,11,4,8,NaN,NaN,NaN,1
41024.1091,0.0834069,303,12,9,3,NaN,NaN,NaN,11,6,6,NaN,NaN,NaN,1
32624.3886,2.851913,303,12,9,3,NaN,NaN,NaN,11,8,4,NaN,NaN,NaN,1
21687.2902,0.3804138,303,12,9,3,NaN,NaN,NaN,11,10,2,NaN,NaN,NaN,1
53184.4061,0.0009111448,303,12,11,1,NaN,NaN,NaN,11,6,6,NaN,NaN,NaN,1
44784.6856,0.03435714,303,12,11,1,NaN,NaN,NaN,11,8,4,NaN,NaN,NaN,1
33847.5872,3.209508,303,12,11,1,NaN,NaN,NaN,11,10,2,NaN,NaN,NaN,1
3893.5235,-1.407275,303,12,1,11,NaN,NaN,NaN,12,0,12,NaN,NaN,NaN,1
3359.6954,-1.977003,303,12,2,10,NaN,NaN,NaN,12,1,11,NaN,NaN,NaN,1
7695.8583,-0.2189192,303,12,4,8,NaN,NaN,NaN,12,1,11,NaN,NaN,NaN,1
12586.9547,-0.04393328,303,12,6,6,NaN,NaN,NaN,12,1,11,NaN,NaN,NaN,1
20888.9031,-0.002133098,303,12,8,4,NaN,NaN,NaN,12,1,11,NaN,NaN,NaN,1
9826.0402,-0.07361114,303,12,3,9,NaN,NaN,NaN,12,0,12,NaN,NaN,NaN,1
2572.8212,-2.450309,303,12,3,9,NaN,NaN,NaN,12,2,10,NaN,NaN,NaN,1
1763.3417,-3.033386,303,12,4,8,NaN,NaN,NaN,12,3,9,NaN,NaN,NaN,1
6654.438,-0.4721289,303,12,6,6,NaN,NaN,NaN,12,3,9,NaN,NaN,NaN,1
14956.3864,-0.02282251,303,12,8,4,NaN,NaN,NaN,12,3,9,NaN,NaN,NaN,1
25862.5977,-0.0004242743,303,12,10,2,NaN,NaN,NaN,12,3,9,NaN,NaN,NaN,1
13534.0598,-0.01710527,303,12,5,7,NaN,NaN,NaN,12,0,12,NaN,NaN,NaN,1
6280.8409,-0.5103541,303,12,5,7,NaN,NaN,NaN,12,2,10,NaN,NaN,NaN,1
1944.678,-2.985316,303,12,5,7,NaN,NaN,NaN,12,4,8,NaN,NaN,NaN,1
2946.4184,-2.590347,303,12,6,6,NaN,NaN,NaN,12,5,7,NaN,NaN,NaN,1
11248.3668,-0.1138354,303,12,8,4,NaN,NaN,NaN,12,5,7,NaN,NaN,NaN,1
22154.578,-0.002115901,303,12,10,2,NaN,NaN,NaN,12,5,7,NaN,NaN,NaN,1
20288.3941,-0.001573862,303,12,7,5,NaN,NaN,NaN,12,0,12,NaN,NaN,NaN,1
13035.1751,-0.04672239,303,12,7,5,NaN,NaN,NaN,12,2,10,NaN,NaN,NaN,1
8699.0122,-0.2189385,303,12,7,5,NaN,NaN,NaN,12,4,8,NaN,NaN,NaN,1
3807.9158,-2.392364,303,12,7,5,NaN,NaN,NaN,12,6,6,NaN,NaN,NaN,1
4494.0326,-2.209121,303,12,8,4,NaN,NaN,NaN,12,7,5,NaN,NaN,NaN,1
15400.2438,-0.03973331,303,12,10,2,NaN,NaN,NaN,12,7,5,NaN,NaN,NaN,1
22667.1185,-0.001395744,303,12,9,3,NaN,NaN,NaN,12,2,10,NaN,NaN,NaN,1
18330.9556,-0.006534025,303,12,9,3,NaN,NaN,NaN,12,4,8,NaN,NaN,NaN,1
13439.8592,-0.06778771,303,12,9,3,NaN,NaN,NaN,12,6,6,NaN,NaN,NaN,1
5137.9108,-2.005476,303,12,9,3,NaN,NaN,NaN,12,8,4,NaN,NaN,NaN,1
5768.3005,-1.765606,303,12,10,2,NaN,NaN,NaN,12,9,3,NaN,NaN,NaN,1
19172.1187,-0.009351133,303,12,12,0,NaN,NaN,NaN,12,9,3,NaN,NaN,NaN,1
25600.1562,-0.0007404284,303,12,11,1,NaN,NaN,NaN,12,6,6,NaN,NaN,NaN,1
17298.2078,-0.02144734,303,12,11,1,NaN,NaN,NaN,12,8,4,NaN,NaN,NaN,1
6391.9965,-1.466619,303,12,11,1,NaN,NaN,NaN,12,10,2,NaN,NaN,NaN,1
7011.8217,-1.055325,303,12,12,0,NaN,NaN,NaN,12,11,1,NaN,NaN,NaN,1
26860.6012,2.976788,303,12,2,11,NaN,NaN,NaN,11,1,10,NaN,NaN,NaN,1
21770.5073,0.25646,303,12,2,11,NaN,NaN,NaN,11,3,8,NaN,NaN,NaN,1
18090.284,0.06248087,303,12,2,11,NaN,NaN,NaN,11,5,6,NaN,NaN,NaN,1
11122.8563,0.004153959,303,12,2,11,NaN,NaN,NaN,11,7,4,NaN,NaN,NaN,1
33275.9555,0.5342478,303,12,4,9,NaN,NaN,NaN,11,1,10,NaN,NaN,NaN,1
28185.8616,2.0974,303,12,4,9,NaN,NaN,NaN,11,3,8,NaN,NaN,NaN,1
24505.6383,0.9306022,303,12,4,9,NaN,NaN,NaN,11,5,6,NaN,NaN,NaN,1
17538.2106,0.06393455,303,12,4,9,NaN,NaN,NaN,11,7,4,NaN,NaN,NaN,1
7860.002,0.001392387,303,12,4,9,NaN,NaN,NaN,11,9,2,NaN,NaN,NaN,1
39407.7587,0.04942494,303,12,6,7,NaN,NaN,NaN,11,1,10,NaN,NaN,NaN,1
34317.6648,0.4060545,303,12,6,7,NaN,NaN,NaN,11,3,8,NaN,NaN,NaN,1
30637.4415,2.181509,303,12,6,7,NaN,NaN,NaN,11,5,6,NaN,NaN,NaN,1
23670.0138,0.842389,303,12,6,7,NaN,NaN,NaN,11,7,4,NaN,NaN,NaN,1
13991.8052,0.01859257,303,12,6,7,NaN,NaN,NaN,11,9,2,NaN,NaN,NaN,1
47746.2779,0.002334261,303,12,8,5,NaN,NaN,NaN,11,1,10,NaN,NaN,NaN,1
42656.184,0.01932442,303,12,8,5,NaN,NaN,NaN,11,3,8,NaN,NaN,NaN,1
38975.9607,0.1240612,303,12,8,5,NaN,NaN,NaN,11,5,6,NaN,NaN,NaN,1
32008.533,2.656998,303,12,8,5,NaN,NaN,NaN,11,7,4,NaN,NaN,NaN,1
22330.3244,0.5375251,303,12,8,5,NaN,NaN,NaN,11,9,2,NaN,NaN,NaN,1
10147.9749,0.003237434,303,12,8,5,NaN,NaN,NaN,11,11,0,NaN,NaN,NaN,1
53562.4793,0.0003592254,303,12,10,3,NaN,NaN,NaN,11,3,8,NaN,NaN,NaN,1
49882.256,0.002306942,303,12,10,3,NaN,NaN,NaN,11,5,6,NaN,NaN,NaN,1
42914.8283,0.05532695,303,12,10,3,NaN,NaN,NaN,11,7,4,NaN,NaN,NaN,1
33236.6197,3.034522,303,12,10,3,NaN,NaN,NaN,11,9,2,NaN,NaN,NaN,1
21054.2702,0.2196663,303,12,10,3,NaN,NaN,NaN,11,11,0,NaN,NaN,NaN,1
46640.4379,0.0177568,303,12,12,1,NaN,NaN,NaN,11,9,2,NaN,NaN,NaN,1
34458.0884,3.379424,303,12,12,1,NaN,NaN,NaN,11,11,0,NaN,NaN,NaN,1
3896.6016,-1.407217,303,12,2,11,NaN,NaN,NaN,12,1,12,NaN,NaN,NaN,1
3416.0102,-1.974412,303,12,3,10,NaN,NaN,NaN,12,2,11,NaN,NaN,NaN,1
9310.0653,-0.1527117,303,12,5,8,NaN,NaN,NaN,12,2,11,NaN,NaN,NaN,1
16389.491,-0.01104553,303,12,7,6,NaN,NaN,NaN,12,2,11,NaN,NaN,NaN,1
26023.6696,-0.0003294186,303,12,9,4,NaN,NaN,NaN,12,2,11,NaN,NaN,NaN,1
10311.9559,-0.0704895,303,12,4,9,NaN,NaN,NaN,12,1,12,NaN,NaN,NaN,1
2999.3441,-2.381068,303,12,4,9,NaN,NaN,NaN,12,3,10,NaN,NaN,NaN,1
2894.711,-2.586804,303,12,5,8,NaN,NaN,NaN,12,4,9,NaN,NaN,NaN,1
9974.1367,-0.1700796,303,12,7,6,NaN,NaN,NaN,12,4,9,NaN,NaN,NaN,1
19608.3153,-0.005070674,303,12,9,4,NaN,NaN,NaN,12,4,9,NaN,NaN,NaN,1
16443.7591,-0.006466618,303,12,6,7,NaN,NaN,NaN,12,1,12,NaN,NaN,NaN,1
9131.1473,-0.2020121,303,12,6,7,NaN,NaN,NaN,12,3,10,NaN,NaN,NaN,1
3237.0922,-2.545462,303,12,6,7,NaN,NaN,NaN,12,5,8,NaN,NaN,NaN,1
3842.3335,-2.390215,303,12,7,6,NaN,NaN,NaN,12,6,7,NaN,NaN,NaN,1
13476.5121,-0.06771181,303,12,9,4,NaN,NaN,NaN,12,6,7,NaN,NaN,NaN,1
25636.811,-0.0007395989,303,12,11,2,NaN,NaN,NaN,12,6,7,NaN,NaN,NaN,1
17469.6665,-0.009535285,303,12,8,5,NaN,NaN,NaN,12,3,10,NaN,NaN,NaN,1
11575.6114,-0.1112061,303,12,8,5,NaN,NaN,NaN,12,5,8,NaN,NaN,NaN,1
4496.1857,-2.209041,303,12,8,5,NaN,NaN,NaN,12,7,6,NaN,NaN,NaN,1
5137.9929,-2.005474,303,12,9,4,NaN,NaN,NaN,12,8,5,NaN,NaN,NaN,1
17298.2918,-0.02144732,303,12,11,2,NaN,NaN,NaN,12,8,5,NaN,NaN,NaN,1
22481.9067,-0.002066977,303,12,10,3,NaN,NaN,NaN,12,5,8,NaN,NaN,NaN,1
15402.481,-0.0397316,303,12,10,3,NaN,NaN,NaN,12,7,6,NaN,NaN,NaN,1
5768.3024,-1.765606,303,12,10,3,NaN,NaN,NaN,12,9,4,NaN,NaN,NaN,1
6391.9965,-1.466619,303,12,11,2,NaN,NaN,NaN,12,10,3,NaN,NaN,NaN,1
19172.1207,-0.009351133,303,12,12,1,NaN,NaN,NaN,12,9,4,NaN,NaN,NaN,1
7011.8217,-1.055325,303,12,12,1,NaN,NaN,NaN,12,11,2,NaN,NaN,NaN,1
29051.1137,3.142659,303,13,2,12,NaN,NaN,NaN,12,1,11,NaN,NaN,NaN,1
23118.5971,0.2315775,303,13,2,12,NaN,NaN,NaN,12,3,9,NaN,NaN,NaN,1
19410.5774,0.05391589,303,13,2,12,NaN,NaN,NaN,12,5,7,NaN,NaN,NaN,1
12656.2432,0.004961321,303,13,2,12,NaN,NaN,NaN,12,7,5,NaN,NaN,NaN,1
36107.0541,0.5201129,303,13,4,10,NaN,NaN,NaN,12,1,11,NaN,NaN,NaN,1
30174.5374,2.292095,303,13,4,10,NaN,NaN,NaN,12,3,9,NaN,NaN,NaN,1
26466.5178,0.8730784,303,13,4,10,NaN,NaN,NaN,12,5,7,NaN,NaN,NaN,1
19712.1835,0.08291041,303,13,4,10,NaN,NaN,NaN,12,7,5,NaN,NaN,NaN,1
10080.2402,0.002477271,303,13,4,10,NaN,NaN,NaN,12,9,3,NaN,NaN,NaN,1
42413.305,0.05032599,303,13,6,8,NaN,NaN,NaN,12,1,11,NaN,NaN,NaN,1
36480.7884,0.5321583,303,13,6,8,NaN,NaN,NaN,12,3,9,NaN,NaN,NaN,1
32772.7687,2.139977,303,13,6,8,NaN,NaN,NaN,12,5,7,NaN,NaN,NaN,1
26018.4345,0.951097,303,13,6,8,NaN,NaN,NaN,12,7,5,NaN,NaN,NaN,1
16386.4911,0.02895912,303,13,6,8,NaN,NaN,NaN,12,9,3,NaN,NaN,NaN,1
4226.1941,0.0003163323,303,13,6,8,NaN,NaN,NaN,12,11,1,NaN,NaN,NaN,1
50681.9365,0.00298639,303,13,8,6,NaN,NaN,NaN,12,1,11,NaN,NaN,NaN,1
44749.4198,0.03195106,303,13,8,6,NaN,NaN,NaN,12,3,9,NaN,NaN,NaN,1
41041.4002,0.1592443,303,13,8,6,NaN,NaN,NaN,12,5,7,NaN,NaN,NaN,1
34287.0659,2.63974,303,13,8,6,NaN,NaN,NaN,12,7,5,NaN,NaN,NaN,1
24655.1226,0.6659236,303,13,8,6,NaN,NaN,NaN,12,9,3,NaN,NaN,NaN,1
12494.8256,0.007311189,303,13,8,6,NaN,NaN,NaN,12,11,1,NaN,NaN,NaN,1
55616.2207,0.000808421,303,13,10,4,NaN,NaN,NaN,12,3,9,NaN,NaN,NaN,1
51908.2011,0.004031694,303,13,10,4,NaN,NaN,NaN,12,5,7,NaN,NaN,NaN,1
45153.8668,0.07570366,303,13,10,4,NaN,NaN,NaN,12,7,5,NaN,NaN,NaN,1
35521.9235,3.020849,303,13,10,4,NaN,NaN,NaN,12,9,3,NaN,NaN,NaN,1
23361.6265,0.3655209,303,13,10,4,NaN,NaN,NaN,12,11,1,NaN,NaN,NaN,1
58536.7992,0.000735853,303,13,12,2,NaN,NaN,NaN,12,7,5,NaN,NaN,NaN,1
48904.8559,0.03227166,303,13,12,2,NaN,NaN,NaN,12,9,3,NaN,NaN,NaN,1
36744.5589,3.361409,303,13,12,2,NaN,NaN,NaN,12,11,1,NaN,NaN,NaN,1
29046.6439,3.142461,303,13,1,12,NaN,NaN,NaN,12,2,11,NaN,NaN,NaN,1
22631.2896,0.2216318,303,13,1,12,NaN,NaN,NaN,12,4,9,NaN,NaN,NaN,1
16499.4864,0.02035929,303,13,1,12,NaN,NaN,NaN,12,6,7,NaN,NaN,NaN,1
8160.9671,0.0009615041,303,13,1,12,NaN,NaN,NaN,12,8,5,NaN,NaN,NaN,1
35810.3066,0.529424,303,13,3,10,NaN,NaN,NaN,12,2,11,NaN,NaN,NaN,1
29394.9523,2.195506,303,13,3,10,NaN,NaN,NaN,12,4,9,NaN,NaN,NaN,1
23263.1491,0.2741045,303,13,3,10,NaN,NaN,NaN,12,6,7,NaN,NaN,NaN,1
14924.6298,0.01297734,303,13,3,10,NaN,NaN,NaN,12,8,5,NaN,NaN,NaN,1
39762.853,0.1072381,303,13,5,8,NaN,NaN,NaN,12,2,11,NaN,NaN,NaN,1
33347.4987,1.461914,303,13,5,8,NaN,NaN,NaN,12,4,9,NaN,NaN,NaN,1
27215.6955,1.110039,303,13,5,8,NaN,NaN,NaN,12,6,7,NaN,NaN,NaN,1
18877.1763,0.05519738,303,13,5,8,NaN,NaN,NaN,12,8,5,NaN,NaN,NaN,1
7970.881,0.001026174,303,13,5,8,NaN,NaN,NaN,12,10,3,NaN,NaN,NaN,1
46223.1189,0.01360956,303,13,7,6,NaN,NaN,NaN,12,2,11,NaN,NaN,NaN,1
39807.7646,0.2092593,303,13,7,6,NaN,NaN,NaN,12,4,9,NaN,NaN,NaN,1
33675.9614,2.409602,303,13,7,6,NaN,NaN,NaN,12,6,7,NaN,NaN,NaN,1
25337.4422,0.8127095,303,13,7,6,NaN,NaN,NaN,12,8,5,NaN,NaN,NaN,1
14431.1469,0.01526066,303,13,7,6,NaN,NaN,NaN,12,10,3,NaN,NaN,NaN,1
55793.5966,0.0005301528,303,13,9,4,NaN,NaN,NaN,12,2,11,NaN,NaN,NaN,1
49378.2423,0.008160573,303,13,9,4,NaN,NaN,NaN,12,4,9,NaN,NaN,NaN,1
43246.4391,0.1089501,303,13,9,4,NaN,NaN,NaN,12,6,7,NaN,NaN,NaN,1
34907.9199,2.838063,303,13,9,4,NaN,NaN,NaN,12,8,5,NaN,NaN,NaN,1
24001.6246,0.5166253,303,13,9,4,NaN,NaN,NaN,12,10,3,NaN,NaN,NaN,1
10597.8064,0.002779168,303,13,9,4,NaN,NaN,NaN,12,12,1,NaN,NaN,NaN,1
55378.5314,0.001766249,303,13,11,2,NaN,NaN,NaN,12,6,7,NaN,NaN,NaN,1
47040.0122,0.05121778,303,13,11,2,NaN,NaN,NaN,12,8,5,NaN,NaN,NaN,1
36133.7169,3.194216,303,13,11,2,NaN,NaN,NaN,12,10,3,NaN,NaN,NaN,1
22729.8986,0.211048,303,13,11,2,NaN,NaN,NaN,12,12,1,NaN,NaN,NaN,1
50758.853,0.01686168,303,13,13,0,NaN,NaN,NaN,12,10,3,NaN,NaN,NaN,1
37355.0347,3.524319,303,13,13,0,NaN,NaN,NaN,12,12,1,NaN,NaN,NaN,1
28698.2211,3.457758,303,13,1,13,NaN,NaN,NaN,12,0,12,NaN,NaN,NaN,1
21445.0021,0.1154595,303,13,1,13,NaN,NaN,NaN,12,2,10,NaN,NaN,NaN,1
17108.8392,0.01338997,303,13,1,13,NaN,NaN,NaN,12,4,8,NaN,NaN,NaN,1
12217.7428,0.002690168,303,13,1,13,NaN,NaN,NaN,12,6,6,NaN,NaN,NaN,1
36706.4595,0.300063,303,13,3,11,NaN,NaN,NaN,12,0,12,NaN,NaN,NaN,1
29453.2406,2.765986,303,13,3,11,NaN,NaN,NaN,12,2,10,NaN,NaN,NaN,1
25117.0777,0.4596089,303,13,3,11,NaN,NaN,NaN,12,4,8,NaN,NaN,NaN,1
20225.9813,0.09334618,303,13,3,11,NaN,NaN,NaN,12,6,6,NaN,NaN,NaN,1
11924.0329,0.004533363,303,13,3,11,NaN,NaN,NaN,12,8,4,NaN,NaN,NaN,1
43053.1218,0.02289303,303,13,5,9,NaN,NaN,NaN,12,0,12,NaN,NaN,NaN,1
35799.9028,0.6697258,303,13,5,9,NaN,NaN,NaN,12,2,10,NaN,NaN,NaN,1
31463.7399,1.993691,303,13,5,9,NaN,NaN,NaN,12,4,8,NaN,NaN,NaN,1
26572.6435,1.039074,303,13,5,9,NaN,NaN,NaN,12,6,6,NaN,NaN,NaN,1
18270.6951,0.05208904,303,13,5,9,NaN,NaN,NaN,12,8,4,NaN,NaN,NaN,1
7364.4839,0.0009684159,303,13,5,9,NaN,NaN,NaN,12,10,2,NaN,NaN,NaN,1
50112.6613,0.001952197,303,13,7,7,NaN,NaN,NaN,12,0,12,NaN,NaN,NaN,1
42859.4424,0.05794816,303,13,7,7,NaN,NaN,NaN,12,2,10,NaN,NaN,NaN,1
38523.2795,0.2704283,303,13,7,7,NaN,NaN,NaN,12,4,8,NaN,NaN,NaN,1
33632.1831,2.412798,303,13,7,7,NaN,NaN,NaN,12,6,6,NaN,NaN,NaN,1
25330.2347,0.8125833,303,13,7,7,NaN,NaN,NaN,12,8,4,NaN,NaN,NaN,1
14424.0234,0.01525845,303,13,7,7,NaN,NaN,NaN,12,10,2,NaN,NaN,NaN,1
52437.0328,0.00224628,303,13,9,5,NaN,NaN,NaN,12,2,10,NaN,NaN,NaN,1
48100.8699,0.01051572,303,13,9,5,NaN,NaN,NaN,12,4,8,NaN,NaN,NaN,1
43209.7735,0.1090725,303,13,9,5,NaN,NaN,NaN,12,6,6,NaN,NaN,NaN,1
34907.8251,2.838067,303,13,9,5,NaN,NaN,NaN,12,8,4,NaN,NaN,NaN,1
24001.6138,0.5166253,303,13,9,5,NaN,NaN,NaN,12,10,2,NaN,NaN,NaN,1
10597.7956,0.002779168,303,13,9,5,NaN,NaN,NaN,12,12,0,NaN,NaN,NaN,1
55341.8765,0.001768229,303,13,11,3,NaN,NaN,NaN,12,6,6,NaN,NaN,NaN,1
47039.9281,0.05121784,303,13,11,3,NaN,NaN,NaN,12,8,4,NaN,NaN,NaN,1
36133.7169,3.194216,303,13,11,3,NaN,NaN,NaN,12,10,2,NaN,NaN,NaN,1
22729.8986,0.211048,303,13,11,3,NaN,NaN,NaN,12,12,0,NaN,NaN,NaN,1
50758.853,0.01686168,303,13,13,1,NaN,NaN,NaN,12,10,2,NaN,NaN,NaN,1
37355.0347,3.524319,303,13,13,1,NaN,NaN,NaN,12,12,0,NaN,NaN,NaN,1
4246.4162,-1.408195,303,13,2,12,NaN,NaN,NaN,13,1,13,NaN,NaN,NaN,1
11302.3565,-0.06430113,303,13,4,10,NaN,NaN,NaN,13,1,13,NaN,NaN,NaN,1
17608.6075,-0.006177426,303,13,6,8,NaN,NaN,NaN,13,1,13,NaN,NaN,NaN,1
25877.239,-0.0003665546,303,13,8,6,NaN,NaN,NaN,13,1,13,NaN,NaN,NaN,1
3761.8223,-1.977647,303,13,3,11,NaN,NaN,NaN,13,2,12,NaN,NaN,NaN,1
3294.1181,-2.400292,303,13,4,10,NaN,NaN,NaN,13,3,11,NaN,NaN,NaN,1
9600.369,-0.2145223,303,13,6,8,NaN,NaN,NaN,13,3,11,NaN,NaN,NaN,1
17869.0005,-0.01272198,303,13,8,6,NaN,NaN,NaN,13,3,11,NaN,NaN,NaN,1
28735.8014,-0.0003218822,303,13,10,4,NaN,NaN,NaN,13,3,11,NaN,NaN,NaN,1
10108.4845,-0.1446929,303,13,5,9,NaN,NaN,NaN,13,2,12,NaN,NaN,NaN,1
3052.5442,-2.669471,303,13,5,9,NaN,NaN,NaN,13,4,10,NaN,NaN,NaN,1
3253.7068,-2.698857,303,13,6,8,NaN,NaN,NaN,13,5,9,NaN,NaN,NaN,1
11522.3383,-0.1462188,303,13,8,6,NaN,NaN,NaN,13,5,9,NaN,NaN,NaN,1
22389.1392,-0.003698711,303,13,10,4,NaN,NaN,NaN,13,5,9,NaN,NaN,NaN,1
17168.0241,-0.01233538,303,13,7,7,NaN,NaN,NaN,13,2,12,NaN,NaN,NaN,1
10112.0837,-0.2062798,303,13,7,7,NaN,NaN,NaN,13,4,10,NaN,NaN,NaN,1
3805.8328,-2.569766,303,13,7,7,NaN,NaN,NaN,13,6,8,NaN,NaN,NaN,1
4462.7987,-2.402683,303,13,8,6,NaN,NaN,NaN,13,7,7,NaN,NaN,NaN,1
15329.5996,-0.05827901,303,13,10,4,NaN,NaN,NaN,13,7,7,NaN,NaN,NaN,1
28712.532,-0.0005664396,303,13,12,2,NaN,NaN,NaN,13,7,7,NaN,NaN,NaN,1
26745.6145,-0.0004781286,303,13,9,5,NaN,NaN,NaN,13,2,12,NaN,NaN,NaN,1
19689.6741,-0.007991519,303,13,9,5,NaN,NaN,NaN,13,4,10,NaN,NaN,NaN,1
13383.4232,-0.09342865,303,13,9,5,NaN,NaN,NaN,13,6,8,NaN,NaN,NaN,1
5114.7917,-2.220545,303,13,9,5,NaN,NaN,NaN,13,8,6,NaN,NaN,NaN,1
5752.0092,-2.014846,303,13,10,4,NaN,NaN,NaN,13,9,5,NaN,NaN,NaN,1
19134.9416,-0.01922525,303,13,12,2,NaN,NaN,NaN,13,9,5,NaN,NaN,NaN,1
25515.5262,-0.001514242,303,13,11,3,NaN,NaN,NaN,13,6,8,NaN,NaN,NaN,1
17246.8947,-0.03499822,303,13,11,3,NaN,NaN,NaN,13,8,6,NaN,NaN,NaN,1
6380.0938,-1.772106,303,13,11,3,NaN,NaN,NaN,13,10,4,NaN,NaN,NaN,1
7002.8386,-1.470247,303,13,12,2,NaN,NaN,NaN,13,11,3,NaN,NaN,NaN,1
21005.2299,-0.008494961,303,13,13,1,NaN,NaN,NaN,13,10,4,NaN,NaN,NaN,1
7622.2975,-1.056577,303,13,13,1,NaN,NaN,NaN,13,12,2,NaN,NaN,NaN,1
28698.1324,3.457755,303,13,0,13,NaN,NaN,NaN,12,1,12,NaN,NaN,NaN,1
21385.5206,0.1152354,303,13,0,13,NaN,NaN,NaN,12,3,10,NaN,NaN,NaN,1
15491.4655,0.009320598,303,13,0,13,NaN,NaN,NaN,12,5,8,NaN,NaN,NaN,1
8412.0397,0.000674361,303,13,0,13,NaN,NaN,NaN,12,7,6,NaN,NaN,NaN,1
36677.5941,0.3002809,303,13,2,11,NaN,NaN,NaN,12,1,12,NaN,NaN,NaN,1
29364.9823,2.760406,303,13,2,11,NaN,NaN,NaN,12,3,10,NaN,NaN,NaN,1
23470.9272,0.3151895,303,13,2,11,NaN,NaN,NaN,12,5,8,NaN,NaN,NaN,1
16391.5015,0.02287007,303,13,2,11,NaN,NaN,NaN,12,7,6,NaN,NaN,NaN,1
6757.3229,0.0006820854,303,13,2,11,NaN,NaN,NaN,12,9,4,NaN,NaN,NaN,1
41794.8224,0.0280888,303,13,4,9,NaN,NaN,NaN,12,1,12,NaN,NaN,NaN,1
34482.2106,0.8426988,303,13,4,9,NaN,NaN,NaN,12,3,10,NaN,NaN,NaN,1
28588.1555,1.486882,303,13,4,9,NaN,NaN,NaN,12,5,8,NaN,NaN,NaN,1
21508.7297,0.1257986,303,13,4,9,NaN,NaN,NaN,12,7,6,NaN,NaN,NaN,1
11874.5512,0.003754234,303,13,4,9,NaN,NaN,NaN,12,9,4,NaN,NaN,NaN,1
46398.0483,0.00675645,303,13,6,7,NaN,NaN,NaN,12,1,12,NaN,NaN,NaN,1
39085.4365,0.2106913,303,13,6,7,NaN,NaN,NaN,12,3,10,NaN,NaN,NaN,1
33191.3814,2.079991,303,13,6,7,NaN,NaN,NaN,12,5,8,NaN,NaN,NaN,1
26111.9557,0.9544851,303,13,6,7,NaN,NaN,NaN,12,7,6,NaN,NaN,NaN,1
16477.7771,0.02905276,303,13,6,7,NaN,NaN,NaN,12,9,4,NaN,NaN,NaN,1
4317.4781,0.000317355,303,13,6,7,NaN,NaN,NaN,12,11,2,NaN,NaN,NaN,1
54575.739,0.0004274267,303,13,8,5,NaN,NaN,NaN,12,1,12,NaN,NaN,NaN,1
47263.1273,0.01334562,303,13,8,5,NaN,NaN,NaN,12,3,10,NaN,NaN,NaN,1
41369.0721,0.1555489,303,13,8,5,NaN,NaN,NaN,12,5,8,NaN,NaN,NaN,1
34289.6464,2.63961,303,13,8,5,NaN,NaN,NaN,12,7,6,NaN,NaN,NaN,1
24655.4678,0.6659271,303,13,8,5,NaN,NaN,NaN,12,9,4,NaN,NaN,NaN,1
12495.1689,0.007311225,303,13,8,5,NaN,NaN,NaN,12,11,2,NaN,NaN,NaN,1
58129.5851,0.0003377396,303,13,10,3,NaN,NaN,NaN,12,3,10,NaN,NaN,NaN,1
52235.53,0.003938472,303,13,10,3,NaN,NaN,NaN,12,5,8,NaN,NaN,NaN,1
45156.1043,0.0757004,303,13,10,3,NaN,NaN,NaN,12,7,6,NaN,NaN,NaN,1
35521.9257,3.020849,303,13,10,3,NaN,NaN,NaN,12,9,4,NaN,NaN,NaN,1
23361.6267,0.3655209,303,13,10,3,NaN,NaN,NaN,12,11,2,NaN,NaN,NaN,1
58539.0364,0.0007358214,303,13,12,1,NaN,NaN,NaN,12,7,6,NaN,NaN,NaN,1
48904.8579,0.03227166,303,13,12,1,NaN,NaN,NaN,12,9,4,NaN,NaN,NaN,1
36744.5589,3.361409,303,13,12,1,NaN,NaN,NaN,12,11,2,NaN,NaN,NaN,1
4245.1131,-1.408215,303,13,1,12,NaN,NaN,NaN,13,0,13,NaN,NaN,NaN,1
11008.7758,-0.06538216,303,13,3,10,NaN,NaN,NaN,13,0,13,NaN,NaN,NaN,1
14961.3222,-0.0131291,303,13,5,8,NaN,NaN,NaN,13,0,13,NaN,NaN,NaN,1
21421.5881,-0.001665506,303,13,7,6,NaN,NaN,NaN,13,0,13,NaN,NaN,NaN,1
3734.3486,-1.978577,303,13,2,11,NaN,NaN,NaN,13,1,12,NaN,NaN,NaN,1
3029.3141,-2.427277,303,13,3,10,NaN,NaN,NaN,13,2,11,NaN,NaN,NaN,1
6981.8605,-0.4470886,303,13,5,8,NaN,NaN,NaN,13,2,11,NaN,NaN,NaN,1
13442.1264,-0.05648645,303,13,7,6,NaN,NaN,NaN,13,2,11,NaN,NaN,NaN,1
23012.6041,-0.002200336,303,13,9,4,NaN,NaN,NaN,13,2,11,NaN,NaN,NaN,1
8851.5769,-0.1773902,303,13,4,9,NaN,NaN,NaN,13,1,12,NaN,NaN,NaN,1
2087.9142,-2.976056,303,13,4,9,NaN,NaN,NaN,13,3,10,NaN,NaN,NaN,1
1864.6322,-3.228081,303,13,5,8,NaN,NaN,NaN,13,4,9,NaN,NaN,NaN,1
8324.8981,-0.3115345,303,13,7,6,NaN,NaN,NaN,13,4,9,NaN,NaN,NaN,1
17895.3758,-0.01211086,303,13,9,4,NaN,NaN,NaN,13,4,9,NaN,NaN,NaN,1
13454.8028,-0.0426398,303,13,6,7,NaN,NaN,NaN,13,1,12,NaN,NaN,NaN,1
6691.1401,-0.5790264,303,13,6,7,NaN,NaN,NaN,13,3,10,NaN,NaN,NaN,1
2738.5937,-2.810818,303,13,6,7,NaN,NaN,NaN,13,5,8,NaN,NaN,NaN,1
3721.6722,-2.576203,303,13,7,6,NaN,NaN,NaN,13,6,7,NaN,NaN,NaN,1
13292.1499,-0.09373048,303,13,9,4,NaN,NaN,NaN,13,6,7,NaN,NaN,NaN,1
25424.2422,-0.001519137,303,13,11,2,NaN,NaN,NaN,13,6,7,NaN,NaN,NaN,1
21632.4936,-0.002697444,303,13,8,5,NaN,NaN,NaN,13,1,12,NaN,NaN,NaN,1
14868.8309,-0.03640816,303,13,8,5,NaN,NaN,NaN,13,3,10,NaN,NaN,NaN,1
10916.2844,-0.1549229,303,13,8,5,NaN,NaN,NaN,13,5,8,NaN,NaN,NaN,1
4456.0185,-2.402968,303,13,8,5,NaN,NaN,NaN,13,7,6,NaN,NaN,NaN,1
5114.4592,-2.220554,303,13,9,4,NaN,NaN,NaN,13,8,5,NaN,NaN,NaN,1
17246.5515,-0.03499839,303,13,11,2,NaN,NaN,NaN,13,8,5,NaN,NaN,NaN,1
25735.2887,-0.0009213792,303,13,10,3,NaN,NaN,NaN,13,3,10,NaN,NaN,NaN,1
21782.7423,-0.00391931,303,13,10,3,NaN,NaN,NaN,13,5,8,NaN,NaN,NaN,1
15322.4764,-0.05828745,303,13,10,3,NaN,NaN,NaN,13,7,6,NaN,NaN,NaN,1
5751.9987,-2.014846,303,13,10,3,NaN,NaN,NaN,13,9,4,NaN,NaN,NaN,1
6380.0936,-1.772106,303,13,11,2,NaN,NaN,NaN,13,10,3,NaN,NaN,NaN,1
21005.2297,-0.008494961,303,13,13,0,NaN,NaN,NaN,13,10,3,NaN,NaN,NaN,1
28705.4086,-0.0005665217,303,13,12,1,NaN,NaN,NaN,13,7,6,NaN,NaN,NaN,1
19134.9308,-0.01922526,303,13,12,1,NaN,NaN,NaN,13,9,4,NaN,NaN,NaN,1
7002.8386,-1.470247,303,13,12,1,NaN,NaN,NaN,13,11,2,NaN,NaN,NaN,1
7622.2975,-1.056577,303,13,13,0,NaN,NaN,NaN,13,12,1,NaN,NaN,NaN,1
30892.2604,3.599874,303,14,0,14,NaN,NaN,NaN,13,1,13,NaN,NaN,NaN,1
22884.022,0.1098833,303,14,0,14,NaN,NaN,NaN,13,3,11,NaN,NaN,NaN,1
16537.3597,0.008370039,303,14,0,14,NaN,NaN,NaN,13,5,9,NaN,NaN,NaN,1
9477.8202,0.0007137547,303,14,0,14,NaN,NaN,NaN,13,7,7,NaN,NaN,NaN,1
39587.1976,0.2890832,303,14,2,12,NaN,NaN,NaN,13,1,13,NaN,NaN,NaN,1
31578.9592,2.947011,303,14,2,12,NaN,NaN,NaN,13,3,11,NaN,NaN,NaN,1
25232.2969,0.3166878,303,14,2,12,NaN,NaN,NaN,13,5,9,NaN,NaN,NaN,1
18172.7574,0.02707944,303,14,2,12,NaN,NaN,NaN,13,7,7,NaN,NaN,NaN,1
8595.167,0.001049649,303,14,2,12,NaN,NaN,NaN,13,9,5,NaN,NaN,NaN,1
45566.8877,0.02260214,303,14,4,10,NaN,NaN,NaN,13,1,13,NaN,NaN,NaN,1
37558.6493,0.7634511,303,14,4,10,NaN,NaN,NaN,13,3,11,NaN,NaN,NaN,1
31211.987,1.749158,303,14,4,10,NaN,NaN,NaN,13,5,9,NaN,NaN,NaN,1
24152.4475,0.1848312,303,14,4,10,NaN,NaN,NaN,13,7,7,NaN,NaN,NaN,1
14574.8571,0.007173633,303,14,4,10,NaN,NaN,NaN,13,9,5,NaN,NaN,NaN,1
49987.5835,0.005809364,303,14,6,8,NaN,NaN,NaN,13,1,13,NaN,NaN,NaN,1
41979.345,0.2013838,303,14,6,8,NaN,NaN,NaN,13,3,11,NaN,NaN,NaN,1
35632.6828,1.960935,303,14,6,8,NaN,NaN,NaN,13,5,9,NaN,NaN,NaN,1
28573.1433,1.056972,303,14,6,8,NaN,NaN,NaN,13,7,7,NaN,NaN,NaN,1
18995.5529,0.04218991,303,14,6,8,NaN,NaN,NaN,13,9,5,NaN,NaN,NaN,1
6863.4498,0.0006838722,303,14,6,8,NaN,NaN,NaN,13,11,3,NaN,NaN,NaN,1
57982.3723,0.0004780878,303,14,8,6,NaN,NaN,NaN,13,1,13,NaN,NaN,NaN,1
49974.1338,0.01659298,303,14,8,6,NaN,NaN,NaN,13,3,11,NaN,NaN,NaN,1
43627.4716,0.1905178,303,14,8,6,NaN,NaN,NaN,13,5,9,NaN,NaN,NaN,1
36567.932,2.618583,303,14,8,6,NaN,NaN,NaN,13,7,7,NaN,NaN,NaN,1
26990.3416,0.7845798,303,14,8,6,NaN,NaN,NaN,13,9,5,NaN,NaN,NaN,1
14858.2386,0.01281576,303,14,8,6,NaN,NaN,NaN,13,11,3,NaN,NaN,NaN,1
60789.9446,0.000542478,303,14,10,4,NaN,NaN,NaN,13,3,11,NaN,NaN,NaN,1
54443.2824,0.006233588,303,14,10,4,NaN,NaN,NaN,13,5,9,NaN,NaN,NaN,1
47383.7428,0.09820659,303,14,10,4,NaN,NaN,NaN,13,7,7,NaN,NaN,NaN,1
37806.1524,3.007852,303,14,10,4,NaN,NaN,NaN,13,9,5,NaN,NaN,NaN,1
25674.0494,0.4979484,303,14,10,4,NaN,NaN,NaN,13,11,3,NaN,NaN,NaN,1
11048.9133,0.002419969,303,14,10,4,NaN,NaN,NaN,13,13,1,NaN,NaN,NaN,1
60740.4658,0.001410497,303,14,12,2,NaN,NaN,NaN,13,7,7,NaN,NaN,NaN,1
51162.8754,0.04787253,303,14,12,2,NaN,NaN,NaN,13,9,5,NaN,NaN,NaN,1
39030.7724,3.346375,303,14,12,2,NaN,NaN,NaN,13,11,3,NaN,NaN,NaN,1
24405.6363,0.2033695,303,14,12,2,NaN,NaN,NaN,13,13,1,NaN,NaN,NaN,1
54877.1175,0.01608859,303,14,14,0,NaN,NaN,NaN,13,11,3,NaN,NaN,NaN,1
40251.9814,3.663481,303,14,14,0,NaN,NaN,NaN,13,13,1,NaN,NaN,NaN,1
30892.2942,3.599875,303,14,1,14,NaN,NaN,NaN,13,0,13,NaN,NaN,NaN,1
22912.8324,0.1099605,303,14,1,14,NaN,NaN,NaN,13,2,11,NaN,NaN,NaN,1
17795.6041,0.0102692,303,14,1,14,NaN,NaN,NaN,13,4,9,NaN,NaN,NaN,1
13192.3782,0.002470096,303,14,1,14,NaN,NaN,NaN,13,6,7,NaN,NaN,NaN,1
39600.6612,0.2890068,303,14,3,12,NaN,NaN,NaN,13,0,13,NaN,NaN,NaN,1
31621.1994,2.949167,303,14,3,12,NaN,NaN,NaN,13,2,11,NaN,NaN,NaN,1
26503.9711,0.390762,303,14,3,12,NaN,NaN,NaN,13,4,9,NaN,NaN,NaN,1
21900.7452,0.09465482,303,14,3,12,NaN,NaN,NaN,13,6,7,NaN,NaN,NaN,1
13723.0545,0.005989514,303,14,3,12,NaN,NaN,NaN,13,8,5,NaN,NaN,NaN,1
46477.5218,0.02041987,303,14,5,10,NaN,NaN,NaN,13,0,13,NaN,NaN,NaN,1
38498.06,0.682998,303,14,5,10,NaN,NaN,NaN,13,2,11,NaN,NaN,NaN,1
33380.8317,2.090642,303,14,5,10,NaN,NaN,NaN,13,4,9,NaN,NaN,NaN,1
28777.6058,1.073184,303,14,5,10,NaN,NaN,NaN,13,6,7,NaN,NaN,NaN,1
20599.9151,0.07044911,303,14,5,10,NaN,NaN,NaN,13,8,5,NaN,NaN,NaN,1
9733.4572,0.001783089,303,14,5,10,NaN,NaN,NaN,13,10,3,NaN,NaN,NaN,1
53558.5754,0.001961076,303,14,7,8,NaN,NaN,NaN,13,0,13,NaN,NaN,NaN,1
45579.1137,0.06650239,303,14,7,8,NaN,NaN,NaN,13,2,11,NaN,NaN,NaN,1
40461.8854,0.3639079,303,14,7,8,NaN,NaN,NaN,13,4,9,NaN,NaN,NaN,1
35858.6595,2.377865,303,14,7,8,NaN,NaN,NaN,13,6,7,NaN,NaN,NaN,1
27680.9688,0.9231674,303,14,7,8,NaN,NaN,NaN,13,8,5,NaN,NaN,NaN,1
16814.5109,0.02369835,303,14,7,8,NaN,NaN,NaN,13,10,3,NaN,NaN,NaN,1
55087.2711,0.003235543,303,14,9,6,NaN,NaN,NaN,13,2,11,NaN,NaN,NaN,1
49970.0428,0.0178086,303,14,9,6,NaN,NaN,NaN,13,4,9,NaN,NaN,NaN,1
45366.8169,0.1377723,303,14,9,6,NaN,NaN,NaN,13,6,7,NaN,NaN,NaN,1
37189.1262,2.823261,303,14,9,6,NaN,NaN,NaN,13,8,5,NaN,NaN,NaN,1
26322.6683,0.642148,303,14,9,6,NaN,NaN,NaN,13,10,3,NaN,NaN,NaN,1
12939.7362,0.0062669,303,14,9,6,NaN,NaN,NaN,13,12,1,NaN,NaN,NaN,1
62066.6599,0.0003907697,303,14,11,4,NaN,NaN,NaN,13,4,9,NaN,NaN,NaN,1
57463.434,0.003024113,303,14,11,4,NaN,NaN,NaN,13,6,7,NaN,NaN,NaN,1
49285.7433,0.06966732,303,14,11,4,NaN,NaN,NaN,13,8,5,NaN,NaN,NaN,1
38419.2854,3.180852,303,14,11,4,NaN,NaN,NaN,13,10,3,NaN,NaN,NaN,1
25036.3533,0.3522428,303,14,11,4,NaN,NaN,NaN,13,12,1,NaN,NaN,NaN,1
63890.9145,0.0006098065,303,14,13,2,NaN,NaN,NaN,13,8,5,NaN,NaN,NaN,1
53024.4566,0.03051751,303,14,13,2,NaN,NaN,NaN,13,10,3,NaN,NaN,NaN,1
39641.5245,3.506768,303,14,13,2,NaN,NaN,NaN,13,12,1,NaN,NaN,NaN,1
31241.6094,3.299635,303,14,1,13,NaN,NaN,NaN,13,2,12,NaN,NaN,NaN,1
24185.6691,0.211275,303,14,1,13,NaN,NaN,NaN,13,4,10,NaN,NaN,NaN,1
17879.4181,0.0203196,303,14,1,13,NaN,NaN,NaN,13,6,8,NaN,NaN,NaN,1
9610.7866,0.001205742,303,14,1,13,NaN,NaN,NaN,13,8,6,NaN,NaN,NaN,1
38805.3819,0.5071199,303,14,3,11,NaN,NaN,NaN,13,2,12,NaN,NaN,NaN,1
31749.4415,2.461078,303,14,3,11,NaN,NaN,NaN,13,4,10,NaN,NaN,NaN,1
25443.1906,0.3311658,303,14,3,11,NaN,NaN,NaN,13,6,8,NaN,NaN,NaN,1
17174.5591,0.01971617,303,14,3,11,NaN,NaN,NaN,13,8,6,NaN,NaN,NaN,1
6307.7582,0.0004988555,303,14,3,11,NaN,NaN,NaN,13,10,4,NaN,NaN,NaN,1
43232.2165,0.08356487,303,14,5,9,NaN,NaN,NaN,13,2,12,NaN,NaN,NaN,1
36176.2762,1.270459,303,14,5,9,NaN,NaN,NaN,13,4,10,NaN,NaN,NaN,1
29870.0252,1.243947,303,14,5,9,NaN,NaN,NaN,13,6,8,NaN,NaN,NaN,1
21601.3938,0.0798827,303,14,5,9,NaN,NaN,NaN,13,8,6,NaN,NaN,NaN,1
10734.5929,0.002021595,303,14,5,9,NaN,NaN,NaN,13,10,4,NaN,NaN,NaN,1
49332.2756,0.0142619,303,14,7,7,NaN,NaN,NaN,13,2,12,NaN,NaN,NaN,1
42276.3352,0.2380324,303,14,7,7,NaN,NaN,NaN,13,4,10,NaN,NaN,NaN,1
35970.0843,2.368687,303,14,7,7,NaN,NaN,NaN,13,6,8,NaN,NaN,NaN,1
27701.4528,0.9236131,303,14,7,7,NaN,NaN,NaN,13,8,6,NaN,NaN,NaN,1
16834.6519,0.02370886,303,14,7,7,NaN,NaN,NaN,13,10,4,NaN,NaN,NaN,1
58820.3405,0.0007030473,303,14,9,5,NaN,NaN,NaN,13,2,12,NaN,NaN,NaN,1
51764.4002,0.0117509,303,14,9,5,NaN,NaN,NaN,13,4,10,NaN,NaN,NaN,1
45458.1492,0.1373271,303,14,9,5,NaN,NaN,NaN,13,6,8,NaN,NaN,NaN,1
37189.5178,2.823246,303,14,9,5,NaN,NaN,NaN,13,8,6,NaN,NaN,NaN,1
26322.7169,0.6421483,303,14,9,5,NaN,NaN,NaN,13,10,4,NaN,NaN,NaN,1
12939.7845,0.006266904,303,14,9,5,NaN,NaN,NaN,13,12,2,NaN,NaN,NaN,1
57554.718,0.003014367,303,14,11,3,NaN,NaN,NaN,13,6,8,NaN,NaN,NaN,1
49286.0866,0.06966698,303,14,11,3,NaN,NaN,NaN,13,8,6,NaN,NaN,NaN,1
38419.2857,3.180852,303,14,11,3,NaN,NaN,NaN,13,10,4,NaN,NaN,NaN,1
25036.3533,0.3522428,303,14,11,3,NaN,NaN,NaN,13,12,2,NaN,NaN,NaN,1
63891.2577,0.0006098035,303,14,13,1,NaN,NaN,NaN,13,8,6,NaN,NaN,NaN,1
53024.4568,0.03051751,303,14,13,1,NaN,NaN,NaN,13,10,4,NaN,NaN,NaN,1
39641.5245,3.506768,303,14,13,1,NaN,NaN,NaN,13,12,2,NaN,NaN,NaN,1
4595.7652,-1.409021,303,14,1,13,NaN,NaN,NaN,14,0,14,NaN,NaN,NaN,1
4099.172,-1.980202,303,14,2,12,NaN,NaN,NaN,14,1,13,NaN,NaN,NaN,1
10078.8621,-0.1490426,303,14,4,10,NaN,NaN,NaN,14,1,13,NaN,NaN,NaN,1
14499.5579,-0.03829237,303,14,6,8,NaN,NaN,NaN,14,1,13,NaN,NaN,NaN,1
22494.3467,-0.003151282,303,14,8,6,NaN,NaN,NaN,14,1,13,NaN,NaN,NaN,1
12159.5376,-0.05920354,303,14,3,11,NaN,NaN,NaN,14,0,14,NaN,NaN,NaN,1
3464.6005,-2.420306,303,14,3,11,NaN,NaN,NaN,14,2,12,NaN,NaN,NaN,1
2515.0897,-2.895698,303,14,4,10,NaN,NaN,NaN,14,3,11,NaN,NaN,NaN,1
6935.7854,-0.6305229,303,14,6,8,NaN,NaN,NaN,14,3,11,NaN,NaN,NaN,1
14930.5742,-0.05153184,303,14,8,6,NaN,NaN,NaN,14,3,11,NaN,NaN,NaN,1
25746.385,-0.001684704,303,14,10,4,NaN,NaN,NaN,14,3,11,NaN,NaN,NaN,1
16586.3723,-0.009691689,303,14,5,9,NaN,NaN,NaN,14,0,14,NaN,NaN,NaN,1
7891.4351,-0.3687767,303,14,5,9,NaN,NaN,NaN,14,2,12,NaN,NaN,NaN,1
1911.745,-3.37114,303,14,5,9,NaN,NaN,NaN,14,4,10,NaN,NaN,NaN,1
2508.9508,-3.063372,303,14,6,8,NaN,NaN,NaN,14,5,9,NaN,NaN,NaN,1
10503.7395,-0.2089828,303,14,8,6,NaN,NaN,NaN,14,5,9,NaN,NaN,NaN,1
21319.5503,-0.006827241,303,14,10,4,NaN,NaN,NaN,14,5,9,NaN,NaN,NaN,1
22686.4313,-0.001653621,303,14,7,7,NaN,NaN,NaN,14,0,14,NaN,NaN,NaN,1
13991.4941,-0.06274159,303,14,7,7,NaN,NaN,NaN,14,2,12,NaN,NaN,NaN,1
8011.804,-0.4303739,303,14,7,7,NaN,NaN,NaN,14,4,10,NaN,NaN,NaN,1
3591.1082,-2.755346,303,14,7,7,NaN,NaN,NaN,14,6,8,NaN,NaN,NaN,1
4403.6805,-2.582939,303,14,8,6,NaN,NaN,NaN,14,7,7,NaN,NaN,NaN,1
15219.4913,-0.08007303,303,14,10,4,NaN,NaN,NaN,14,7,7,NaN,NaN,NaN,1
28576.2143,-0.001149877,303,14,12,2,NaN,NaN,NaN,14,7,7,NaN,NaN,NaN,1
23479.5591,-0.003092769,303,14,9,5,NaN,NaN,NaN,14,2,12,NaN,NaN,NaN,1
17499.869,-0.02113727,303,14,9,5,NaN,NaN,NaN,14,4,10,NaN,NaN,NaN,1
13079.1732,-0.1243364,303,14,9,5,NaN,NaN,NaN,14,6,8,NaN,NaN,NaN,1
5084.3844,-2.414166,303,14,9,5,NaN,NaN,NaN,14,8,6,NaN,NaN,NaN,1
5731.4264,-2.231031,303,14,10,4,NaN,NaN,NaN,14,9,5,NaN,NaN,NaN,1
19088.1494,-0.03127089,303,14,12,2,NaN,NaN,NaN,14,9,5,NaN,NaN,NaN,1
29596.4378,-0.0004638222,303,14,11,3,NaN,NaN,NaN,14,4,10,NaN,NaN,NaN,1
25175.742,-0.002727961,303,14,11,3,NaN,NaN,NaN,14,6,8,NaN,NaN,NaN,1
17180.9532,-0.05112319,303,14,11,3,NaN,NaN,NaN,14,8,6,NaN,NaN,NaN,1
6365.1424,-2.023139,303,14,11,3,NaN,NaN,NaN,14,10,4,NaN,NaN,NaN,1
6991.5806,-1.777778,303,14,12,2,NaN,NaN,NaN,14,11,3,NaN,NaN,NaN,1
22837.9257,-0.007782582,303,14,14,0,NaN,NaN,NaN,14,11,3,NaN,NaN,NaN,1
31786.1244,-0.0004474665,303,14,13,1,NaN,NaN,NaN,14,8,6,NaN,NaN,NaN,1
20970.3136,-0.0174206,303,14,13,1,NaN,NaN,NaN,14,10,4,NaN,NaN,NaN,1
7613.5906,-1.473396,303,14,13,1,NaN,NaN,NaN,14,12,2,NaN,NaN,NaN,1
8232.7545,-1.057664,303,14,14,0,NaN,NaN,NaN,14,13,1,NaN,NaN,NaN,1
31243.4872,3.299706,303,14,2,13,NaN,NaN,NaN,13,1,12,NaN,NaN,NaN,1
24479.8245,0.214869,303,14,2,13,NaN,NaN,NaN,13,3,10,NaN,NaN,NaN,1
20527.2781,0.04320428,303,14,2,13,NaN,NaN,NaN,13,5,8,NaN,NaN,NaN,1
14067.0122,0.005481123,303,14,2,13,NaN,NaN,NaN,13,7,6,NaN,NaN,NaN,1
38970.8976,0.5037991,303,14,4,11,NaN,NaN,NaN,13,1,12,NaN,NaN,NaN,1
32207.2349,2.503085,303,14,4,11,NaN,NaN,NaN,13,3,10,NaN,NaN,NaN,1
28254.6885,0.77169,303,14,4,11,NaN,NaN,NaN,13,5,8,NaN,NaN,NaN,1
21794.4226,0.1005381,303,14,4,11,NaN,NaN,NaN,13,7,6,NaN,NaN,NaN,1
12223.9449,0.003917387,303,14,4,11,NaN,NaN,NaN,13,9,4,NaN,NaN,NaN,1
45539.5588,0.04881256,303,14,6,9,NaN,NaN,NaN,13,1,12,NaN,NaN,NaN,1
38775.8961,0.6487221,303,14,6,9,NaN,NaN,NaN,13,3,10,NaN,NaN,NaN,1
34823.3497,2.105373,303,14,6,9,NaN,NaN,NaN,13,5,8,NaN,NaN,NaN,1
28363.0838,1.04657,303,14,6,9,NaN,NaN,NaN,13,7,6,NaN,NaN,NaN,1
18792.6061,0.04181824,303,14,6,9,NaN,NaN,NaN,13,9,4,NaN,NaN,NaN,1
6660.5138,0.0006778495,303,14,6,9,NaN,NaN,NaN,13,11,2,NaN,NaN,NaN,1
53736.0696,0.00352184,303,14,8,7,NaN,NaN,NaN,13,1,12,NaN,NaN,NaN,1
46972.407,0.04753198,303,14,8,7,NaN,NaN,NaN,13,3,10,NaN,NaN,NaN,1
43019.8605,0.201946,303,14,8,7,NaN,NaN,NaN,13,5,8,NaN,NaN,NaN,1
36559.5946,2.619026,303,14,8,7,NaN,NaN,NaN,13,7,6,NaN,NaN,NaN,1
26989.1169,0.7845648,303,14,8,7,NaN,NaN,NaN,13,9,4,NaN,NaN,NaN,1
14857.0246,0.01281553,303,14,8,7,NaN,NaN,NaN,13,11,2,NaN,NaN,NaN,1
57789.4304,0.001552835,303,14,10,5,NaN,NaN,NaN,13,3,10,NaN,NaN,NaN,1
53836.884,0.00660538,303,14,10,5,NaN,NaN,NaN,13,5,8,NaN,NaN,NaN,1
47376.6181,0.09822084,303,14,10,5,NaN,NaN,NaN,13,7,6,NaN,NaN,NaN,1
37806.1404,3.007853,303,14,10,5,NaN,NaN,NaN,13,9,4,NaN,NaN,NaN,1
25674.0481,0.4979484,303,14,10,5,NaN,NaN,NaN,13,11,2,NaN,NaN,NaN,1
11048.912,0.002419969,303,14,10,5,NaN,NaN,NaN,13,13,0,NaN,NaN,NaN,1
60733.3424,0.001410702,303,14,12,3,NaN,NaN,NaN,13,7,6,NaN,NaN,NaN,1
51162.8647,0.04787254,303,14,12,3,NaN,NaN,NaN,13,9,4,NaN,NaN,NaN,1
39030.7724,3.346375,303,14,12,3,NaN,NaN,NaN,13,11,2,NaN,NaN,NaN,1
24405.6363,0.2033695,303,14,12,3,NaN,NaN,NaN,13,13,0,NaN,NaN,NaN,1
54877.1175,0.01608859,303,14,14,1,NaN,NaN,NaN,13,11,2,NaN,NaN,NaN,1
40251.9814,3.663481,303,14,14,1,NaN,NaN,NaN,13,13,0,NaN,NaN,NaN,1
4596.3061,-1.409014,303,14,2,13,NaN,NaN,NaN,14,1,14,NaN,NaN,NaN,1
4112.0609,-1.979863,303,14,3,12,NaN,NaN,NaN,14,2,13,NaN,NaN,NaN,1
10988.9215,-0.1346897,303,14,5,10,NaN,NaN,NaN,14,2,13,NaN,NaN,NaN,1
18069.9751,-0.0129325,303,14,7,8,NaN,NaN,NaN,14,2,13,NaN,NaN,NaN,1
27578.1326,-0.0006291461,303,14,9,6,NaN,NaN,NaN,14,2,13,NaN,NaN,NaN,1
12323.7166,-0.05883864,303,14,4,11,NaN,NaN,NaN,14,1,14,NaN,NaN,NaN,1
3615.3496,-2.410376,303,14,4,11,NaN,NaN,NaN,14,3,12,NaN,NaN,NaN,1
3261.511,-2.724338,303,14,5,10,NaN,NaN,NaN,14,4,11,NaN,NaN,NaN,1
10342.5647,-0.2374323,303,14,7,8,NaN,NaN,NaN,14,4,11,NaN,NaN,NaN,1
19850.7221,-0.01154301,303,14,9,6,NaN,NaN,NaN,14,4,11,NaN,NaN,NaN,1
18892.3778,-0.005666611,303,14,6,9,NaN,NaN,NaN,14,1,14,NaN,NaN,NaN,1
10184.0108,-0.2173235,303,14,6,9,NaN,NaN,NaN,14,3,12,NaN,NaN,NaN,1
3307.1502,-2.829017,303,14,6,9,NaN,NaN,NaN,14,5,10,NaN,NaN,NaN,1
3773.9035,-2.737149,303,14,7,8,NaN,NaN,NaN,14,6,9,NaN,NaN,NaN,1
13282.0609,-0.1232428,303,14,9,6,NaN,NaN,NaN,14,6,9,NaN,NaN,NaN,1
25378.678,-0.002703937,303,14,11,4,NaN,NaN,NaN,14,6,9,NaN,NaN,NaN,1
27088.8886,-0.0004088278,303,14,8,7,NaN,NaN,NaN,14,1,14,NaN,NaN,NaN,1
18380.5216,-0.01567017,303,14,8,7,NaN,NaN,NaN,14,3,12,NaN,NaN,NaN,1
11503.661,-0.1844018,303,14,8,7,NaN,NaN,NaN,14,5,10,NaN,NaN,NaN,1
4422.6073,-2.582028,303,14,8,7,NaN,NaN,NaN,14,7,8,NaN,NaN,NaN,1
5085.5501,-2.41413,303,14,9,6,NaN,NaN,NaN,14,8,7,NaN,NaN,NaN,1
17182.1672,-0.05112227,303,14,11,4,NaN,NaN,NaN,14,8,7,NaN,NaN,NaN,1
31787.3384,-0.0004474585,303,14,13,2,NaN,NaN,NaN,14,8,7,NaN,NaN,NaN,1
29197.5451,-0.0005119064,303,14,10,5,NaN,NaN,NaN,14,3,12,NaN,NaN,NaN,1
22320.6845,-0.006021767,303,14,10,5,NaN,NaN,NaN,14,5,10,NaN,NaN,NaN,1
15239.6308,-0.08003756,303,14,10,5,NaN,NaN,NaN,14,7,8,NaN,NaN,NaN,1
5731.4734,-2.23103,303,14,10,5,NaN,NaN,NaN,14,9,6,NaN,NaN,NaN,1
6365.1437,-2.023139,303,14,11,4,NaN,NaN,NaN,14,10,5,NaN,NaN,NaN,1
20970.3149,-0.0174206,303,14,13,2,NaN,NaN,NaN,14,10,5,NaN,NaN,NaN,1
28596.3551,-0.001149367,303,14,12,3,NaN,NaN,NaN,14,7,8,NaN,NaN,NaN,1
19088.1977,-0.03127087,303,14,12,3,NaN,NaN,NaN,14,9,6,NaN,NaN,NaN,1
6991.5806,-1.777778,303,14,12,3,NaN,NaN,NaN,14,11,4,NaN,NaN,NaN,1
7613.5906,-1.473396,303,14,13,2,NaN,NaN,NaN,14,12,3,NaN,NaN,NaN,1
22837.9257,-0.007782582,303,14,14,1,NaN,NaN,NaN,14,11,4,NaN,NaN,NaN,1
8232.7545,-1.057664,303,14,14,1,NaN,NaN,NaN,14,13,2,NaN,NaN,NaN,1
