196.5642,1.678354,303,2,1,2,NaN,NaN,NaN,2,0,2,NaN,NaN,NaN,1
1072.0936,-0.7186532,303,2,2,0,NaN,NaN,NaN,2,1,2,NaN,NaN,NaN,1
795.1137,0.9128709,303,2,2,1,NaN,NaN,NaN,2,1,1,NaN,NaN,NaN,1
7895.7021,1.290994,303,3,2,2,NaN,NaN,NaN,2,1,2,NaN,NaN,NaN,1
7414.0945,-1.366004,303,3,1,2,NaN,NaN,NaN,2,0,2,NaN,NaN,NaN,1
6145.4367,0.4536995,303,3,1,2,NaN,NaN,NaN,2,2,0,NaN,NaN,NaN,1
9645.9676,-0.08535015,303,3,3,0,NaN,NaN,NaN,2,0,2,NaN,NaN,NaN,1
8377.3097,-1.608593,303,3,3,0,NaN,NaN,NaN,2,2,0,NaN,NaN,NaN,1
678.1718,-1.274493,303,3,2,2,NaN,NaN,NaN,3,1,2,NaN,NaN,NaN,1
1553.7013,0.8420221,303,3,3,0,NaN,NaN,NaN,3,2,2,NaN,NaN,NaN,1
5647.5227,-0.3109852,303,3,1,3,NaN,NaN,NaN,2,2,1,NaN,NaN,NaN,1
8392.8226,1.603108,303,3,3,1,NaN,NaN,NaN,2,2,1,NaN,NaN,NaN,1
6318.8333,0.6516502,303,3,0,3,NaN,NaN,NaN,2,1,1,NaN,NaN,NaN,1
7721.5121,-1.497337,303,3,2,1,NaN,NaN,NaN,2,1,1,NaN,NaN,NaN,1
123.8031,-2.120539,303,3,1,3,NaN,NaN,NaN,3,0,3,NaN,NaN,NaN,1
2869.103,-0.100898,303,3,3,1,NaN,NaN,NaN,3,0,3,NaN,NaN,NaN,1
1278.8756,0.7642438,303,3,2,1,NaN,NaN,NaN,3,1,3,NaN,NaN,NaN,1
1466.4243,-0.8616256,303,3,3,1,NaN,NaN,NaN,3,2,1,NaN,NaN,NaN,1
8336.3982,-0.6364332,303,4,0,4,NaN,NaN,NaN,3,1,2,NaN,NaN,NaN,1
6104.5252,-0.05254665,303,4,0,4,NaN,NaN,NaN,3,3,0,NaN,NaN,NaN,1
10016.7388,1.701924,303,4,2,2,NaN,NaN,NaN,3,1,2,NaN,NaN,NaN,1
7784.8657,-0.3427686,303,4,2,2,NaN,NaN,NaN,3,3,0,NaN,NaN,NaN,1
13513.1285,0.04759469,303,4,4,0,NaN,NaN,NaN,3,1,2,NaN,NaN,NaN,1
11281.2555,1.891003,303,4,4,0,NaN,NaN,NaN,3,3,0,NaN,NaN,NaN,1
7725.5315,0.4204827,303,4,1,4,NaN,NaN,NaN,3,2,2,NaN,NaN,NaN,1
10703.086,-1.680236,303,4,3,2,NaN,NaN,NaN,3,2,2,NaN,NaN,NaN,1
67.305,2.535901,303,4,1,4,NaN,NaN,NaN,4,0,4,NaN,NaN,NaN,1
1613.0355,-0.6709629,303,4,2,2,NaN,NaN,NaN,4,1,4,NaN,NaN,NaN,1
5109.4253,-0.02764004,303,4,4,0,NaN,NaN,NaN,4,1,4,NaN,NaN,NaN,1
3044.8595,0.1874844,303,4,3,2,NaN,NaN,NaN,4,0,4,NaN,NaN,NaN,1
1364.519,1.150889,303,4,3,2,NaN,NaN,NaN,4,2,2,NaN,NaN,NaN,1
2131.8708,-0.8709506,303,4,4,0,NaN,NaN,NaN,4,3,2,NaN,NaN,NaN,1
9890.731,1.428173,303,4,1,3,NaN,NaN,NaN,3,0,3,NaN,NaN,NaN,1
8488.0523,-0.7154768,303,4,1,3,NaN,NaN,NaN,3,2,1,NaN,NaN,NaN,1
12037.078,0.1697324,303,4,3,1,NaN,NaN,NaN,3,0,3,NaN,NaN,NaN,1
10634.3993,1.708686,303,4,3,1,NaN,NaN,NaN,3,2,1,NaN,NaN,NaN,1
10301.9105,-1.349649,303,4,2,3,NaN,NaN,NaN,3,1,3,NaN,NaN,NaN,1
7556.6106,0.3209355,303,4,2,3,NaN,NaN,NaN,3,3,1,NaN,NaN,NaN,1
14028.6714,-0.03133519,303,4,4,1,NaN,NaN,NaN,3,1,3,NaN,NaN,NaN,1
11283.3715,-1.890626,303,4,4,1,NaN,NaN,NaN,3,3,1,NaN,NaN,NaN,1
534.9826,1.613747,303,4,2,3,NaN,NaN,NaN,4,1,3,NaN,NaN,NaN,1
1611.3645,-1.06378,303,4,3,1,NaN,NaN,NaN,4,2,3,NaN,NaN,NaN,1
4261.7435,0.05448911,303,4,4,1,NaN,NaN,NaN,4,1,3,NaN,NaN,NaN,1
2115.3965,0.8724814,303,4,4,1,NaN,NaN,NaN,4,3,1,NaN,NaN,NaN,1
12745.2942,1.392274,303,5,2,4,NaN,NaN,NaN,4,1,4,NaN,NaN,NaN,1
9767.7397,-0.4831428,303,5,2,4,NaN,NaN,NaN,4,3,2,NaN,NaN,NaN,1
16551.2686,0.05494379,303,5,4,2,NaN,NaN,NaN,4,1,4,NaN,NaN,NaN,1
13573.714,1.955794,303,5,4,2,NaN,NaN,NaN,4,3,2,NaN,NaN,NaN,1
12429.9373,-1.440013,303,5,1,4,NaN,NaN,NaN,4,0,4,NaN,NaN,NaN,1
10749.5968,0.8865315,303,5,1,4,NaN,NaN,NaN,4,2,2,NaN,NaN,NaN,1
7253.207,0.03198786,303,5,1,4,NaN,NaN,NaN,4,4,0,NaN,NaN,NaN,1
14549.6489,-0.2293139,303,5,3,2,NaN,NaN,NaN,4,0,4,NaN,NaN,NaN,1
12869.3084,-1.850481,303,5,3,2,NaN,NaN,NaN,4,2,2,NaN,NaN,NaN,1
9372.9187,0.2972915,303,5,3,2,NaN,NaN,NaN,4,4,0,NaN,NaN,NaN,1
19355.9975,-0.004914995,303,5,5,0,NaN,NaN,NaN,4,0,4,NaN,NaN,NaN,1
17675.6569,-0.03181449,303,5,5,0,NaN,NaN,NaN,4,2,2,NaN,NaN,NaN,1
14179.2672,-2.138485,303,5,5,0,NaN,NaN,NaN,4,4,0,NaN,NaN,NaN,1
382.6619,-1.976255,303,5,2,4,NaN,NaN,NaN,5,1,4,NaN,NaN,NaN,1
4188.6363,-0.1290391,303,5,4,2,NaN,NaN,NaN,5,1,4,NaN,NaN,NaN,1
1737.0497,1.1308,303,5,3,2,NaN,NaN,NaN,5,2,4,NaN,NaN,NaN,1
2068.9246,-1.162616,303,5,4,2,NaN,NaN,NaN,5,3,2,NaN,NaN,NaN,1
6543.3983,0.02538816,303,5,5,0,NaN,NaN,NaN,5,2,4,NaN,NaN,NaN,1
2737.4239,0.8832156,303,5,5,0,NaN,NaN,NaN,5,4,2,NaN,NaN,NaN,1
9746.312,-0.4764563,303,5,1,5,NaN,NaN,NaN,4,2,3,NaN,NaN,NaN,1
6019.5511,-0.01222274,303,5,1,5,NaN,NaN,NaN,4,4,1,NaN,NaN,NaN,1
13038.4307,1.764015,303,5,3,3,NaN,NaN,NaN,4,2,3,NaN,NaN,NaN,1
9311.6697,-0.2953002,303,5,3,3,NaN,NaN,NaN,4,4,1,NaN,NaN,NaN,1
17906.2631,0.02969818,303,5,5,1,NaN,NaN,NaN,4,2,3,NaN,NaN,NaN,1
14179.5021,2.138459,303,5,5,1,NaN,NaN,NaN,4,4,1,NaN,NaN,NaN,1
10248.5105,0.5906824,303,5,0,5,NaN,NaN,NaN,4,1,3,NaN,NaN,NaN,1
8102.1634,0.08846257,303,5,0,5,NaN,NaN,NaN,4,3,1,NaN,NaN,NaN,1
12365.7188,-1.865665,303,5,2,3,NaN,NaN,NaN,4,1,3,NaN,NaN,NaN,1
10219.3717,0.561608,303,5,2,3,NaN,NaN,NaN,4,3,1,NaN,NaN,NaN,1
15706.1557,-0.1079555,303,5,4,1,NaN,NaN,NaN,4,1,3,NaN,NaN,NaN,1
13559.8086,-1.958444,303,5,4,1,NaN,NaN,NaN,4,3,1,NaN,NaN,NaN,1
32.7841,-2.906984,303,5,1,5,NaN,NaN,NaN,5,0,5,NaN,NaN,NaN,1
3324.9028,-0.2491612,303,5,3,3,NaN,NaN,NaN,5,0,5,NaN,NaN,NaN,1
8192.7352,-0.004856599,303,5,5,1,NaN,NaN,NaN,5,0,5,NaN,NaN,NaN,1
2084.4242,0.5451964,303,5,2,3,NaN,NaN,NaN,5,1,5,NaN,NaN,NaN,1
1207.6945,-1.381663,303,5,3,3,NaN,NaN,NaN,5,2,3,NaN,NaN,NaN,1
6075.5269,-0.02998948,303,5,5,1,NaN,NaN,NaN,5,2,3,NaN,NaN,NaN,1
5424.8611,0.04912363,303,5,4,1,NaN,NaN,NaN,5,1,5,NaN,NaN,NaN,1
2132.7424,1.153625,303,5,4,1,NaN,NaN,NaN,5,3,3,NaN,NaN,NaN,1
2735.09,-0.8833348,303,5,5,1,NaN,NaN,NaN,5,4,1,NaN,NaN,NaN,1
12082.6774,-0.5536606,303,6,0,6,NaN,NaN,NaN,5,1,4,NaN,NaN,NaN,1
9962.9657,-0.1045287,303,6,0,6,NaN,NaN,NaN,5,3,2,NaN,NaN,NaN,1
5156.6172,-0.002247714,303,6,0,6,NaN,NaN,NaN,5,5,0,NaN,NaN,NaN,1
14780.0396,1.968334,303,6,2,4,NaN,NaN,NaN,5,1,4,NaN,NaN,NaN,1
12660.3279,-0.7781634,303,6,2,4,NaN,NaN,NaN,5,3,2,NaN,NaN,NaN,1
7853.9794,-0.01572149,303,6,2,4,NaN,NaN,NaN,5,5,0,NaN,NaN,NaN,1
17940.958,0.1904693,303,6,4,2,NaN,NaN,NaN,5,1,4,NaN,NaN,NaN,1
15821.2463,2.046273,303,6,4,2,NaN,NaN,NaN,5,3,2,NaN,NaN,NaN,1
11014.8978,-0.2705252,303,6,4,2,NaN,NaN,NaN,5,5,0,NaN,NaN,NaN,1
24002.425,0.0028033,303,6,6,0,NaN,NaN,NaN,5,1,4,NaN,NaN,NaN,1
21882.7133,0.02597151,303,6,6,0,NaN,NaN,NaN,5,3,2,NaN,NaN,NaN,1
17076.3648,2.360444,303,6,6,0,NaN,NaN,NaN,5,5,0,NaN,NaN,NaN,1
11714.848,0.5033475,303,6,1,6,NaN,NaN,NaN,5,2,4,NaN,NaN,NaN,1
7908.8736,0.02188487,303,6,1,6,NaN,NaN,NaN,5,4,2,NaN,NaN,NaN,1
15405.4947,-1.84029,303,6,3,4,NaN,NaN,NaN,5,2,4,NaN,NaN,NaN,1
11599.5203,0.4664382,303,6,3,4,NaN,NaN,NaN,5,4,2,NaN,NaN,NaN,1
20271.8915,-0.05641726,303,6,5,2,NaN,NaN,NaN,5,2,4,NaN,NaN,NaN,1
16465.9172,-2.192125,303,6,5,2,NaN,NaN,NaN,5,4,2,NaN,NaN,NaN,1
14.8325,3.236508,303,6,1,6,NaN,NaN,NaN,6,0,6,NaN,NaN,NaN,1
2682.5296,-0.4384361,303,6,2,4,NaN,NaN,NaN,6,1,6,NaN,NaN,NaN,1
5843.448,-0.06505739,303,6,4,2,NaN,NaN,NaN,6,1,6,NaN,NaN,NaN,1
11904.9151,-0.0009604093,303,6,6,0,NaN,NaN,NaN,6,1,6,NaN,NaN,NaN,1
3705.4792,0.2796082,303,6,3,4,NaN,NaN,NaN,6,0,6,NaN,NaN,NaN,1
1008.117,1.620314,303,6,3,4,NaN,NaN,NaN,6,2,4,NaN,NaN,NaN,1
2152.8014,-1.321087,303,6,4,2,NaN,NaN,NaN,6,3,4,NaN,NaN,NaN,1
8214.2684,-0.02029747,303,6,6,0,NaN,NaN,NaN,6,3,4,NaN,NaN,NaN,1
8571.876,0.01009479,303,6,5,2,NaN,NaN,NaN,6,0,6,NaN,NaN,NaN,1
5874.5139,0.07059438,303,6,5,2,NaN,NaN,NaN,6,2,4,NaN,NaN,NaN,1
2713.5955,1.189024,303,6,5,2,NaN,NaN,NaN,6,4,2,NaN,NaN,NaN,1
3347.8716,-0.8909241,303,6,6,0,NaN,NaN,NaN,6,5,2,NaN,NaN,NaN,1
15009.6954,1.440013,303,6,1,5,NaN,NaN,NaN,5,0,5,NaN,NaN,NaN,1
12892.4871,-0.944757,303,6,1,5,NaN,NaN,NaN,5,2,3,NaN,NaN,NaN,1
9552.0502,-0.07464063,303,6,1,5,NaN,NaN,NaN,5,4,1,NaN,NaN,NaN,1
17222.7265,0.2384443,303,6,3,3,NaN,NaN,NaN,5,0,5,NaN,NaN,NaN,1
15105.5182,2.024785,303,6,3,3,NaN,NaN,NaN,5,2,3,NaN,NaN,NaN,1
11765.0813,-0.4767458,303,6,3,3,NaN,NaN,NaN,5,4,1,NaN,NaN,NaN,1
21921.5348,0.01078614,303,6,5,1,NaN,NaN,NaN,5,0,5,NaN,NaN,NaN,1
19804.3265,0.06662519,303,6,5,1,NaN,NaN,NaN,5,2,3,NaN,NaN,NaN,1
16463.8896,2.19236,303,6,5,1,NaN,NaN,NaN,5,4,1,NaN,NaN,NaN,1
15221.3865,-1.420282,303,6,2,5,NaN,NaN,NaN,5,1,5,NaN,NaN,NaN,1
11929.2678,0.596646,303,6,2,5,NaN,NaN,NaN,5,3,3,NaN,NaN,NaN,1
7061.4354,0.01138978,303,6,2,5,NaN,NaN,NaN,5,5,1,NaN,NaN,NaN,1
19163.6746,-0.07369366,303,6,4,3,NaN,NaN,NaN,5,1,5,NaN,NaN,NaN,1
15871.5559,-2.035307,303,6,4,3,NaN,NaN,NaN,5,3,3,NaN,NaN,NaN,1
11003.7235,0.2703568,303,6,4,3,NaN,NaN,NaN,5,5,1,NaN,NaN,NaN,1
25236.3394,-0.001070641,303,6,6,1,NaN,NaN,NaN,5,1,5,NaN,NaN,NaN,1
21944.2207,-0.02579201,303,6,6,1,NaN,NaN,NaN,5,3,3,NaN,NaN,NaN,1
17076.3883,-2.360442,303,6,6,1,NaN,NaN,NaN,5,5,1,NaN,NaN,NaN,1
244.4752,2.360686,303,6,2,5,NaN,NaN,NaN,6,1,5,NaN,NaN,NaN,1
1968.5559,-1.076947,303,6,3,3,NaN,NaN,NaN,6,2,5,NaN,NaN,NaN,1
6667.3643,-0.05112804,303,6,5,1,NaN,NaN,NaN,6,2,5,NaN,NaN,NaN,1
4186.7633,0.2258302,303,6,4,3,NaN,NaN,NaN,6,1,5,NaN,NaN,NaN,1
1973.7322,1.356867,303,6,4,3,NaN,NaN,NaN,6,3,3,NaN,NaN,NaN,1
2725.0762,-1.188181,303,6,5,1,NaN,NaN,NaN,6,4,3,NaN,NaN,NaN,1
10259.428,0.003287016,303,6,6,1,NaN,NaN,NaN,6,1,5,NaN,NaN,NaN,1
8046.397,0.02077434,303,6,6,1,NaN,NaN,NaN,6,3,3,NaN,NaN,NaN,1
3347.5886,0.8909333,303,6,6,1,NaN,NaN,NaN,6,5,1,NaN,NaN,NaN,1
17723.5133,1.43786,303,7,2,6,NaN,NaN,NaN,6,1,6,NaN,NaN,NaN,1
14032.8667,-0.6718916,303,7,2,6,NaN,NaN,NaN,6,3,4,NaN,NaN,NaN,1
9166.4698,-0.02363634,303,7,2,6,NaN,NaN,NaN,6,5,2,NaN,NaN,NaN,1
21874.6001,0.08527356,303,7,4,4,NaN,NaN,NaN,6,1,6,NaN,NaN,NaN,1
18183.9534,2.119576,303,7,4,4,NaN,NaN,NaN,6,3,4,NaN,NaN,NaN,1
13317.5566,-0.4351234,303,7,4,4,NaN,NaN,NaN,6,5,2,NaN,NaN,NaN,1
27919.4983,0.002339424,303,7,6,2,NaN,NaN,NaN,6,1,6,NaN,NaN,NaN,1
24228.8517,0.04944587,303,7,6,2,NaN,NaN,NaN,6,3,4,NaN,NaN,NaN,1
19362.4548,2.406014,303,7,6,2,NaN,NaN,NaN,6,5,2,NaN,NaN,NaN,1
17598.659,-1.444168,303,7,1,6,NaN,NaN,NaN,6,0,6,NaN,NaN,NaN,1
14901.2969,0.917159,303,7,1,6,NaN,NaN,NaN,6,2,4,NaN,NaN,NaN,1
11740.3785,0.1224549,303,7,1,6,NaN,NaN,NaN,6,4,2,NaN,NaN,NaN,1
5678.9114,0.001806168,303,7,1,6,NaN,NaN,NaN,6,6,0,NaN,NaN,NaN,1
20075.5458,-0.2082394,303,7,3,4,NaN,NaN,NaN,6,0,6,NaN,NaN,NaN,1
17378.1836,-2.200581,303,7,3,4,NaN,NaN,NaN,6,2,4,NaN,NaN,NaN,1
14217.2652,0.6430065,303,7,3,4,NaN,NaN,NaN,6,4,2,NaN,NaN,NaN,1
8155.7981,0.009253035,303,7,3,4,NaN,NaN,NaN,6,6,0,NaN,NaN,NaN,1
24601.3266,-0.01660208,303,7,5,2,NaN,NaN,NaN,6,0,6,NaN,NaN,NaN,1
21903.9645,-0.1162366,303,7,5,2,NaN,NaN,NaN,6,2,4,NaN,NaN,NaN,1
18743.0461,-2.260764,303,7,5,2,NaN,NaN,NaN,6,4,2,NaN,NaN,NaN,1
12681.579,0.2502667,303,7,5,2,NaN,NaN,NaN,6,6,0,NaN,NaN,NaN,1
29195.7268,-0.001324053,303,7,7,0,NaN,NaN,NaN,6,2,4,NaN,NaN,NaN,1
26034.8084,-0.02274244,303,7,7,0,NaN,NaN,NaN,6,4,2,NaN,NaN,NaN,1
19973.3413,-2.563346,303,7,7,0,NaN,NaN,NaN,6,6,0,NaN,NaN,NaN,1
139.6868,-2.739568,303,7,2,6,NaN,NaN,NaN,7,1,6,NaN,NaN,NaN,1
4290.7736,-0.3221978,303,7,4,4,NaN,NaN,NaN,7,1,6,NaN,NaN,NaN,1
10335.6718,-0.008867629,303,7,6,2,NaN,NaN,NaN,7,1,6,NaN,NaN,NaN,1
2337.1999,0.94323,303,7,3,4,NaN,NaN,NaN,7,2,6,NaN,NaN,NaN,1
1813.8868,-1.515507,303,7,4,4,NaN,NaN,NaN,7,3,4,NaN,NaN,NaN,1
7858.7851,-0.0454269,303,7,6,2,NaN,NaN,NaN,7,3,4,NaN,NaN,NaN,1
6862.9808,0.07833938,303,7,5,2,NaN,NaN,NaN,7,2,6,NaN,NaN,NaN,1
2711.894,1.389927,303,7,5,2,NaN,NaN,NaN,7,4,4,NaN,NaN,NaN,1
3333.0042,-1.208491,303,7,6,2,NaN,NaN,NaN,7,5,2,NaN,NaN,NaN,1
14154.7431,0.0008933696,303,7,7,0,NaN,NaN,NaN,7,2,6,NaN,NaN,NaN,1
10003.6563,0.01635708,303,7,7,0,NaN,NaN,NaN,7,4,4,NaN,NaN,NaN,1
3958.7581,0.896446,303,7,7,0,NaN,NaN,NaN,7,6,2,NaN,NaN,NaN,1
13640.0008,-0.5148157,303,7,1,7,NaN,NaN,NaN,6,2,5,NaN,NaN,NaN,1
9697.7127,-0.02920736,303,7,1,7,NaN,NaN,NaN,6,4,3,NaN,NaN,NaN,1
3625.0479,-0.0004244214,303,7,1,7,NaN,NaN,NaN,6,6,1,NaN,NaN,NaN,1
17808.0871,1.902438,303,7,3,5,NaN,NaN,NaN,6,2,5,NaN,NaN,NaN,1
13865.799,-0.6066433,303,7,3,5,NaN,NaN,NaN,6,4,3,NaN,NaN,NaN,1
7793.1342,-0.008677468,303,7,3,5,NaN,NaN,NaN,6,6,1,NaN,NaN,NaN,1
22694.8862,0.08431515,303,7,5,3,NaN,NaN,NaN,6,2,5,NaN,NaN,NaN,1
18752.5981,2.259592,303,7,5,3,NaN,NaN,NaN,6,4,3,NaN,NaN,NaN,1
12679.9333,-0.2502525,303,7,5,3,NaN,NaN,NaN,6,6,1,NaN,NaN,NaN,1
29988.2964,0.0009592063,303,7,7,1,NaN,NaN,NaN,6,2,5,NaN,NaN,NaN,1
26046.0083,0.02272792,303,7,7,1,NaN,NaN,NaN,6,4,3,NaN,NaN,NaN,1
19973.3435,2.563346,303,7,7,1,NaN,NaN,NaN,6,6,1,NaN,NaN,NaN,1
13878.0903,0.5336141,303,7,0,7,NaN,NaN,NaN,6,1,5,NaN,NaN,NaN,1
11665.0592,0.09992962,303,7,0,7,NaN,NaN,NaN,6,3,3,NaN,NaN,NaN,1
6966.2509,0.004536345,303,7,0,7,NaN,NaN,NaN,6,5,1,NaN,NaN,NaN,1
17267.7958,-2.010313,303,7,2,5,NaN,NaN,NaN,6,1,5,NaN,NaN,NaN,1
15054.7647,0.9804619,303,7,2,5,NaN,NaN,NaN,6,3,3,NaN,NaN,NaN,1
10355.9564,0.04009978,303,7,2,5,NaN,NaN,NaN,6,5,1,NaN,NaN,NaN,1
20268.1792,-0.2796597,303,7,4,3,NaN,NaN,NaN,6,1,5,NaN,NaN,NaN,1
18055.1481,-2.154278,303,7,4,3,NaN,NaN,NaN,6,3,3,NaN,NaN,NaN,1
13356.3398,0.4361463,303,7,4,3,NaN,NaN,NaN,6,5,1,NaN,NaN,NaN,1
26274.0446,-0.00800641,303,7,6,1,NaN,NaN,NaN,6,1,5,NaN,NaN,NaN,1
24061.0135,-0.05060664,303,7,6,1,NaN,NaN,NaN,6,3,3,NaN,NaN,NaN,1
19362.2051,-2.406034,303,7,6,1,NaN,NaN,NaN,6,5,1,NaN,NaN,NaN,1
6.3856,-3.534085,303,7,1,7,NaN,NaN,NaN,7,0,7,NaN,NaN,NaN,1
4174.472,-0.2869778,303,7,3,5,NaN,NaN,NaN,7,0,7,NaN,NaN,NaN,1
9061.2711,-0.01507316,303,7,5,3,NaN,NaN,NaN,7,0,7,NaN,NaN,NaN,1
3383.3199,0.3625717,303,7,2,5,NaN,NaN,NaN,7,1,7,NaN,NaN,NaN,1
784.7665,-1.895468,303,7,3,5,NaN,NaN,NaN,7,2,5,NaN,NaN,NaN,1
5671.5656,-0.1331459,303,7,5,3,NaN,NaN,NaN,7,2,5,NaN,NaN,NaN,1
12964.9758,-0.001516099,303,7,7,1,NaN,NaN,NaN,7,2,5,NaN,NaN,NaN,1
6383.7033,0.07236918,303,7,4,3,NaN,NaN,NaN,7,1,7,NaN,NaN,NaN,1
2215.617,1.404182,303,7,4,3,NaN,NaN,NaN,7,3,5,NaN,NaN,NaN,1
2671.1822,-1.393821,303,7,5,3,NaN,NaN,NaN,7,4,3,NaN,NaN,NaN,1
9964.5924,-0.01639741,303,7,7,1,NaN,NaN,NaN,7,4,3,NaN,NaN,NaN,1
12389.5686,0.002083668,303,7,6,1,NaN,NaN,NaN,7,1,7,NaN,NaN,NaN,1
8221.4823,0.04260024,303,7,6,1,NaN,NaN,NaN,7,3,5,NaN,NaN,NaN,1
3334.6832,1.208414,303,7,6,1,NaN,NaN,NaN,7,5,3,NaN,NaN,NaN,1
3958.727,-0.8964467,303,7,7,1,NaN,NaN,NaN,7,6,1,NaN,NaN,NaN,1
15669.6315,-0.5251166,303,8,0,8,NaN,NaN,NaN,7,1,6,NaN,NaN,NaN,1
13192.7447,-0.08314461,303,8,0,8,NaN,NaN,NaN,7,3,4,NaN,NaN,NaN,1
8666.9639,-0.006647637,303,8,0,8,NaN,NaN,NaN,7,5,2,NaN,NaN,NaN,1
19824.8588,2.014071,303,8,2,6,NaN,NaN,NaN,7,1,6,NaN,NaN,NaN,1
17347.9721,-1.122328,303,8,2,6,NaN,NaN,NaN,7,3,4,NaN,NaN,NaN,1
12822.1912,-0.07845825,303,8,2,6,NaN,NaN,NaN,7,5,2,NaN,NaN,NaN,1
5530.4289,-0.0008942925,303,8,2,6,NaN,NaN,NaN,7,7,0,NaN,NaN,NaN,1
22741.447,0.3414586,303,8,4,4,NaN,NaN,NaN,7,1,6,NaN,NaN,NaN,1
20264.5603,2.288856,303,8,4,4,NaN,NaN,NaN,7,3,4,NaN,NaN,NaN,1
15738.7794,-0.5820999,303,8,4,4,NaN,NaN,NaN,7,5,2,NaN,NaN,NaN,1
8447.0171,-0.006556089,303,8,4,4,NaN,NaN,NaN,7,7,0,NaN,NaN,NaN,1
28648.7355,0.01589092,303,8,6,2,NaN,NaN,NaN,7,1,6,NaN,NaN,NaN,1
26171.8487,0.08143446,303,8,6,2,NaN,NaN,NaN,7,3,4,NaN,NaN,NaN,1
21646.0679,2.463449,303,8,6,2,NaN,NaN,NaN,7,5,2,NaN,NaN,NaN,1
14354.3056,-0.2340006,303,8,6,2,NaN,NaN,NaN,7,7,0,NaN,NaN,NaN,1
34687.8407,0.0007582215,303,8,8,0,NaN,NaN,NaN,7,3,4,NaN,NaN,NaN,1
30162.0598,0.02048327,303,8,8,0,NaN,NaN,NaN,7,5,2,NaN,NaN,NaN,1
22870.2975,2.751373,303,8,8,0,NaN,NaN,NaN,7,7,0,NaN,NaN,NaN,1
15532.599,0.5188025,303,8,1,8,NaN,NaN,NaN,7,2,6,NaN,NaN,NaN,1
11381.5123,0.0333316,303,8,1,8,NaN,NaN,NaN,7,4,4,NaN,NaN,NaN,1
5336.614,0.0009146829,303,8,1,8,NaN,NaN,NaN,7,6,2,NaN,NaN,NaN,1
20246.6814,-1.948898,303,8,3,6,NaN,NaN,NaN,7,2,6,NaN,NaN,NaN,1
16095.5946,0.7207285,303,8,3,6,NaN,NaN,NaN,7,4,4,NaN,NaN,NaN,1
10050.6964,0.01931883,303,8,3,6,NaN,NaN,NaN,7,6,2,NaN,NaN,NaN,1
25192.8024,-0.1102039,303,8,5,4,NaN,NaN,NaN,7,2,6,NaN,NaN,NaN,1
21041.7156,-2.335731,303,8,5,4,NaN,NaN,NaN,7,4,4,NaN,NaN,NaN,1
14996.8174,0.4068218,303,8,5,4,NaN,NaN,NaN,7,6,2,NaN,NaN,NaN,1
32455.507,-0.002351863,303,8,7,2,NaN,NaN,NaN,7,2,6,NaN,NaN,NaN,1
28304.4202,-0.04306334,303,8,7,2,NaN,NaN,NaN,7,4,4,NaN,NaN,NaN,1
22259.522,-2.603182,303,8,7,2,NaN,NaN,NaN,7,6,2,NaN,NaN,NaN,1
2.6544,3.807564,303,8,1,8,NaN,NaN,NaN,8,0,8,NaN,NaN,NaN,1
4152.573,-0.3132202,303,8,2,6,NaN,NaN,NaN,8,1,8,NaN,NaN,NaN,1
7069.1611,-0.07031593,303,8,4,4,NaN,NaN,NaN,8,1,8,NaN,NaN,NaN,1
12976.4496,-0.003297668,303,8,6,2,NaN,NaN,NaN,8,1,8,NaN,NaN,NaN,1
4716.7367,0.2814544,303,8,3,6,NaN,NaN,NaN,8,0,8,NaN,NaN,NaN,1
561.5094,2.216026,303,8,3,6,NaN,NaN,NaN,8,2,6,NaN,NaN,NaN,1
2355.0788,-1.400002,303,8,4,4,NaN,NaN,NaN,8,3,6,NaN,NaN,NaN,1
8262.3673,-0.06964317,303,8,6,2,NaN,NaN,NaN,8,3,6,NaN,NaN,NaN,1
16778.3592,-0.0006486956,303,8,8,0,NaN,NaN,NaN,8,3,6,NaN,NaN,NaN,1
9662.8577,0.01880272,303,8,5,4,NaN,NaN,NaN,8,0,8,NaN,NaN,NaN,1
5507.6303,0.221484,303,8,5,4,NaN,NaN,NaN,8,2,6,NaN,NaN,NaN,1
2591.0422,1.545632,303,8,5,4,NaN,NaN,NaN,8,4,4,NaN,NaN,NaN,1
3316.2463,-1.425441,303,8,6,2,NaN,NaN,NaN,8,5,4,NaN,NaN,NaN,1
11832.2383,-0.01361083,303,8,8,0,NaN,NaN,NaN,8,5,4,NaN,NaN,NaN,1
16925.5623,0.000401467,303,8,7,2,NaN,NaN,NaN,8,0,8,NaN,NaN,NaN,1
12770.335,0.004736535,303,8,7,2,NaN,NaN,NaN,8,2,6,NaN,NaN,NaN,1
9853.7468,0.03472315,303,8,7,2,NaN,NaN,NaN,8,4,4,NaN,NaN,NaN,1
3946.4583,1.222728,303,8,7,2,NaN,NaN,NaN,8,6,2,NaN,NaN,NaN,1
4569.5336,-0.9006335,303,8,8,0,NaN,NaN,NaN,8,7,2,NaN,NaN,NaN,1
20177.7748,1.450817,303,8,1,7,NaN,NaN,NaN,7,0,7,NaN,NaN,NaN,1
16788.0693,-0.8585586,303,8,1,7,NaN,NaN,NaN,7,2,5,NaN,NaN,NaN,1
13787.6859,-0.1589665,303,8,1,7,NaN,NaN,NaN,7,4,3,NaN,NaN,NaN,1
7781.8205,-0.004570798,303,8,1,7,NaN,NaN,NaN,7,6,1,NaN,NaN,NaN,1
23103.5565,0.1661225,303,8,3,5,NaN,NaN,NaN,7,0,7,NaN,NaN,NaN,1
19713.851,2.341367,303,8,3,5,NaN,NaN,NaN,7,2,5,NaN,NaN,NaN,1
16713.4675,-0.8169985,303,8,3,5,NaN,NaN,NaN,7,4,3,NaN,NaN,NaN,1
10707.6022,-0.02236812,303,8,3,5,NaN,NaN,NaN,7,6,1,NaN,NaN,NaN,1
27399.6551,0.02099122,303,8,5,3,NaN,NaN,NaN,7,0,7,NaN,NaN,NaN,1
24009.9496,0.1860202,303,8,5,3,NaN,NaN,NaN,7,2,5,NaN,NaN,NaN,1
21009.5662,2.340098,303,8,5,3,NaN,NaN,NaN,7,4,3,NaN,NaN,NaN,1
15003.7008,-0.4069219,303,8,5,3,NaN,NaN,NaN,7,6,1,NaN,NaN,NaN,1
34655.4486,0.0004515588,303,8,7,1,NaN,NaN,NaN,7,0,7,NaN,NaN,NaN,1
31265.743,0.003991235,303,8,7,1,NaN,NaN,NaN,7,2,5,NaN,NaN,NaN,1
28265.3596,0.04316947,303,8,7,1,NaN,NaN,NaN,7,4,3,NaN,NaN,NaN,1
22259.4943,2.603184,303,8,7,1,NaN,NaN,NaN,7,6,1,NaN,NaN,NaN,1
20244.115,-1.449003,303,8,2,7,NaN,NaN,NaN,7,1,7,NaN,NaN,NaN,1
16076.0287,0.7170112,303,8,2,7,NaN,NaN,NaN,7,3,5,NaN,NaN,NaN,1
11189.2295,0.03662613,303,8,2,7,NaN,NaN,NaN,7,5,3,NaN,NaN,NaN,1
3895.8194,0.0004167758,303,8,2,7,NaN,NaN,NaN,7,7,1,NaN,NaN,NaN,1
24687.1597,-0.08959658,303,8,4,5,NaN,NaN,NaN,7,1,7,NaN,NaN,NaN,1
20519.0734,-2.200909,303,8,4,5,NaN,NaN,NaN,7,3,5,NaN,NaN,NaN,1
15632.2743,0.5777539,303,8,4,5,NaN,NaN,NaN,7,5,3,NaN,NaN,NaN,1
8338.8641,0.006503466,303,8,4,5,NaN,NaN,NaN,7,7,1,NaN,NaN,NaN,1
30702.3888,-0.003734918,303,8,6,3,NaN,NaN,NaN,7,1,7,NaN,NaN,NaN,1
26534.3025,-0.07637692,303,8,6,3,NaN,NaN,NaN,7,3,5,NaN,NaN,NaN,1
21647.5033,-2.46333,303,8,6,3,NaN,NaN,NaN,7,5,3,NaN,NaN,NaN,1
14354.0932,0.2339994,303,8,6,3,NaN,NaN,NaN,7,7,1,NaN,NaN,NaN,1
35050.507,-0.0007110558,303,8,8,1,NaN,NaN,NaN,7,3,5,NaN,NaN,NaN,1
30163.7079,-0.02048209,303,8,8,1,NaN,NaN,NaN,7,5,3,NaN,NaN,NaN,1
22870.2977,-2.751373,303,8,8,1,NaN,NaN,NaN,7,7,1,NaN,NaN,NaN,1
72.7258,3.088661,303,8,2,7,NaN,NaN,NaN,8,1,7,NaN,NaN,NaN,1
2853.0558,-0.7881647,303,8,3,5,NaN,NaN,NaN,8,2,7,NaN,NaN,NaN,1
7149.1545,-0.1025915,303,8,5,3,NaN,NaN,NaN,8,2,7,NaN,NaN,NaN,1
14404.9479,-0.002207404,303,8,7,1,NaN,NaN,NaN,8,2,7,NaN,NaN,NaN,1
4515.7705,0.3937453,303,8,4,5,NaN,NaN,NaN,8,1,7,NaN,NaN,NaN,1
1589.9889,1.677689,303,8,4,5,NaN,NaN,NaN,8,3,5,NaN,NaN,NaN,1
2706.1098,-1.531246,303,8,5,3,NaN,NaN,NaN,8,4,5,NaN,NaN,NaN,1
9961.9032,-0.03444439,303,8,7,1,NaN,NaN,NaN,8,4,5,NaN,NaN,NaN,1
10530.9996,0.01648325,303,8,6,3,NaN,NaN,NaN,8,1,7,NaN,NaN,NaN,1
7605.218,0.08064825,303,8,6,3,NaN,NaN,NaN,8,3,5,NaN,NaN,NaN,1
3309.1193,1.425851,303,8,6,3,NaN,NaN,NaN,8,5,3,NaN,NaN,NaN,1
3946.6741,-1.222721,303,8,7,1,NaN,NaN,NaN,8,6,3,NaN,NaN,NaN,1
16121.4225,0.0007511042,303,8,8,1,NaN,NaN,NaN,8,3,5,NaN,NaN,NaN,1
11825.3239,0.01361431,303,8,8,1,NaN,NaN,NaN,8,5,3,NaN,NaN,NaN,1
4569.5305,0.9006335,303,8,8,1,NaN,NaN,NaN,8,7,1,NaN,NaN,NaN,1
22776.3636,1.456469,303,9,2,8,NaN,NaN,NaN,8,1,8,NaN,NaN,NaN,1
18062.2813,-0.7406058,303,9,2,8,NaN,NaN,NaN,8,3,6,NaN,NaN,NaN,1
13116.1603,-0.04814862,303,9,2,8,NaN,NaN,NaN,8,5,4,NaN,NaN,NaN,1
5853.4557,-0.001027964,303,9,2,8,NaN,NaN,NaN,8,7,2,NaN,NaN,NaN,1
27598.2731,0.0883163,303,9,4,6,NaN,NaN,NaN,8,1,8,NaN,NaN,NaN,1
22884.1908,2.273207,303,9,4,6,NaN,NaN,NaN,8,3,6,NaN,NaN,NaN,1
17938.0698,-0.7044747,303,9,4,6,NaN,NaN,NaN,8,5,4,NaN,NaN,NaN,1
10675.3652,-0.01477568,303,9,4,6,NaN,NaN,NaN,8,7,2,NaN,NaN,NaN,1
33591.5109,0.005000418,303,9,6,4,NaN,NaN,NaN,8,1,8,NaN,NaN,NaN,1
28877.4285,0.1056536,303,9,6,4,NaN,NaN,NaN,8,3,6,NaN,NaN,NaN,1
23931.3075,2.529068,303,9,6,4,NaN,NaN,NaN,8,5,4,NaN,NaN,NaN,1
16668.6029,-0.3831387,303,9,6,4,NaN,NaN,NaN,8,7,2,NaN,NaN,NaN,1
37365.4103,0.001826395,303,9,8,2,NaN,NaN,NaN,8,3,6,NaN,NaN,NaN,1
32419.2893,0.03832237,303,9,8,2,NaN,NaN,NaN,8,5,4,NaN,NaN,NaN,1
25156.5847,2.786958,303,9,8,2,NaN,NaN,NaN,8,7,2,NaN,NaN,NaN,1
22743.6854,-1.456993,303,9,1,8,NaN,NaN,NaN,8,0,8,NaN,NaN,NaN,1
18588.458,0.8083804,303,9,1,8,NaN,NaN,NaN,8,2,6,NaN,NaN,NaN,1
15671.8698,0.1723893,303,9,1,8,NaN,NaN,NaN,8,4,4,NaN,NaN,NaN,1
9764.5814,0.008071976,303,9,1,8,NaN,NaN,NaN,8,6,2,NaN,NaN,NaN,1
26282.3773,-0.1296694,303,9,3,6,NaN,NaN,NaN,8,0,8,NaN,NaN,NaN,1
22127.1499,-2.427024,303,9,3,6,NaN,NaN,NaN,8,2,6,NaN,NaN,NaN,1
19210.5618,1.005526,303,9,3,6,NaN,NaN,NaN,8,4,4,NaN,NaN,NaN,1
13303.2733,0.04327269,303,9,3,6,NaN,NaN,NaN,8,6,2,NaN,NaN,NaN,1
4787.2813,0.0004029924,303,9,3,6,NaN,NaN,NaN,8,8,0,NaN,NaN,NaN,1
30324.6899,-0.02320945,303,9,5,4,NaN,NaN,NaN,8,0,8,NaN,NaN,NaN,1
26169.4625,-0.2752832,303,9,5,4,NaN,NaN,NaN,8,2,6,NaN,NaN,NaN,1
23252.8743,-2.430072,303,9,5,4,NaN,NaN,NaN,8,4,4,NaN,NaN,NaN,1
17345.5858,0.5453248,303,9,5,4,NaN,NaN,NaN,8,6,2,NaN,NaN,NaN,1
8829.5939,0.005040697,303,9,5,4,NaN,NaN,NaN,8,8,0,NaN,NaN,NaN,1
37523.7076,-0.0007734014,303,9,7,2,NaN,NaN,NaN,8,0,8,NaN,NaN,NaN,1
33368.4803,-0.009124706,303,9,7,2,NaN,NaN,NaN,8,2,6,NaN,NaN,NaN,1
30451.8921,-0.06690227,303,9,7,2,NaN,NaN,NaN,8,4,4,NaN,NaN,NaN,1
24544.6036,-2.65298,303,9,7,2,NaN,NaN,NaN,8,6,2,NaN,NaN,NaN,1
16028.6117,0.220549,303,9,7,2,NaN,NaN,NaN,8,8,0,NaN,NaN,NaN,1
40190.5282,-0.0005265329,303,9,9,0,NaN,NaN,NaN,8,4,4,NaN,NaN,NaN,1
34283.2398,-0.01877727,303,9,9,0,NaN,NaN,NaN,8,6,2,NaN,NaN,NaN,1
25767.2478,-2.927376,303,9,9,0,NaN,NaN,NaN,8,8,0,NaN,NaN,NaN,1
35.3327,-3.40307,303,9,2,8,NaN,NaN,NaN,9,1,8,NaN,NaN,NaN,1
4857.2422,-0.4323631,303,9,4,6,NaN,NaN,NaN,9,1,8,NaN,NaN,NaN,1
10850.4799,-0.02459413,303,9,6,4,NaN,NaN,NaN,9,1,8,NaN,NaN,NaN,1
19338.4617,-0.0004253225,303,9,8,2,NaN,NaN,NaN,9,1,8,NaN,NaN,NaN,1
3503.3593,0.6540819,303,9,3,6,NaN,NaN,NaN,9,2,8,NaN,NaN,NaN,1
1318.5502,-1.87254,303,9,4,6,NaN,NaN,NaN,9,3,6,NaN,NaN,NaN,1
7311.7879,-0.1317629,303,9,6,4,NaN,NaN,NaN,9,3,6,NaN,NaN,NaN,1
15799.7698,-0.002279858,303,9,8,2,NaN,NaN,NaN,9,3,6,NaN,NaN,NaN,1
7545.6718,0.119378,303,9,5,4,NaN,NaN,NaN,9,2,8,NaN,NaN,NaN,1
2723.7623,1.620808,303,9,5,4,NaN,NaN,NaN,9,4,6,NaN,NaN,NaN,1
3269.4754,-1.589928,303,9,6,4,NaN,NaN,NaN,9,5,4,NaN,NaN,NaN,1
11757.4572,-0.02851667,303,9,8,2,NaN,NaN,NaN,9,5,4,NaN,NaN,NaN,1
14744.6896,0.003979151,303,9,7,2,NaN,NaN,NaN,9,2,8,NaN,NaN,NaN,1
9922.7801,0.05719253,303,9,7,2,NaN,NaN,NaN,9,4,6,NaN,NaN,NaN,1
3929.5424,1.449519,303,9,7,2,NaN,NaN,NaN,9,6,4,NaN,NaN,NaN,1
4558.4394,-1.233591,303,9,8,2,NaN,NaN,NaN,9,7,2,NaN,NaN,NaN,1
19661.4163,0.0004501979,303,9,9,0,NaN,NaN,NaN,9,4,6,NaN,NaN,NaN,1
13668.1785,0.01164366,303,9,9,0,NaN,NaN,NaN,9,6,4,NaN,NaN,NaN,1
5180.1967,0.9039265,303,9,9,0,NaN,NaN,NaN,9,8,2,NaN,NaN,NaN,1
17403.2029,-0.5195505,303,9,1,9,NaN,NaN,NaN,8,2,7,NaN,NaN,NaN,1
12960.1582,-0.03448831,303,9,1,9,NaN,NaN,NaN,8,4,5,NaN,NaN,NaN,1
6944.9291,-0.001438107,303,9,1,9,NaN,NaN,NaN,8,6,3,NaN,NaN,NaN,1
22718.3498,1.981507,303,9,3,7,NaN,NaN,NaN,8,2,7,NaN,NaN,NaN,1
18275.3051,-0.8086578,303,9,3,7,NaN,NaN,NaN,8,4,5,NaN,NaN,NaN,1
12260.076,-0.03272172,303,9,3,7,NaN,NaN,NaN,8,6,3,NaN,NaN,NaN,1
27781.0043,0.130623,303,9,5,5,NaN,NaN,NaN,8,2,7,NaN,NaN,NaN,1
23337.9596,2.416409,303,9,5,5,NaN,NaN,NaN,8,4,5,NaN,NaN,NaN,1
17322.7305,-0.5448501,303,9,5,5,NaN,NaN,NaN,8,6,3,NaN,NaN,NaN,1
8806.5259,-0.00503604,303,9,5,5,NaN,NaN,NaN,8,8,1,NaN,NaN,NaN,1
35003.065,0.004252555,303,9,7,3,NaN,NaN,NaN,8,2,7,NaN,NaN,NaN,1
30560.0203,0.06636583,303,9,7,3,NaN,NaN,NaN,8,4,5,NaN,NaN,NaN,1
24544.7912,2.652969,303,9,7,3,NaN,NaN,NaN,8,6,3,NaN,NaN,NaN,1
16028.5866,-0.2205489,303,9,7,3,NaN,NaN,NaN,8,8,1,NaN,NaN,NaN,1
40298.6815,0.0005223064,303,9,9,1,NaN,NaN,NaN,8,4,5,NaN,NaN,NaN,1
34283.4524,0.01877718,303,9,9,1,NaN,NaN,NaN,8,6,3,NaN,NaN,NaN,1
25767.2478,2.927376,303,9,9,1,NaN,NaN,NaN,8,8,1,NaN,NaN,NaN,1
17474.8537,0.52161,303,9,0,9,NaN,NaN,NaN,8,1,7,NaN,NaN,NaN,1
14549.0721,0.06443583,303,9,0,9,NaN,NaN,NaN,8,3,5,NaN,NaN,NaN,1
10252.9734,0.008157446,303,9,0,9,NaN,NaN,NaN,8,5,3,NaN,NaN,NaN,1
22426.1332,-2.010576,303,9,2,7,NaN,NaN,NaN,8,1,7,NaN,NaN,NaN,1
19500.3515,1.169083,303,9,2,7,NaN,NaN,NaN,8,3,5,NaN,NaN,NaN,1
15204.2529,0.129062,303,9,2,7,NaN,NaN,NaN,8,5,3,NaN,NaN,NaN,1
7948.4594,0.002773923,303,9,2,7,NaN,NaN,NaN,8,7,1,NaN,NaN,NaN,1
25401.7182,-0.3499528,303,9,4,5,NaN,NaN,NaN,8,1,7,NaN,NaN,NaN,1
22475.9365,-2.448308,303,9,4,5,NaN,NaN,NaN,8,3,5,NaN,NaN,NaN,1
18179.8379,0.719627,303,9,4,5,NaN,NaN,NaN,8,5,3,NaN,NaN,NaN,1
10924.0445,0.01512752,303,9,4,5,NaN,NaN,NaN,8,7,1,NaN,NaN,NaN,1
31147.311,-0.02496417,303,9,6,3,NaN,NaN,NaN,8,1,7,NaN,NaN,NaN,1
28221.5293,-0.1222683,303,9,6,3,NaN,NaN,NaN,8,3,5,NaN,NaN,NaN,1
23925.4307,-2.529581,303,9,6,3,NaN,NaN,NaN,8,5,3,NaN,NaN,NaN,1
16669.6373,0.3831483,303,9,6,3,NaN,NaN,NaN,8,7,1,NaN,NaN,NaN,1
39634.2556,-0.000432141,303,9,8,1,NaN,NaN,NaN,8,1,7,NaN,NaN,NaN,1
36708.4739,-0.002114726,303,9,8,1,NaN,NaN,NaN,8,3,5,NaN,NaN,NaN,1
32412.3753,-0.03833217,303,9,8,1,NaN,NaN,NaN,8,5,3,NaN,NaN,NaN,1
25156.5819,-2.786958,303,9,8,1,NaN,NaN,NaN,8,7,1,NaN,NaN,NaN,1
1.075,-4.062209,303,9,1,9,NaN,NaN,NaN,9,0,9,NaN,NaN,NaN,1
5316.2219,-0.2702914,303,9,3,7,NaN,NaN,NaN,9,0,9,NaN,NaN,NaN,1
10378.8764,-0.02085145,303,9,5,5,NaN,NaN,NaN,9,0,9,NaN,NaN,NaN,1
17600.9371,-0.0006793032,303,9,7,3,NaN,NaN,NaN,9,0,9,NaN,NaN,NaN,1
4950.2045,0.2821249,303,9,2,7,NaN,NaN,NaN,9,1,9,NaN,NaN,NaN,1
364.9425,-2.569675,303,9,3,7,NaN,NaN,NaN,9,2,7,NaN,NaN,NaN,1
5427.597,-0.3285866,303,9,5,5,NaN,NaN,NaN,9,2,7,NaN,NaN,NaN,1
12649.6577,-0.01073788,303,9,7,3,NaN,NaN,NaN,9,2,7,NaN,NaN,NaN,1
7925.7895,0.06086513,303,9,4,5,NaN,NaN,NaN,9,1,9,NaN,NaN,NaN,1
2610.6425,1.307362,303,9,4,5,NaN,NaN,NaN,9,3,7,NaN,NaN,NaN,1
2452.0119,-1.666616,303,9,5,5,NaN,NaN,NaN,9,4,5,NaN,NaN,NaN,1
9674.0726,-0.05855514,303,9,7,3,NaN,NaN,NaN,9,4,5,NaN,NaN,NaN,1
19412.7338,-0.000460919,303,9,9,1,NaN,NaN,NaN,9,4,5,NaN,NaN,NaN,1
13671.3823,0.004376327,303,9,6,3,NaN,NaN,NaN,9,1,9,NaN,NaN,NaN,1
8356.2353,0.09955611,303,9,6,3,NaN,NaN,NaN,9,3,7,NaN,NaN,NaN,1
3293.5809,1.588242,303,9,6,3,NaN,NaN,NaN,9,5,5,NaN,NaN,NaN,1
3928.4798,-1.449561,303,9,7,3,NaN,NaN,NaN,9,6,3,NaN,NaN,NaN,1
13667.141,-0.01164396,303,9,9,1,NaN,NaN,NaN,9,6,3,NaN,NaN,NaN,1
16843.1799,0.001723701,303,9,8,1,NaN,NaN,NaN,9,3,7,NaN,NaN,NaN,1
11780.5255,0.02849032,303,9,8,1,NaN,NaN,NaN,9,5,5,NaN,NaN,NaN,1
4558.4648,1.23359,303,9,8,1,NaN,NaN,NaN,9,7,3,NaN,NaN,NaN,1
5180.1964,-0.9039265,303,9,9,1,NaN,NaN,NaN,9,8,1,NaN,NaN,NaN,1
19295.3479,-0.5197633,303,10,0,10,NaN,NaN,NaN,9,1,8,NaN,NaN,NaN,1
15756.656,-0.0493482,303,10,0,10,NaN,NaN,NaN,9,3,6,NaN,NaN,NaN,1
11714.3434,-0.008842681,303,10,0,10,NaN,NaN,NaN,9,5,4,NaN,NaN,NaN,1
25037.3704,2.014042,303,10,2,8,NaN,NaN,NaN,9,1,8,NaN,NaN,NaN,1
21498.6785,-1.135527,303,10,2,8,NaN,NaN,NaN,9,3,6,NaN,NaN,NaN,1
17456.3659,-0.1811374,303,10,2,8,NaN,NaN,NaN,9,5,4,NaN,NaN,NaN,1
10257.3482,-0.006026539,303,10,2,8,NaN,NaN,NaN,9,7,2,NaN,NaN,NaN,1
28266.6705,0.3128247,303,10,4,6,NaN,NaN,NaN,9,1,8,NaN,NaN,NaN,1
24727.9785,2.608543,303,10,4,6,NaN,NaN,NaN,9,3,6,NaN,NaN,NaN,1
20685.666,-0.8604625,303,10,4,6,NaN,NaN,NaN,9,5,4,NaN,NaN,NaN,1
13486.6482,-0.0275376,303,10,4,6,NaN,NaN,NaN,9,7,2,NaN,NaN,NaN,1
33776.6242,0.03320886,303,10,6,4,NaN,NaN,NaN,9,1,8,NaN,NaN,NaN,1
30237.9322,0.1783726,303,10,6,4,NaN,NaN,NaN,9,3,6,NaN,NaN,NaN,1
26195.6197,2.602761,303,10,6,4,NaN,NaN,NaN,9,5,4,NaN,NaN,NaN,1
18996.6019,-0.5159596,303,10,6,4,NaN,NaN,NaN,9,7,2,NaN,NaN,NaN,1
9257.9658,-0.004039886,303,10,6,4,NaN,NaN,NaN,9,9,0,NaN,NaN,NaN,1
42222.1915,0.0008726533,303,10,8,2,NaN,NaN,NaN,9,1,8,NaN,NaN,NaN,1
38683.4996,0.004677704,303,10,8,2,NaN,NaN,NaN,9,3,6,NaN,NaN,NaN,1
34641.187,0.058514,303,10,8,2,NaN,NaN,NaN,9,5,4,NaN,NaN,NaN,1
27442.1693,2.831085,303,10,8,2,NaN,NaN,NaN,9,7,2,NaN,NaN,NaN,1
17703.5331,-0.2091824,303,10,8,2,NaN,NaN,NaN,9,9,0,NaN,NaN,NaN,1
45601.8495,0.0003986449,303,10,10,0,NaN,NaN,NaN,9,5,4,NaN,NaN,NaN,1
38402.8317,0.01743132,303,10,10,0,NaN,NaN,NaN,9,7,2,NaN,NaN,NaN,1
28664.1956,3.0934,303,10,10,0,NaN,NaN,NaN,9,9,0,NaN,NaN,NaN,1
19260.4419,0.5190817,303,10,1,10,NaN,NaN,NaN,9,2,8,NaN,NaN,NaN,1
14438.5324,0.03352178,303,10,1,10,NaN,NaN,NaN,9,4,6,NaN,NaN,NaN,1
8445.2947,0.001898518,303,10,1,10,NaN,NaN,NaN,9,6,4,NaN,NaN,NaN,1
25217.3898,-2.003719,303,10,3,8,NaN,NaN,NaN,9,2,8,NaN,NaN,NaN,1
20395.4803,0.8707391,303,10,3,8,NaN,NaN,NaN,9,4,6,NaN,NaN,NaN,1
14402.2425,0.04765601,303,10,3,8,NaN,NaN,NaN,9,6,4,NaN,NaN,NaN,1
5914.2607,0.0008240836,303,10,3,8,NaN,NaN,NaN,9,8,2,NaN,NaN,NaN,1
30470.2818,-0.1432846,303,10,5,6,NaN,NaN,NaN,9,2,8,NaN,NaN,NaN,1
25648.3723,-2.497332,303,10,5,6,NaN,NaN,NaN,9,4,6,NaN,NaN,NaN,1
19655.1346,0.6707186,303,10,5,6,NaN,NaN,NaN,9,6,4,NaN,NaN,NaN,1
11167.1528,0.01145486,303,10,5,6,NaN,NaN,NaN,9,8,2,NaN,NaN,NaN,1
37643.6654,-0.00645564,303,10,7,4,NaN,NaN,NaN,9,2,8,NaN,NaN,NaN,1
32821.7559,-0.09281483,303,10,7,4,NaN,NaN,NaN,9,4,6,NaN,NaN,NaN,1
26828.5182,-2.710241,303,10,7,4,NaN,NaN,NaN,9,6,4,NaN,NaN,NaN,1
18340.5364,0.3631696,303,10,7,4,NaN,NaN,NaN,9,8,2,NaN,NaN,NaN,1
42534.8279,-0.001344811,303,10,9,2,NaN,NaN,NaN,9,4,6,NaN,NaN,NaN,1
36541.5901,-0.03478223,303,10,9,2,NaN,NaN,NaN,9,6,4,NaN,NaN,NaN,1
28053.6083,-2.959683,303,10,9,2,NaN,NaN,NaN,9,8,2,NaN,NaN,NaN,1
0.4266,4.301578,303,10,1,10,NaN,NaN,NaN,10,0,10,NaN,NaN,NaN,1
5741.5959,-0.261619,303,10,2,8,NaN,NaN,NaN,10,1,10,NaN,NaN,NaN,1
8970.8959,-0.04816237,303,10,4,6,NaN,NaN,NaN,10,1,10,NaN,NaN,NaN,1
14480.8497,-0.005146189,303,10,6,4,NaN,NaN,NaN,10,1,10,NaN,NaN,NaN,1
5957.3745,0.2575625,303,10,3,8,NaN,NaN,NaN,10,0,10,NaN,NaN,NaN,1
215.352,2.926786,303,10,3,8,NaN,NaN,NaN,10,2,8,NaN,NaN,NaN,1
3013.9481,-1.151189,303,10,4,6,NaN,NaN,NaN,10,3,8,NaN,NaN,NaN,1
8523.9018,-0.1291319,303,10,6,4,NaN,NaN,NaN,10,3,8,NaN,NaN,NaN,1
16969.4691,-0.003394415,303,10,8,2,NaN,NaN,NaN,10,3,8,NaN,NaN,NaN,1
11210.2666,0.0212844,303,10,5,6,NaN,NaN,NaN,10,0,10,NaN,NaN,NaN,1
5468.2441,0.4332461,303,10,5,6,NaN,NaN,NaN,10,2,8,NaN,NaN,NaN,1
2238.944,1.778526,303,10,5,6,NaN,NaN,NaN,10,4,6,NaN,NaN,NaN,1
3271.0097,-1.712521,303,10,6,4,NaN,NaN,NaN,10,5,6,NaN,NaN,NaN,1
11716.577,-0.04718164,303,10,8,2,NaN,NaN,NaN,10,5,6,NaN,NaN,NaN,1
22677.2395,-0.0003214735,303,10,10,0,NaN,NaN,NaN,10,5,6,NaN,NaN,NaN,1
18383.6502,0.0009597354,303,10,7,4,NaN,NaN,NaN,10,0,10,NaN,NaN,NaN,1
12641.6277,0.01962832,303,10,7,4,NaN,NaN,NaN,10,2,8,NaN,NaN,NaN,1
9412.3276,0.08967248,303,10,7,4,NaN,NaN,NaN,10,4,6,NaN,NaN,NaN,1
3902.3739,1.623855,303,10,7,4,NaN,NaN,NaN,10,6,4,NaN,NaN,NaN,1
4543.1934,-1.467688,303,10,8,2,NaN,NaN,NaN,10,7,4,NaN,NaN,NaN,1
15503.8559,-0.01017251,303,10,10,0,NaN,NaN,NaN,10,7,4,NaN,NaN,NaN,1
19125.3995,0.001299834,303,10,9,2,NaN,NaN,NaN,10,4,6,NaN,NaN,NaN,1
13615.4458,0.02422681,303,10,9,2,NaN,NaN,NaN,10,6,4,NaN,NaN,NaN,1
5169.8785,1.242176,303,10,9,2,NaN,NaN,NaN,10,8,2,NaN,NaN,NaN,1
5790.784,-0.906587,303,10,10,0,NaN,NaN,NaN,10,9,2,NaN,NaN,NaN,1
25299.8951,1.461999,303,10,1,9,NaN,NaN,NaN,9,0,9,NaN,NaN,NaN,1
20348.6157,-0.7782392,303,10,1,9,NaN,NaN,NaN,9,2,7,NaN,NaN,NaN,1
17373.0307,-0.1619489,303,10,1,9,NaN,NaN,NaN,9,4,5,NaN,NaN,NaN,1
11627.4378,-0.01162759,303,10,1,9,NaN,NaN,NaN,9,6,3,NaN,NaN,NaN,1
29575.8179,0.1034001,303,10,3,7,NaN,NaN,NaN,9,0,9,NaN,NaN,NaN,1
24624.5385,2.458051,303,10,3,7,NaN,NaN,NaN,9,2,7,NaN,NaN,NaN,1
21648.9535,-1.187609,303,10,3,7,NaN,NaN,NaN,9,4,5,NaN,NaN,NaN,1
15903.3607,-0.07536448,303,10,3,7,NaN,NaN,NaN,9,6,3,NaN,NaN,NaN,1
7416.4161,-0.001304201,303,10,3,7,NaN,NaN,NaN,9,8,1,NaN,NaN,NaN,1
33391.0882,0.0230706,303,10,5,5,NaN,NaN,NaN,9,0,9,NaN,NaN,NaN,1
28439.8088,0.3678041,303,10,5,5,NaN,NaN,NaN,9,2,7,NaN,NaN,NaN,1
25464.2237,2.53488,303,10,5,5,NaN,NaN,NaN,9,4,5,NaN,NaN,NaN,1
19718.6309,-0.6725342,303,10,5,5,NaN,NaN,NaN,9,6,3,NaN,NaN,NaN,1
11231.6863,-0.01148854,303,10,5,5,NaN,NaN,NaN,9,8,1,NaN,NaN,NaN,1
40500.0771,0.001101914,303,10,7,3,NaN,NaN,NaN,9,0,9,NaN,NaN,NaN,1
35548.7977,0.01741848,303,10,7,3,NaN,NaN,NaN,9,2,7,NaN,NaN,NaN,1
32573.2126,0.09502069,303,10,7,3,NaN,NaN,NaN,9,4,5,NaN,NaN,NaN,1
26827.6198,2.710297,303,10,7,3,NaN,NaN,NaN,9,6,3,NaN,NaN,NaN,1
18340.6752,-0.3631705,303,10,7,3,NaN,NaN,NaN,9,8,1,NaN,NaN,NaN,1
42286.1454,0.001376837,303,10,9,1,NaN,NaN,NaN,9,4,5,NaN,NaN,NaN,1
36540.5526,0.03478312,303,10,9,1,NaN,NaN,NaN,9,6,3,NaN,NaN,NaN,1
28053.608,2.959683,303,10,9,1,NaN,NaN,NaN,9,8,1,NaN,NaN,NaN,1
25315.1463,-1.461841,303,10,2,9,NaN,NaN,NaN,9,1,9,NaN,NaN,NaN,1
19999.9993,0.7506597,303,10,2,9,NaN,NaN,NaN,9,3,7,NaN,NaN,NaN,1
14937.3448,0.05647222,303,10,2,9,NaN,NaN,NaN,9,5,5,NaN,NaN,NaN,1
7715.2842,0.001839562,303,10,2,9,NaN,NaN,NaN,9,7,3,NaN,NaN,NaN,1
30599.2017,-0.08365477,303,10,4,7,NaN,NaN,NaN,9,1,9,NaN,NaN,NaN,1
25284.0547,-2.332695,303,10,4,7,NaN,NaN,NaN,9,3,7,NaN,NaN,NaN,1
20221.4003,0.8161231,303,10,4,7,NaN,NaN,NaN,9,5,5,NaN,NaN,NaN,1
12999.3396,0.0259159,303,10,4,7,NaN,NaN,NaN,9,7,3,NaN,NaN,NaN,1
36592.4776,-0.005936019,303,10,6,5,NaN,NaN,NaN,9,1,9,NaN,NaN,NaN,1
31277.3306,-0.1351496,303,10,6,5,NaN,NaN,NaN,9,3,7,NaN,NaN,NaN,1
26214.6762,-2.600965,303,10,6,5,NaN,NaN,NaN,9,5,5,NaN,NaN,NaN,1
18992.6155,0.5159085,303,10,6,5,NaN,NaN,NaN,9,7,3,NaN,NaN,NaN,1
9253.9543,0.004039466,303,10,6,5,NaN,NaN,NaN,9,9,1,NaN,NaN,NaN,1
39726.9067,-0.003536612,303,10,8,3,NaN,NaN,NaN,9,3,7,NaN,NaN,NaN,1
34664.2522,-0.05845998,303,10,8,3,NaN,NaN,NaN,9,5,5,NaN,NaN,NaN,1
27442.1915,-2.831084,303,10,8,3,NaN,NaN,NaN,9,7,3,NaN,NaN,NaN,1
17703.5304,0.2091824,303,10,8,3,NaN,NaN,NaN,9,9,1,NaN,NaN,NaN,1
45624.9174,-0.0003982766,303,10,10,1,NaN,NaN,NaN,9,5,5,NaN,NaN,NaN,1
38402.8567,-0.01743131,303,10,10,1,NaN,NaN,NaN,9,7,3,NaN,NaN,NaN,1
28664.1956,-3.0934,303,10,10,1,NaN,NaN,NaN,9,9,1,NaN,NaN,NaN,1
16.3261,3.688556,303,10,2,9,NaN,NaN,NaN,10,1,9,NaN,NaN,NaN,1
4259.5967,-0.5551345,303,10,3,7,NaN,NaN,NaN,10,2,9,NaN,NaN,NaN,1
8074.867,-0.1253831,303,10,5,5,NaN,NaN,NaN,10,2,9,NaN,NaN,NaN,1
15183.8559,-0.005990572,303,10,7,3,NaN,NaN,NaN,10,2,9,NaN,NaN,NaN,1
5300.3815,0.444198,303,10,4,7,NaN,NaN,NaN,10,1,9,NaN,NaN,NaN,1
1024.4587,2.117098,303,10,4,7,NaN,NaN,NaN,10,3,7,NaN,NaN,NaN,1
2790.8115,-1.652246,303,10,5,5,NaN,NaN,NaN,10,4,7,NaN,NaN,NaN,1
9899.8004,-0.08438557,303,10,7,3,NaN,NaN,NaN,10,4,7,NaN,NaN,NaN,1
19612.7332,-0.00122327,303,10,9,1,NaN,NaN,NaN,10,4,7,NaN,NaN,NaN,1
11293.6575,0.03166189,303,10,6,5,NaN,NaN,NaN,10,1,9,NaN,NaN,NaN,1
7017.7346,0.2048848,303,10,6,5,NaN,NaN,NaN,10,3,7,NaN,NaN,NaN,1
3202.4644,1.718409,303,10,6,5,NaN,NaN,NaN,10,5,5,NaN,NaN,NaN,1
3906.5245,-1.623663,303,10,7,3,NaN,NaN,NaN,10,6,5,NaN,NaN,NaN,1
13619.4573,-0.02422429,303,10,9,1,NaN,NaN,NaN,10,6,5,NaN,NaN,NaN,1
19743.2335,0.0008290959,303,10,8,3,NaN,NaN,NaN,10,1,9,NaN,NaN,NaN,1
15467.3107,0.005372046,303,10,8,3,NaN,NaN,NaN,10,3,7,NaN,NaN,NaN,1
11652.0404,0.04732042,303,10,8,3,NaN,NaN,NaN,10,5,5,NaN,NaN,NaN,1
4543.0515,1.467692,303,10,8,3,NaN,NaN,NaN,10,7,3,NaN,NaN,NaN,1
5169.8813,-1.242176,303,10,9,1,NaN,NaN,NaN,10,8,3,NaN,NaN,NaN,1
22612.7056,0.0003224188,303,10,10,1,NaN,NaN,NaN,10,5,5,NaN,NaN,NaN,1
15503.7167,0.01017253,303,10,10,1,NaN,NaN,NaN,10,7,3,NaN,NaN,NaN,1
5790.7839,0.906587,303,10,10,1,NaN,NaN,NaN,10,9,1,NaN,NaN,NaN,1
27857.1857,1.465953,303,11,2,10,NaN,NaN,NaN,10,1,10,NaN,NaN,NaN,1
21900.2378,-0.7533061,303,11,2,10,NaN,NaN,NaN,10,3,8,NaN,NaN,NaN,1
16647.3458,-0.06086552,303,11,2,10,NaN,NaN,NaN,10,5,6,NaN,NaN,NaN,1
9473.9622,-0.002744141,303,11,2,10,NaN,NaN,NaN,10,7,4,NaN,NaN,NaN,1
33676.925,0.07750902,303,11,4,8,NaN,NaN,NaN,10,1,10,NaN,NaN,NaN,1
27719.9772,2.378363,303,11,4,8,NaN,NaN,NaN,10,3,8,NaN,NaN,NaN,1
22467.0851,-0.9108914,303,11,4,8,NaN,NaN,NaN,10,5,6,NaN,NaN,NaN,1
15293.7015,-0.03973624,303,11,4,8,NaN,NaN,NaN,10,7,4,NaN,NaN,NaN,1
5580.6296,-0.0005758709,303,11,4,8,NaN,NaN,NaN,10,9,2,NaN,NaN,NaN,1
39710.0822,0.006442876,303,11,6,6,NaN,NaN,NaN,10,1,10,NaN,NaN,NaN,1
33753.1344,0.1618703,303,11,6,6,NaN,NaN,NaN,10,3,8,NaN,NaN,NaN,1
28500.2423,2.677033,303,11,6,6,NaN,NaN,NaN,10,5,6,NaN,NaN,NaN,1
21326.8587,-0.6379428,303,11,6,6,NaN,NaN,NaN,10,7,4,NaN,NaN,NaN,1
11613.7868,-0.009163571,303,11,6,6,NaN,NaN,NaN,10,9,2,NaN,NaN,NaN,1
42152.8549,0.005845303,303,11,8,4,NaN,NaN,NaN,10,3,8,NaN,NaN,NaN,1
36899.9628,0.08126317,303,11,8,4,NaN,NaN,NaN,10,5,6,NaN,NaN,NaN,1
29726.5792,2.881826,303,11,8,4,NaN,NaN,NaN,10,7,4,NaN,NaN,NaN,1
20013.5072,-0.3460538,303,11,8,4,NaN,NaN,NaN,10,9,2,NaN,NaN,NaN,1
47837.0612,0.001012459,303,11,10,2,NaN,NaN,NaN,10,5,6,NaN,NaN,NaN,1
40663.6776,0.03203824,303,11,10,2,NaN,NaN,NaN,10,7,4,NaN,NaN,NaN,1
30950.6057,3.123098,303,11,10,2,NaN,NaN,NaN,10,9,2,NaN,NaN,NaN,1
27850.3453,-1.466002,303,11,1,10,NaN,NaN,NaN,10,0,10,NaN,NaN,NaN,1
22108.3227,0.7633671,303,11,1,10,NaN,NaN,NaN,10,2,8,NaN,NaN,NaN,1
18879.0227,0.1367875,303,11,1,10,NaN,NaN,NaN,10,4,6,NaN,NaN,NaN,1
13369.069,0.01459969,303,11,1,10,NaN,NaN,NaN,10,6,4,NaN,NaN,NaN,1
4923.5016,0.0003836628,303,11,1,10,NaN,NaN,NaN,10,8,2,NaN,NaN,NaN,1
32940.4391,-0.08585361,303,11,3,8,NaN,NaN,NaN,10,0,10,NaN,NaN,NaN,1
27198.4166,-2.45549,303,11,3,8,NaN,NaN,NaN,10,2,8,NaN,NaN,NaN,1
23969.1165,1.31698,303,11,3,8,NaN,NaN,NaN,10,4,6,NaN,NaN,NaN,1
18459.1628,0.1209625,303,11,3,8,NaN,NaN,NaN,10,6,4,NaN,NaN,NaN,1
10013.5955,0.00317621,303,11,3,8,NaN,NaN,NaN,10,8,2,NaN,NaN,NaN,1
36620.6625,-0.02084866,303,11,5,6,NaN,NaN,NaN,10,0,10,NaN,NaN,NaN,1
30878.6399,-0.4310403,303,11,5,6,NaN,NaN,NaN,10,2,8,NaN,NaN,NaN,1
27649.3399,-2.662289,303,11,5,6,NaN,NaN,NaN,10,4,6,NaN,NaN,NaN,1
22139.3862,0.7931384,303,11,5,6,NaN,NaN,NaN,10,6,4,NaN,NaN,NaN,1
13693.8188,0.02039767,303,11,5,6,NaN,NaN,NaN,10,8,2,NaN,NaN,NaN,1
43588.0901,-0.001385901,303,11,7,4,NaN,NaN,NaN,10,0,10,NaN,NaN,NaN,1
37846.0676,-0.02834533,303,11,7,4,NaN,NaN,NaN,10,2,8,NaN,NaN,NaN,1
34616.7675,-0.1296101,303,11,7,4,NaN,NaN,NaN,10,4,6,NaN,NaN,NaN,1
29106.8138,-2.773605,303,11,7,4,NaN,NaN,NaN,10,6,4,NaN,NaN,NaN,1
20661.2465,0.4911205,303,11,7,4,NaN,NaN,NaN,10,8,2,NaN,NaN,NaN,1
9700.584,0.003333121,303,11,7,4,NaN,NaN,NaN,10,10,0,NaN,NaN,NaN,1
47524.2762,-0.0006172254,303,11,9,2,NaN,NaN,NaN,10,2,8,NaN,NaN,NaN,1
44294.9762,-0.002820279,303,11,9,2,NaN,NaN,NaN,10,4,6,NaN,NaN,NaN,1
38785.0225,-0.05256835,303,11,9,2,NaN,NaN,NaN,10,6,4,NaN,NaN,NaN,1
30339.4551,-2.999419,303,11,9,2,NaN,NaN,NaN,10,8,2,NaN,NaN,NaN,1
19378.7927,0.199412,303,11,9,2,NaN,NaN,NaN,10,10,0,NaN,NaN,NaN,1
42521.8046,-0.01633538,303,11,11,0,NaN,NaN,NaN,10,8,2,NaN,NaN,NaN,1
31561.1422,-3.250968,303,11,11,0,NaN,NaN,NaN,10,10,0,NaN,NaN,NaN,1
7.2671,-3.951777,303,11,2,10,NaN,NaN,NaN,11,1,10,NaN,NaN,NaN,1
5827.0064,-0.4393707,303,11,4,8,NaN,NaN,NaN,11,1,10,NaN,NaN,NaN,1
11860.1636,-0.03666997,303,11,6,6,NaN,NaN,NaN,11,1,10,NaN,NaN,NaN,1
20259.8841,-0.001325483,303,11,8,4,NaN,NaN,NaN,11,1,10,NaN,NaN,NaN,1
5082.8268,0.4885875,303,11,3,8,NaN,NaN,NaN,11,2,10,NaN,NaN,NaN,1
736.9126,-2.414516,303,11,4,8,NaN,NaN,NaN,11,3,8,NaN,NaN,NaN,1
6770.0698,-0.3027738,303,11,6,6,NaN,NaN,NaN,11,3,8,NaN,NaN,NaN,1
15169.7903,-0.01097322,303,11,8,4,NaN,NaN,NaN,11,3,8,NaN,NaN,NaN,1
8763.0501,0.1195595,303,11,5,6,NaN,NaN,NaN,11,2,10,NaN,NaN,NaN,1
2943.3108,1.612597,303,11,5,6,NaN,NaN,NaN,11,4,8,NaN,NaN,NaN,1
3089.8464,-1.820779,303,11,6,6,NaN,NaN,NaN,11,5,6,NaN,NaN,NaN,1
11489.5669,-0.07046503,303,11,8,4,NaN,NaN,NaN,11,5,6,NaN,NaN,NaN,1
22426.6653,-0.0008781267,303,11,10,2,NaN,NaN,NaN,11,5,6,NaN,NaN,NaN,1
15730.4778,0.007950079,303,11,7,4,NaN,NaN,NaN,11,2,10,NaN,NaN,NaN,1
9910.7384,0.115092,303,11,7,4,NaN,NaN,NaN,11,4,8,NaN,NaN,NaN,1
3877.5812,1.762723,303,11,7,4,NaN,NaN,NaN,11,6,6,NaN,NaN,NaN,1
4522.1392,-1.649737,303,11,8,4,NaN,NaN,NaN,11,7,4,NaN,NaN,NaN,1
15459.2377,-0.02106048,303,11,10,2,NaN,NaN,NaN,11,7,4,NaN,NaN,NaN,1
19588.9471,0.00250676,303,11,9,2,NaN,NaN,NaN,11,4,8,NaN,NaN,NaN,1
13555.7899,0.03988848,303,11,9,2,NaN,NaN,NaN,11,6,6,NaN,NaN,NaN,1
5156.0694,1.482067,303,11,9,2,NaN,NaN,NaN,11,8,4,NaN,NaN,NaN,1
5781.029,-1.249147,303,11,10,2,NaN,NaN,NaN,11,9,2,NaN,NaN,NaN,1
17338.4189,0.009031622,303,11,11,0,NaN,NaN,NaN,11,8,4,NaN,NaN,NaN,1
6401.3205,0.9087827,303,11,11,0,NaN,NaN,NaN,11,10,2,NaN,NaN,NaN,1
21110.3758,-0.5182518,303,11,1,11,NaN,NaN,NaN,10,2,9,NaN,NaN,NaN,1
15826.3204,-0.03137324,303,11,1,11,NaN,NaN,NaN,10,4,7,NaN,NaN,NaN,1
9833.0445,-0.002226739,303,11,1,11,NaN,NaN,NaN,10,6,5,NaN,NaN,NaN,1
27736.691,2.019019,303,11,3,9,NaN,NaN,NaN,10,2,9,NaN,NaN,NaN,1
22452.6356,-0.9096923,303,11,3,9,NaN,NaN,NaN,10,4,7,NaN,NaN,NaN,1
16459.3597,-0.06230427,303,11,3,9,NaN,NaN,NaN,10,6,5,NaN,NaN,NaN,1
8009.7836,-0.001631276,303,11,3,9,NaN,NaN,NaN,10,8,3,NaN,NaN,NaN,1
33265.1725,0.1478739,303,11,5,7,NaN,NaN,NaN,10,2,9,NaN,NaN,NaN,1
27981.1171,2.573896,303,11,5,7,NaN,NaN,NaN,10,4,7,NaN,NaN,NaN,1
21987.8412,-0.7870437,303,11,5,7,NaN,NaN,NaN,10,6,5,NaN,NaN,NaN,1
13538.2651,-0.02022341,303,11,5,7,NaN,NaN,NaN,10,8,3,NaN,NaN,NaN,1
40387.5468,0.00865602,303,11,7,5,NaN,NaN,NaN,10,2,9,NaN,NaN,NaN,1
35103.4914,0.1220016,303,11,7,5,NaN,NaN,NaN,10,4,7,NaN,NaN,NaN,1
29110.2155,2.77338,303,11,7,5,NaN,NaN,NaN,10,6,5,NaN,NaN,NaN,1
20660.6395,-0.4911152,303,11,7,5,NaN,NaN,NaN,10,8,3,NaN,NaN,NaN,1
9699.9742,-0.003333083,303,11,7,5,NaN,NaN,NaN,10,10,1,NaN,NaN,NaN,1
44782.3096,0.002654155,303,11,9,3,NaN,NaN,NaN,10,4,7,NaN,NaN,NaN,1
38789.0337,0.05256288,303,11,9,3,NaN,NaN,NaN,10,6,5,NaN,NaN,NaN,1
30339.4576,2.999419,303,11,9,3,NaN,NaN,NaN,10,8,3,NaN,NaN,NaN,1
19378.7924,-0.199412,303,11,9,3,NaN,NaN,NaN,10,10,1,NaN,NaN,NaN,1
42521.8074,0.01633538,303,11,11,1,NaN,NaN,NaN,10,8,3,NaN,NaN,NaN,1
31561.1422,3.250968,303,11,11,1,NaN,NaN,NaN,10,10,1,NaN,NaN,NaN,1
21126.5353,0.5184819,303,11,0,11,NaN,NaN,NaN,10,1,9,NaN,NaN,NaN,1
16850.6125,0.03881295,303,11,0,11,NaN,NaN,NaN,10,3,7,NaN,NaN,NaN,1
13035.3422,0.00866542,303,11,0,11,NaN,NaN,NaN,10,5,5,NaN,NaN,NaN,1
5926.3533,0.000413894,303,11,0,11,NaN,NaN,NaN,10,7,3,NaN,NaN,NaN,1
27636.1255,-2.022297,303,11,2,9,NaN,NaN,NaN,10,1,9,NaN,NaN,NaN,1
23360.2027,1.06959,303,11,2,9,NaN,NaN,NaN,10,3,7,NaN,NaN,NaN,1
19544.9324,0.2187034,303,11,2,9,NaN,NaN,NaN,10,5,5,NaN,NaN,NaN,1
12435.9435,0.01042338,303,11,2,9,NaN,NaN,NaN,10,7,3,NaN,NaN,NaN,1
31327.3814,-0.2583477,303,11,4,7,NaN,NaN,NaN,10,1,9,NaN,NaN,NaN,1
27051.4586,-2.736535,303,11,4,7,NaN,NaN,NaN,10,3,7,NaN,NaN,NaN,1
23236.1884,1.017279,303,11,4,7,NaN,NaN,NaN,10,5,5,NaN,NaN,NaN,1
16127.1994,0.04544475,303,11,4,7,NaN,NaN,NaN,10,7,3,NaN,NaN,NaN,1
6414.2666,0.0006586473,303,11,4,7,NaN,NaN,NaN,10,9,1,NaN,NaN,NaN,1
36539.9192,-0.03908299,303,11,6,5,NaN,NaN,NaN,10,1,9,NaN,NaN,NaN,1
32263.9964,-0.2543082,303,11,6,5,NaN,NaN,NaN,10,3,7,NaN,NaN,NaN,1
28448.7262,-2.682522,303,11,6,5,NaN,NaN,NaN,10,5,5,NaN,NaN,NaN,1
21339.7372,0.6381577,303,11,6,5,NaN,NaN,NaN,10,7,3,NaN,NaN,NaN,1
11626.8044,0.009166879,303,11,6,5,NaN,NaN,NaN,10,9,1,NaN,NaN,NaN,1
44926.6392,-0.001427705,303,11,8,3,NaN,NaN,NaN,10,1,9,NaN,NaN,NaN,1
40650.7164,-0.009250748,303,11,8,3,NaN,NaN,NaN,10,3,7,NaN,NaN,NaN,1
36835.4461,-0.08150178,303,11,8,3,NaN,NaN,NaN,10,5,5,NaN,NaN,NaN,1
29726.4572,-2.881831,303,11,8,3,NaN,NaN,NaN,10,7,3,NaN,NaN,NaN,1
20013.5244,0.3460539,303,11,8,3,NaN,NaN,NaN,10,9,1,NaN,NaN,NaN,1
47772.5274,-0.001015437,303,11,10,1,NaN,NaN,NaN,10,5,5,NaN,NaN,NaN,1
40663.5385,-0.03203832,303,11,10,1,NaN,NaN,NaN,10,7,3,NaN,NaN,NaN,1
30950.6057,-3.123098,303,11,10,1,NaN,NaN,NaN,10,9,1,NaN,NaN,NaN,1
0.1666,-4.528192,303,11,1,11,NaN,NaN,NaN,11,0,11,NaN,NaN,NaN,1
6626.4818,-0.2451768,303,11,3,9,NaN,NaN,NaN,11,0,11,NaN,NaN,NaN,1
12154.9633,-0.02048003,303,11,5,7,NaN,NaN,NaN,11,0,11,NaN,NaN,NaN,1
19277.3377,-0.001199833,303,11,7,5,NaN,NaN,NaN,11,0,11,NaN,NaN,NaN,1
6509.4236,0.2465328,303,11,2,9,NaN,NaN,NaN,11,1,11,NaN,NaN,NaN,1
116.8916,-3.261234,303,11,3,9,NaN,NaN,NaN,11,2,9,NaN,NaN,NaN,1
5645.3731,-0.5126762,303,11,5,7,NaN,NaN,NaN,11,2,9,NaN,NaN,NaN,1
12767.7475,-0.03021581,303,11,7,5,NaN,NaN,NaN,11,2,9,NaN,NaN,NaN,1
22446.5656,-0.0006576653,303,11,9,3,NaN,NaN,NaN,11,2,9,NaN,NaN,NaN,1
10200.6795,0.03628388,303,11,4,7,NaN,NaN,NaN,11,1,11,NaN,NaN,NaN,1
3574.3643,0.9782781,303,11,4,7,NaN,NaN,NaN,11,3,9,NaN,NaN,NaN,1
1954.1172,-1.907639,303,11,5,7,NaN,NaN,NaN,11,4,7,NaN,NaN,NaN,1
9076.4915,-0.1316703,303,11,7,5,NaN,NaN,NaN,11,4,7,NaN,NaN,NaN,1
18755.3097,-0.002867087,303,11,9,3,NaN,NaN,NaN,11,4,7,NaN,NaN,NaN,1
15413.2173,0.005514099,303,11,6,5,NaN,NaN,NaN,11,1,11,NaN,NaN,NaN,1
8786.9021,0.1542027,303,11,6,5,NaN,NaN,NaN,11,3,9,NaN,NaN,NaN,1
3258.4206,1.80232,303,11,6,5,NaN,NaN,NaN,11,5,7,NaN,NaN,NaN,1
3863.9537,-1.763459,303,11,7,5,NaN,NaN,NaN,11,6,5,NaN,NaN,NaN,1
13542.7719,-0.03990288,303,11,9,3,NaN,NaN,NaN,11,6,5,NaN,NaN,NaN,1
17173.622,0.005635672,303,11,8,3,NaN,NaN,NaN,11,3,9,NaN,NaN,NaN,1
11645.1405,0.06986261,303,11,8,3,NaN,NaN,NaN,11,5,7,NaN,NaN,NaN,1
4522.7662,1.649716,303,11,8,3,NaN,NaN,NaN,11,7,5,NaN,NaN,NaN,1
5156.0519,-1.482067,303,11,9,3,NaN,NaN,NaN,11,8,3,NaN,NaN,NaN,1
17338.4017,-0.009031624,303,11,11,1,NaN,NaN,NaN,11,8,3,NaN,NaN,NaN,1
22582.2218,0.0008706238,303,11,10,1,NaN,NaN,NaN,11,5,7,NaN,NaN,NaN,1
15459.8475,0.02106025,303,11,10,1,NaN,NaN,NaN,11,7,5,NaN,NaN,NaN,1
5781.0293,1.249147,303,11,10,1,NaN,NaN,NaN,11,9,3,NaN,NaN,NaN,1
6401.3205,-0.9087827,303,11,11,1,NaN,NaN,NaN,11,10,1,NaN,NaN,NaN,1
22963.9353,-0.5174603,303,12,0,12,NaN,NaN,NaN,11,1,10,NaN,NaN,NaN,1
17873.8415,-0.03188459,303,12,0,12,NaN,NaN,NaN,11,3,8,NaN,NaN,NaN,1
14193.6181,-0.007745652,303,12,0,12,NaN,NaN,NaN,11,5,6,NaN,NaN,NaN,1
7226.1905,-0.0005148992,303,12,0,12,NaN,NaN,NaN,11,7,4,NaN,NaN,NaN,1
30217.1543,2.031084,303,12,2,10,NaN,NaN,NaN,11,1,10,NaN,NaN,NaN,1
25127.0604,-1.01094,303,12,2,10,NaN,NaN,NaN,11,3,8,NaN,NaN,NaN,1
21446.8371,-0.2304894,303,12,2,10,NaN,NaN,NaN,11,5,6,NaN,NaN,NaN,1
14479.4094,-0.0152852,303,12,2,10,NaN,NaN,NaN,11,7,4,NaN,NaN,NaN,1
4801.2008,-0.0003328508,303,12,2,10,NaN,NaN,NaN,11,9,2,NaN,NaN,NaN,1
34553.3172,0.208412,303,12,4,8,NaN,NaN,NaN,11,1,10,NaN,NaN,NaN,1
29463.2233,2.812321,303,12,4,8,NaN,NaN,NaN,11,3,8,NaN,NaN,NaN,1
25783,-1.192594,303,12,4,8,NaN,NaN,NaN,11,5,6,NaN,NaN,NaN,1
18815.5723,-0.07157451,303,12,4,8,NaN,NaN,NaN,11,7,4,NaN,NaN,NaN,1
9137.3637,-0.001558202,303,12,4,8,NaN,NaN,NaN,11,9,2,NaN,NaN,NaN,1
39444.4135,0.04175173,303,12,6,6,NaN,NaN,NaN,11,1,10,NaN,NaN,NaN,1
34354.3197,0.3482488,303,12,6,6,NaN,NaN,NaN,11,3,8,NaN,NaN,NaN,1
30674.0963,2.770279,303,12,6,6,NaN,NaN,NaN,11,5,6,NaN,NaN,NaN,1
23706.6687,-0.7528226,303,12,6,6,NaN,NaN,NaN,11,7,4,NaN,NaN,NaN,1
14028.46,-0.01616516,303,12,6,6,NaN,NaN,NaN,11,9,2,NaN,NaN,NaN,1
47746.3619,0.00202709,303,12,8,4,NaN,NaN,NaN,11,1,10,NaN,NaN,NaN,1
42656.2681,0.0167819,303,12,8,4,NaN,NaN,NaN,11,3,8,NaN,NaN,NaN,1
38976.0447,0.1078076,303,12,8,4,NaN,NaN,NaN,11,5,6,NaN,NaN,NaN,1
32008.6171,2.93791,303,12,8,4,NaN,NaN,NaN,11,7,4,NaN,NaN,NaN,1
22330.4084,-0.4696569,303,12,8,4,NaN,NaN,NaN,11,9,2,NaN,NaN,NaN,1
10148.0589,-0.002811579,303,12,8,4,NaN,NaN,NaN,11,11,0,NaN,NaN,NaN,1
49882.256,0.002003489,303,12,10,2,NaN,NaN,NaN,11,5,6,NaN,NaN,NaN,1
42914.8284,0.04805251,303,12,10,2,NaN,NaN,NaN,11,7,4,NaN,NaN,NaN,1
33236.6197,3.159333,303,12,10,2,NaN,NaN,NaN,11,9,2,NaN,NaN,NaN,1
21054.2702,-0.1908957,303,12,10,2,NaN,NaN,NaN,11,11,0,NaN,NaN,NaN,1
46640.4379,0.01542116,303,12,12,0,NaN,NaN,NaN,11,9,2,NaN,NaN,NaN,1
34458.0884,3.401253,303,12,12,0,NaN,NaN,NaN,11,11,0,NaN,NaN,NaN,1
22956.7324,0.5173816,303,12,1,12,NaN,NaN,NaN,11,2,10,NaN,NaN,NaN,1
17136.9931,0.02877704,303,12,1,12,NaN,NaN,NaN,11,4,8,NaN,NaN,NaN,1
11103.8359,0.002392542,303,12,1,12,NaN,NaN,NaN,11,6,6,NaN,NaN,NaN,1
30269.3442,-2.030055,303,12,3,10,NaN,NaN,NaN,11,2,10,NaN,NaN,NaN,1
24449.6049,0.9305159,303,12,3,10,NaN,NaN,NaN,11,4,8,NaN,NaN,NaN,1
18416.4477,0.0747154,303,12,3,10,NaN,NaN,NaN,11,6,6,NaN,NaN,NaN,1
10016.7272,0.002700166,303,12,3,10,NaN,NaN,NaN,11,8,4,NaN,NaN,NaN,1
36163.3994,-0.1458232,303,12,5,8,NaN,NaN,NaN,11,2,10,NaN,NaN,NaN,1
30343.6601,-2.641852,303,12,5,8,NaN,NaN,NaN,11,4,8,NaN,NaN,NaN,1
24310.5028,0.8943111,303,12,5,8,NaN,NaN,NaN,11,6,6,NaN,NaN,NaN,1
15910.7824,0.03148777,303,12,5,8,NaN,NaN,NaN,11,8,4,NaN,NaN,NaN,1
4973.6839,0.0003923637,303,12,5,8,NaN,NaN,NaN,11,10,2,NaN,NaN,NaN,1
43242.8251,-0.01054222,303,12,7,6,NaN,NaN,NaN,11,2,10,NaN,NaN,NaN,1
37423.0858,-0.1527651,303,12,7,6,NaN,NaN,NaN,11,4,8,NaN,NaN,NaN,1
31389.9286,-2.841219,303,12,7,6,NaN,NaN,NaN,11,6,6,NaN,NaN,NaN,1
22990.2081,0.6092612,303,12,7,6,NaN,NaN,NaN,11,8,4,NaN,NaN,NaN,1
12053.1097,0.007541963,303,12,7,6,NaN,NaN,NaN,11,10,2,NaN,NaN,NaN,1
47057.2643,-0.00455254,303,12,9,4,NaN,NaN,NaN,11,4,8,NaN,NaN,NaN,1
41024.1071,-0.07245015,303,12,9,4,NaN,NaN,NaN,11,6,6,NaN,NaN,NaN,1
32624.3866,-3.045042,303,12,9,4,NaN,NaN,NaN,11,8,4,NaN,NaN,NaN,1
21687.2882,0.3311679,303,12,9,4,NaN,NaN,NaN,11,10,2,NaN,NaN,NaN,1
53184.4061,-0.0007912928,303,12,11,2,NaN,NaN,NaN,11,6,6,NaN,NaN,NaN,1
44784.6856,-0.02983846,303,12,11,2,NaN,NaN,NaN,11,8,4,NaN,NaN,NaN,1
33847.5872,-3.278537,303,12,11,2,NaN,NaN,NaN,11,10,2,NaN,NaN,NaN,1
0.0642,4.74393,303,12,1,12,NaN,NaN,NaN,12,0,12,NaN,NaN,NaN,1
7253.1547,-0.2343022,303,12,2,10,NaN,NaN,NaN,12,1,12,NaN,NaN,NaN,1
11589.3176,-0.02718646,303,12,4,8,NaN,NaN,NaN,12,1,12,NaN,NaN,NaN,1
16480.414,-0.005462049,303,12,6,6,NaN,NaN,NaN,12,1,12,NaN,NaN,NaN,1
7312.676,0.233843,303,12,3,10,NaN,NaN,NaN,12,0,12,NaN,NaN,NaN,1
59.4571,3.564778,303,12,3,10,NaN,NaN,NaN,12,2,10,NaN,NaN,NaN,1
4276.7058,-0.8272672,303,12,4,8,NaN,NaN,NaN,12,3,10,NaN,NaN,NaN,1
9167.8022,-0.1704556,303,12,6,6,NaN,NaN,NaN,12,3,10,NaN,NaN,NaN,1
17469.7506,-0.008280504,303,12,8,4,NaN,NaN,NaN,12,3,10,NaN,NaN,NaN,1
13206.7311,0.01892344,303,12,5,8,NaN,NaN,NaN,12,0,12,NaN,NaN,NaN,1
5953.5122,0.5580864,303,12,5,8,NaN,NaN,NaN,12,2,10,NaN,NaN,NaN,1
1617.3493,2.077791,303,12,5,8,NaN,NaN,NaN,12,4,8,NaN,NaN,NaN,1
3273.7471,-1.853596,303,12,6,6,NaN,NaN,NaN,12,5,8,NaN,NaN,NaN,1
11575.6955,-0.09654878,303,12,8,4,NaN,NaN,NaN,12,5,8,NaN,NaN,NaN,1
22481.9067,-0.001795088,303,12,10,2,NaN,NaN,NaN,12,5,8,NaN,NaN,NaN,1
20286.1569,0.001369136,303,12,7,6,NaN,NaN,NaN,12,0,12,NaN,NaN,NaN,1
13032.938,0.04064287,303,12,7,6,NaN,NaN,NaN,12,2,10,NaN,NaN,NaN,1
8696.775,0.1900796,303,12,7,6,NaN,NaN,NaN,12,4,8,NaN,NaN,NaN,1
3805.6787,1.876974,303,12,7,6,NaN,NaN,NaN,12,6,6,NaN,NaN,NaN,1
4496.2697,-1.797716,303,12,8,4,NaN,NaN,NaN,12,7,6,NaN,NaN,NaN,1
15402.481,-0.03450479,303,12,10,2,NaN,NaN,NaN,12,7,6,NaN,NaN,NaN,1
22667.1165,0.00121215,303,12,9,4,NaN,NaN,NaN,12,2,10,NaN,NaN,NaN,1
18330.9536,0.005674552,303,12,9,4,NaN,NaN,NaN,12,4,8,NaN,NaN,NaN,1
13439.8572,0.05886707,303,12,9,4,NaN,NaN,NaN,12,6,6,NaN,NaN,NaN,1
5137.9088,1.670215,303,12,9,4,NaN,NaN,NaN,12,8,4,NaN,NaN,NaN,1
5768.3025,-1.493785,303,12,10,2,NaN,NaN,NaN,12,9,4,NaN,NaN,NaN,1
19172.1207,-0.008121093,303,12,12,0,NaN,NaN,NaN,12,9,4,NaN,NaN,NaN,1
25600.1562,0.000643032,303,12,11,2,NaN,NaN,NaN,12,6,6,NaN,NaN,NaN,1
17298.2078,0.01862613,303,12,11,2,NaN,NaN,NaN,12,8,4,NaN,NaN,NaN,1
6391.9965,1.254927,303,12,11,2,NaN,NaN,NaN,12,10,2,NaN,NaN,NaN,1
7011.8217,-0.9106262,303,12,12,0,NaN,NaN,NaN,12,11,2,NaN,NaN,NaN,1
30397.6614,1.469259,303,12,1,11,NaN,NaN,NaN,11,0,11,NaN,NaN,NaN,1
23888.0712,-0.7560188,303,12,1,11,NaN,NaN,NaN,11,2,9,NaN,NaN,NaN,1
20196.8153,-0.1088864,303,12,1,11,NaN,NaN,NaN,11,4,7,NaN,NaN,NaN,1
14984.2775,-0.01653543,303,12,1,11,NaN,NaN,NaN,11,6,5,NaN,NaN,NaN,1
6597.5576,-0.0006040732,303,12,1,11,NaN,NaN,NaN,11,8,3,NaN,NaN,NaN,1
36330.1781,0.07426565,303,12,3,9,NaN,NaN,NaN,11,0,11,NaN,NaN,NaN,1
29820.5879,2.44785,303,12,3,9,NaN,NaN,NaN,11,2,9,NaN,NaN,NaN,1
26129.332,-1.358117,303,12,3,9,NaN,NaN,NaN,11,4,7,NaN,NaN,NaN,1
20916.7942,-0.177189,303,12,3,9,NaN,NaN,NaN,11,6,5,NaN,NaN,NaN,1
12530.0742,-0.006463063,303,12,3,9,NaN,NaN,NaN,11,8,3,NaN,NaN,NaN,1
40038.1978,0.01725458,303,12,5,7,NaN,NaN,NaN,11,0,11,NaN,NaN,NaN,1
33528.6076,0.4393653,303,12,5,7,NaN,NaN,NaN,11,2,9,NaN,NaN,NaN,1
29837.3516,2.811777,303,12,5,7,NaN,NaN,NaN,11,4,7,NaN,NaN,NaN,1
24624.8138,-0.9128243,303,12,5,7,NaN,NaN,NaN,11,6,5,NaN,NaN,NaN,1
16238.0939,-0.03223285,303,12,5,7,NaN,NaN,NaN,11,8,3,NaN,NaN,NaN,1
5301.0126,-0.0004016507,303,12,5,7,NaN,NaN,NaN,11,10,1,NaN,NaN,NaN,1
46792.532,0.001587578,303,12,7,5,NaN,NaN,NaN,11,0,11,NaN,NaN,NaN,1
40282.9418,0.03998347,303,12,7,5,NaN,NaN,NaN,11,2,9,NaN,NaN,NaN,1
36591.6859,0.1745775,303,12,7,5,NaN,NaN,NaN,11,4,7,NaN,NaN,NaN,1
31379.1481,2.841976,303,12,7,5,NaN,NaN,NaN,11,6,5,NaN,NaN,NaN,1
22992.4281,-0.6092859,303,12,7,5,NaN,NaN,NaN,11,8,3,NaN,NaN,NaN,1
12055.3469,-0.007542287,303,12,7,5,NaN,NaN,NaN,11,10,1,NaN,NaN,NaN,1
49914.8851,0.001194384,303,12,9,3,NaN,NaN,NaN,11,2,9,NaN,NaN,NaN,1
46223.6292,0.00520693,303,12,9,3,NaN,NaN,NaN,11,4,7,NaN,NaN,NaN,1
41011.0914,0.07247627,303,12,9,3,NaN,NaN,NaN,11,6,5,NaN,NaN,NaN,1
32624.3714,3.045042,303,12,9,3,NaN,NaN,NaN,11,8,3,NaN,NaN,NaN,1
21687.2902,-0.3311679,303,12,9,3,NaN,NaN,NaN,11,10,1,NaN,NaN,NaN,1
53171.3884,0.0007915785,303,12,11,1,NaN,NaN,NaN,11,6,5,NaN,NaN,NaN,1
44784.6684,0.02983846,303,12,11,1,NaN,NaN,NaN,11,8,3,NaN,NaN,NaN,1
33847.5872,3.278537,303,12,11,1,NaN,NaN,NaN,11,10,1,NaN,NaN,NaN,1
30400.6372,-1.469243,303,12,2,11,NaN,NaN,NaN,11,1,11,NaN,NaN,NaN,1
23774.3219,0.7524867,303,12,2,11,NaN,NaN,NaN,11,3,9,NaN,NaN,NaN,1
18245.8404,0.06161559,303,12,2,11,NaN,NaN,NaN,11,5,7,NaN,NaN,NaN,1
11123.4661,0.003609323,303,12,2,11,NaN,NaN,NaN,11,7,5,NaN,NaN,NaN,1
36815.9915,-0.07112135,303,12,4,9,NaN,NaN,NaN,11,1,11,NaN,NaN,NaN,1
30189.6762,-2.411605,303,12,4,9,NaN,NaN,NaN,11,3,9,NaN,NaN,NaN,1
24661.1947,0.9862274,303,12,4,9,NaN,NaN,NaN,11,5,7,NaN,NaN,NaN,1
17538.8204,0.05556236,303,12,4,9,NaN,NaN,NaN,11,7,5,NaN,NaN,NaN,1
7860.0023,0.001209229,303,12,4,9,NaN,NaN,NaN,11,9,3,NaN,NaN,NaN,1
42947.7947,-0.006523834,303,12,6,7,NaN,NaN,NaN,11,1,11,NaN,NaN,NaN,1
36321.4794,-0.1827356,303,12,6,7,NaN,NaN,NaN,11,3,9,NaN,NaN,NaN,1
30792.9979,-2.754977,303,12,6,7,NaN,NaN,NaN,11,5,7,NaN,NaN,NaN,1
23670.6236,0.7520521,303,12,6,7,NaN,NaN,NaN,11,7,5,NaN,NaN,NaN,1
13991.8055,0.01614705,303,12,6,7,NaN,NaN,NaN,11,9,3,NaN,NaN,NaN,1
44659.9986,-0.008619451,303,12,8,5,NaN,NaN,NaN,11,3,9,NaN,NaN,NaN,1
39131.5171,-0.1068887,303,12,8,5,NaN,NaN,NaN,11,5,7,NaN,NaN,NaN,1
32009.1428,-2.937884,303,12,8,5,NaN,NaN,NaN,11,7,5,NaN,NaN,NaN,1
22330.3247,0.4696564,303,12,8,5,NaN,NaN,NaN,11,9,3,NaN,NaN,NaN,1
10147.9749,0.002811576,303,12,8,5,NaN,NaN,NaN,11,11,1,NaN,NaN,NaN,1
50037.8124,-0.001986371,303,12,10,3,NaN,NaN,NaN,11,5,7,NaN,NaN,NaN,1
42915.4381,-0.04805197,303,12,10,3,NaN,NaN,NaN,11,7,5,NaN,NaN,NaN,1
33236.62,-3.159333,303,12,10,3,NaN,NaN,NaN,11,9,3,NaN,NaN,NaN,1
21054.2702,0.1908957,303,12,10,3,NaN,NaN,NaN,11,11,1,NaN,NaN,NaN,1
46640.4382,-0.01542116,303,12,12,1,NaN,NaN,NaN,11,9,3,NaN,NaN,NaN,1
34458.0884,-3.401253,303,12,12,1,NaN,NaN,NaN,11,11,1,NaN,NaN,NaN,1
3.1423,4.197603,303,12,2,11,NaN,NaN,NaN,12,1,11,NaN,NaN,NaN,1
5929.3743,-0.4456381,303,12,3,9,NaN,NaN,NaN,12,2,11,NaN,NaN,NaN,1
9637.394,-0.1040563,303,12,5,7,NaN,NaN,NaN,12,2,11,NaN,NaN,NaN,1
16391.7282,-0.009576513,303,12,7,5,NaN,NaN,NaN,12,2,11,NaN,NaN,NaN,1
6418.4966,0.4261837,303,12,4,9,NaN,NaN,NaN,12,1,11,NaN,NaN,NaN,1
485.98,2.749947,303,12,4,9,NaN,NaN,NaN,12,3,9,NaN,NaN,NaN,1
3222.0397,-1.496966,303,12,5,7,NaN,NaN,NaN,12,4,9,NaN,NaN,NaN,1
9976.3739,-0.1473585,303,12,7,5,NaN,NaN,NaN,12,4,9,NaN,NaN,NaN,1
19608.3173,-0.004403677,303,12,9,3,NaN,NaN,NaN,12,4,9,NaN,NaN,NaN,1
12550.2998,0.03922818,303,12,6,7,NaN,NaN,NaN,12,1,11,NaN,NaN,NaN,1
6617.7832,0.4178123,303,12,6,7,NaN,NaN,NaN,12,3,9,NaN,NaN,NaN,1
2909.7635,1.906616,303,12,6,7,NaN,NaN,NaN,12,5,7,NaN,NaN,NaN,1
3844.5707,-1.874503,303,12,7,5,NaN,NaN,NaN,12,6,7,NaN,NaN,NaN,1
13476.5141,-0.0588011,303,12,9,3,NaN,NaN,NaN,12,6,7,NaN,NaN,NaN,1
25636.811,-0.0006423117,303,12,11,1,NaN,NaN,NaN,12,6,7,NaN,NaN,NaN,1
20888.819,0.001852628,303,12,8,5,NaN,NaN,NaN,12,1,11,NaN,NaN,NaN,1
14956.3024,0.01982144,303,12,8,5,NaN,NaN,NaN,12,3,9,NaN,NaN,NaN,1
11248.2827,0.09883652,303,12,8,5,NaN,NaN,NaN,12,5,7,NaN,NaN,NaN,1
4493.9485,1.797804,303,12,8,5,NaN,NaN,NaN,12,7,5,NaN,NaN,NaN,1
5137.9948,-1.670213,303,12,9,3,NaN,NaN,NaN,12,8,5,NaN,NaN,NaN,1
17298.2918,-0.01862611,303,12,11,1,NaN,NaN,NaN,12,8,5,NaN,NaN,NaN,1
25862.5977,0.000368465,303,12,10,3,NaN,NaN,NaN,12,3,9,NaN,NaN,NaN,1
22154.578,0.001837577,303,12,10,3,NaN,NaN,NaN,12,5,7,NaN,NaN,NaN,1
15400.2438,0.03450628,303,12,10,3,NaN,NaN,NaN,12,7,5,NaN,NaN,NaN,1
5768.3005,1.493785,303,12,10,3,NaN,NaN,NaN,12,9,3,NaN,NaN,NaN,1
6391.9965,-1.254927,303,12,11,1,NaN,NaN,NaN,12,10,3,NaN,NaN,NaN,1
19172.1187,0.008121093,303,12,12,1,NaN,NaN,NaN,12,9,3,NaN,NaN,NaN,1
7011.8217,0.9106262,303,12,12,1,NaN,NaN,NaN,12,11,1,NaN,NaN,NaN,1
32944.573,1.471957,303,13,2,12,NaN,NaN,NaN,12,1,12,NaN,NaN,NaN,1
25631.9612,-0.7503552,303,13,2,12,NaN,NaN,NaN,12,3,10,NaN,NaN,NaN,1
19737.9061,-0.05965942,303,13,2,12,NaN,NaN,NaN,12,5,8,NaN,NaN,NaN,1
12658.4804,-0.004315944,303,13,2,12,NaN,NaN,NaN,12,7,6,NaN,NaN,NaN,1
40000.5134,0.0651386,303,13,4,10,NaN,NaN,NaN,12,1,12,NaN,NaN,NaN,1
32687.9016,2.435193,303,13,4,10,NaN,NaN,NaN,12,3,10,NaN,NaN,NaN,1
26793.8465,-1.040789,303,13,4,10,NaN,NaN,NaN,12,5,8,NaN,NaN,NaN,1
19714.4207,-0.07214821,303,13,4,10,NaN,NaN,NaN,12,7,6,NaN,NaN,NaN,1
10080.2422,-0.002151406,303,13,4,10,NaN,NaN,NaN,12,9,4,NaN,NaN,NaN,1
46306.7643,0.006257317,303,13,6,8,NaN,NaN,NaN,12,1,12,NaN,NaN,NaN,1
38994.1525,0.1956386,303,13,6,8,NaN,NaN,NaN,12,3,10,NaN,NaN,NaN,1
33100.0974,2.831835,303,13,6,8,NaN,NaN,NaN,12,5,8,NaN,NaN,NaN,1
26020.6717,-0.8598411,303,13,6,8,NaN,NaN,NaN,12,7,6,NaN,NaN,NaN,1
16386.4931,-0.0251505,303,13,6,8,NaN,NaN,NaN,12,9,4,NaN,NaN,NaN,1
54575.3958,0.0003712913,303,13,8,6,NaN,NaN,NaN,12,1,12,NaN,NaN,NaN,1
47262.784,0.01159299,303,13,8,6,NaN,NaN,NaN,12,3,10,NaN,NaN,NaN,1
41368.7289,0.1352561,303,13,8,6,NaN,NaN,NaN,12,5,8,NaN,NaN,NaN,1
34289.3031,2.998351,303,13,8,6,NaN,NaN,NaN,12,7,6,NaN,NaN,NaN,1
24655.1246,-0.5842591,303,13,8,6,NaN,NaN,NaN,12,9,4,NaN,NaN,NaN,1
12494.8256,-0.006349463,303,13,8,6,NaN,NaN,NaN,12,11,2,NaN,NaN,NaN,1
52235.5298,0.00342041,303,13,10,4,NaN,NaN,NaN,12,5,8,NaN,NaN,NaN,1
45156.104,0.06575177,303,13,10,4,NaN,NaN,NaN,12,7,6,NaN,NaN,NaN,1
35521.9255,3.200847,303,13,10,4,NaN,NaN,NaN,12,9,4,NaN,NaN,NaN,1
23361.6265,-0.318063,303,13,10,4,NaN,NaN,NaN,12,11,2,NaN,NaN,NaN,1
58539.0364,0.0006390306,303,13,12,2,NaN,NaN,NaN,12,7,6,NaN,NaN,NaN,1
48904.8579,0.02802711,303,13,12,2,NaN,NaN,NaN,12,9,4,NaN,NaN,NaN,1
36744.5589,3.42705,303,13,12,2,NaN,NaN,NaN,12,11,2,NaN,NaN,NaN,1
32943.3097,-1.471962,303,13,1,12,NaN,NaN,NaN,12,0,12,NaN,NaN,NaN,1
25690.0908,0.751605,303,13,1,12,NaN,NaN,NaN,12,2,10,NaN,NaN,NaN,1
21353.9279,0.08563235,303,13,1,12,NaN,NaN,NaN,12,4,8,NaN,NaN,NaN,1
16462.8315,0.01719678,303,13,1,12,NaN,NaN,NaN,12,6,6,NaN,NaN,NaN,1
8160.8831,0.000834972,303,13,1,12,NaN,NaN,NaN,12,8,4,NaN,NaN,NaN,1
39706.9724,-0.06623212,303,13,3,10,NaN,NaN,NaN,12,0,12,NaN,NaN,NaN,1
32453.7535,-2.448974,303,13,3,10,NaN,NaN,NaN,12,2,10,NaN,NaN,NaN,1
28117.5906,1.321111,303,13,3,10,NaN,NaN,NaN,12,4,8,NaN,NaN,NaN,1
23226.4942,0.2326679,303,13,3,10,NaN,NaN,NaN,12,6,6,NaN,NaN,NaN,1
14924.5458,0.01126967,303,13,3,10,NaN,NaN,NaN,12,8,4,NaN,NaN,NaN,1
43659.5188,-0.01329838,303,13,5,8,NaN,NaN,NaN,12,0,12,NaN,NaN,NaN,1
36406.2999,-0.3984823,303,13,5,8,NaN,NaN,NaN,12,2,10,NaN,NaN,NaN,1
32070.137,-2.962003,303,13,5,8,NaN,NaN,NaN,12,4,8,NaN,NaN,NaN,1
27179.0406,1.040899,303,13,5,8,NaN,NaN,NaN,12,6,6,NaN,NaN,NaN,1
18877.0922,0.04794199,303,13,5,8,NaN,NaN,NaN,12,8,4,NaN,NaN,NaN,1
7970.8809,0.0008911865,303,13,5,8,NaN,NaN,NaN,12,10,2,NaN,NaN,NaN,1
50119.7847,-0.001686959,303,13,7,6,NaN,NaN,NaN,12,0,12,NaN,NaN,NaN,1
42866.5658,-0.05008297,303,13,7,6,NaN,NaN,NaN,12,2,10,NaN,NaN,NaN,1
38530.4029,-0.2351944,303,13,7,6,NaN,NaN,NaN,12,4,8,NaN,NaN,NaN,1
33639.3065,-2.915003,303,13,7,6,NaN,NaN,NaN,12,6,6,NaN,NaN,NaN,1
25337.3581,0.7201928,303,13,7,6,NaN,NaN,NaN,12,8,4,NaN,NaN,NaN,1
14431.1469,0.01325332,303,13,7,6,NaN,NaN,NaN,12,10,2,NaN,NaN,NaN,1
52437.0435,-0.001950791,303,13,9,4,NaN,NaN,NaN,12,2,10,NaN,NaN,NaN,1
48100.8806,-0.009132494,303,13,9,4,NaN,NaN,NaN,12,4,8,NaN,NaN,NaN,1
43209.7842,-0.09476064,303,13,9,4,NaN,NaN,NaN,12,6,6,NaN,NaN,NaN,1
34907.8358,-3.095476,303,13,9,4,NaN,NaN,NaN,12,8,4,NaN,NaN,NaN,1
24001.6246,0.4508406,303,13,9,4,NaN,NaN,NaN,12,10,2,NaN,NaN,NaN,1
10597.8064,0.002413588,303,13,9,4,NaN,NaN,NaN,12,12,0,NaN,NaN,NaN,1
55341.8765,-0.001535636,303,13,11,2,NaN,NaN,NaN,12,6,6,NaN,NaN,NaN,1
47039.9281,-0.04448286,303,13,11,2,NaN,NaN,NaN,12,8,4,NaN,NaN,NaN,1
36133.7169,-3.311916,303,13,11,2,NaN,NaN,NaN,12,10,2,NaN,NaN,NaN,1
22729.8986,0.183386,303,13,11,2,NaN,NaN,NaN,12,12,0,NaN,NaN,NaN,1
50758.853,-0.01464376,303,13,13,0,NaN,NaN,NaN,12,10,2,NaN,NaN,NaN,1
37355.0347,-3.545179,303,13,13,0,NaN,NaN,NaN,12,12,0,NaN,NaN,NaN,1
1.3275,-4.429344,303,13,2,12,NaN,NaN,NaN,13,1,12,NaN,NaN,NaN,1
7057.2679,-0.4098862,303,13,4,10,NaN,NaN,NaN,13,1,12,NaN,NaN,NaN,1
13363.5188,-0.03948801,303,13,6,8,NaN,NaN,NaN,13,1,12,NaN,NaN,NaN,1
21632.1503,-0.002343182,303,13,8,6,NaN,NaN,NaN,13,1,12,NaN,NaN,NaN,1
6762.3352,0.4169686,303,13,3,10,NaN,NaN,NaN,13,2,12,NaN,NaN,NaN,1
293.6052,-3.093622,303,13,4,10,NaN,NaN,NaN,13,3,10,NaN,NaN,NaN,1
6599.8561,-0.5295312,303,13,6,8,NaN,NaN,NaN,13,3,10,NaN,NaN,NaN,1
14868.4876,-0.0316256,303,13,8,6,NaN,NaN,NaN,13,3,10,NaN,NaN,NaN,1
25735.2885,-0.0008001806,303,13,10,4,NaN,NaN,NaN,13,3,10,NaN,NaN,NaN,1
10714.8816,0.08401356,303,13,5,8,NaN,NaN,NaN,13,2,12,NaN,NaN,NaN,1
3658.9412,1.325551,303,13,5,8,NaN,NaN,NaN,13,4,10,NaN,NaN,NaN,1
2647.3097,-1.992081,303,13,6,8,NaN,NaN,NaN,13,5,8,NaN,NaN,NaN,1
10915.9412,-0.1344815,303,13,8,6,NaN,NaN,NaN,13,5,8,NaN,NaN,NaN,1
21782.7421,-0.003403766,303,13,10,4,NaN,NaN,NaN,13,5,8,NaN,NaN,NaN,1
17175.1475,0.0106594,303,13,7,6,NaN,NaN,NaN,13,2,12,NaN,NaN,NaN,1
10119.2071,0.1780724,303,13,7,6,NaN,NaN,NaN,13,4,10,NaN,NaN,NaN,1
3812.9562,1.961574,303,13,7,6,NaN,NaN,NaN,13,6,8,NaN,NaN,NaN,1
4455.6753,-1.920822,303,13,8,6,NaN,NaN,NaN,13,7,6,NaN,NaN,NaN,1
15322.4762,-0.05061834,303,13,10,4,NaN,NaN,NaN,13,7,6,NaN,NaN,NaN,1
28705.4086,-0.0004920004,303,13,12,2,NaN,NaN,NaN,13,7,6,NaN,NaN,NaN,1
26745.6252,0.0004152321,303,13,9,4,NaN,NaN,NaN,13,2,12,NaN,NaN,NaN,1
19689.6849,0.006940268,303,13,9,4,NaN,NaN,NaN,13,4,10,NaN,NaN,NaN,1
13383.4339,0.08112722,303,13,9,4,NaN,NaN,NaN,13,6,8,NaN,NaN,NaN,1
5114.8025,1.824785,303,13,9,4,NaN,NaN,NaN,13,8,6,NaN,NaN,NaN,1
5751.9984,-1.686911,303,13,10,4,NaN,NaN,NaN,13,9,4,NaN,NaN,NaN,1
19134.9308,-0.01669634,303,13,12,2,NaN,NaN,NaN,13,9,4,NaN,NaN,NaN,1
25515.5262,0.001315058,303,13,11,2,NaN,NaN,NaN,13,6,8,NaN,NaN,NaN,1
17246.8947,0.03039426,303,13,11,2,NaN,NaN,NaN,13,8,6,NaN,NaN,NaN,1
6380.0938,1.503542,303,13,11,2,NaN,NaN,NaN,13,10,4,NaN,NaN,NaN,1
7002.8386,-1.2598,303,13,12,2,NaN,NaN,NaN,13,11,2,NaN,NaN,NaN,1
21005.2299,0.007377536,303,13,13,0,NaN,NaN,NaN,13,10,4,NaN,NaN,NaN,1
7622.2975,0.9121964,303,13,13,0,NaN,NaN,NaN,13,12,2,NaN,NaN,NaN,1
24801.5552,-0.5165749,303,13,1,13,NaN,NaN,NaN,12,2,11,NaN,NaN,NaN,1
18386.2009,-0.02618362,303,13,1,13,NaN,NaN,NaN,12,4,9,NaN,NaN,NaN,1
12254.3977,-0.002402153,303,13,1,13,NaN,NaN,NaN,12,6,7,NaN,NaN,NaN,1
32809.7937,2.038498,303,13,3,11,NaN,NaN,NaN,12,2,11,NaN,NaN,NaN,1
26394.4394,-0.9390284,303,13,3,11,NaN,NaN,NaN,12,4,9,NaN,NaN,NaN,1
20262.6362,-0.08338898,303,13,3,11,NaN,NaN,NaN,12,6,7,NaN,NaN,NaN,1
11924.117,-0.003937282,303,13,3,11,NaN,NaN,NaN,12,8,5,NaN,NaN,NaN,1
39156.4559,0.1393948,303,13,5,9,NaN,NaN,NaN,12,2,11,NaN,NaN,NaN,1
32741.1016,2.698309,303,13,5,9,NaN,NaN,NaN,12,4,9,NaN,NaN,NaN,1
26609.2984,-0.9911534,303,13,5,9,NaN,NaN,NaN,12,6,7,NaN,NaN,NaN,1
18270.7792,-0.04524498,303,13,5,9,NaN,NaN,NaN,12,8,5,NaN,NaN,NaN,1
7364.4839,-0.0008410262,303,13,5,9,NaN,NaN,NaN,12,10,3,NaN,NaN,NaN,1
46215.9955,0.01187867,303,13,7,7,NaN,NaN,NaN,12,2,11,NaN,NaN,NaN,1
39800.6412,0.1830494,303,13,7,7,NaN,NaN,NaN,12,4,9,NaN,NaN,NaN,1
33668.838,2.912732,303,13,7,7,NaN,NaN,NaN,12,6,7,NaN,NaN,NaN,1
25330.3188,-0.7200961,303,13,7,7,NaN,NaN,NaN,12,8,5,NaN,NaN,NaN,1
14424.0235,-0.0132514,303,13,7,7,NaN,NaN,NaN,12,10,3,NaN,NaN,NaN,1
55793.5859,0.0004604199,303,13,9,5,NaN,NaN,NaN,12,2,11,NaN,NaN,NaN,1
49378.2316,0.007087211,303,13,9,5,NaN,NaN,NaN,12,4,9,NaN,NaN,NaN,1
43246.4284,0.09465467,303,13,9,5,NaN,NaN,NaN,12,6,7,NaN,NaN,NaN,1
34907.9092,3.095473,303,13,9,5,NaN,NaN,NaN,12,8,5,NaN,NaN,NaN,1
24001.6139,-0.4508406,303,13,9,5,NaN,NaN,NaN,12,10,3,NaN,NaN,NaN,1
10597.7956,-0.002413587,303,13,9,5,NaN,NaN,NaN,12,12,1,NaN,NaN,NaN,1
55378.5314,0.001533916,303,13,11,3,NaN,NaN,NaN,12,6,7,NaN,NaN,NaN,1
47040.0122,0.04448281,303,13,11,3,NaN,NaN,NaN,12,8,5,NaN,NaN,NaN,1
36133.7169,3.311916,303,13,11,3,NaN,NaN,NaN,12,10,3,NaN,NaN,NaN,1
22729.8986,-0.183386,303,13,11,3,NaN,NaN,NaN,12,12,1,NaN,NaN,NaN,1
50758.853,0.01464376,303,13,13,1,NaN,NaN,NaN,12,10,3,NaN,NaN,NaN,1
37355.0347,3.545179,303,13,13,1,NaN,NaN,NaN,12,12,1,NaN,NaN,NaN,1
24804.6731,0.516602,303,13,0,13,NaN,NaN,NaN,12,1,11,NaN,NaN,NaN,1
18872.1564,0.02734388,303,13,0,13,NaN,NaN,NaN,12,3,9,NaN,NaN,NaN,1
15164.1368,0.006354358,303,13,0,13,NaN,NaN,NaN,12,5,7,NaN,NaN,NaN,1
8409.8025,0.0005846703,303,13,0,13,NaN,NaN,NaN,12,7,5,NaN,NaN,NaN,1
32784.1348,-2.038831,303,13,2,11,NaN,NaN,NaN,12,1,11,NaN,NaN,NaN,1
26851.6182,0.9735432,303,13,2,11,NaN,NaN,NaN,12,3,9,NaN,NaN,NaN,1
23143.5985,0.2159797,303,13,2,11,NaN,NaN,NaN,12,5,7,NaN,NaN,NaN,1
16389.2643,0.01982882,303,13,2,11,NaN,NaN,NaN,12,7,5,NaN,NaN,NaN,1
6757.3209,0.0005923598,303,13,2,11,NaN,NaN,NaN,12,9,3,NaN,NaN,NaN,1
37901.3631,-0.1707072,303,13,4,9,NaN,NaN,NaN,12,1,11,NaN,NaN,NaN,1
31968.8465,-2.836349,303,13,4,9,NaN,NaN,NaN,12,3,9,NaN,NaN,NaN,1
28260.8268,1.364078,303,13,4,9,NaN,NaN,NaN,12,5,7,NaN,NaN,NaN,1
21506.4926,0.1092075,303,13,4,9,NaN,NaN,NaN,12,7,5,NaN,NaN,NaN,1
11874.5492,0.00326039,303,13,4,9,NaN,NaN,NaN,12,9,3,NaN,NaN,NaN,1
42504.589,-0.04098972,303,13,6,7,NaN,NaN,NaN,12,1,11,NaN,NaN,NaN,1
36572.0724,-0.4434563,303,13,6,7,NaN,NaN,NaN,12,3,9,NaN,NaN,NaN,1
32864.0527,-2.871064,303,13,6,7,NaN,NaN,NaN,12,5,7,NaN,NaN,NaN,1
26109.7185,0.8623248,303,13,6,7,NaN,NaN,NaN,12,7,5,NaN,NaN,NaN,1
16477.7751,0.0252318,303,13,6,7,NaN,NaN,NaN,12,9,3,NaN,NaN,NaN,1
50682.2797,-0.002592947,303,13,8,5,NaN,NaN,NaN,12,1,11,NaN,NaN,NaN,1
44749.7631,-0.02774337,303,13,8,5,NaN,NaN,NaN,12,3,9,NaN,NaN,NaN,1
41041.7434,-0.1384458,303,13,8,5,NaN,NaN,NaN,12,5,7,NaN,NaN,NaN,1
34287.4092,-2.99845,303,13,8,5,NaN,NaN,NaN,12,7,5,NaN,NaN,NaN,1
24655.4659,0.5842618,303,13,8,5,NaN,NaN,NaN,12,9,3,NaN,NaN,NaN,1
12495.1689,0.006349494,303,13,8,5,NaN,NaN,NaN,12,11,1,NaN,NaN,NaN,1
55616.221,-0.0007020811,303,13,10,3,NaN,NaN,NaN,12,3,9,NaN,NaN,NaN,1
51908.2013,-0.00350137,303,13,10,3,NaN,NaN,NaN,12,5,7,NaN,NaN,NaN,1
45153.8671,-0.0657546,303,13,10,3,NaN,NaN,NaN,12,7,5,NaN,NaN,NaN,1
35521.9237,-3.200847,303,13,10,3,NaN,NaN,NaN,12,9,3,NaN,NaN,NaN,1
23361.6267,0.318063,303,13,10,3,NaN,NaN,NaN,12,11,1,NaN,NaN,NaN,1
58536.7992,-0.0006390581,303,13,12,1,NaN,NaN,NaN,12,7,5,NaN,NaN,NaN,1
48904.8559,-0.02802711,303,13,12,1,NaN,NaN,NaN,12,9,3,NaN,NaN,NaN,1
36744.5589,-3.42705,303,13,12,1,NaN,NaN,NaN,12,11,1,NaN,NaN,NaN,1
0.0245,-4.95024,303,13,1,13,NaN,NaN,NaN,13,0,13,NaN,NaN,NaN,1
8008.2629,-0.2237033,303,13,3,11,NaN,NaN,NaN,13,0,13,NaN,NaN,NaN,1
14354.9252,-0.01704698,303,13,5,9,NaN,NaN,NaN,13,0,13,NaN,NaN,NaN,1
21414.4647,-0.001453671,303,13,7,7,NaN,NaN,NaN,13,0,13,NaN,NaN,NaN,1
7979.4373,0.2238619,303,13,2,11,NaN,NaN,NaN,13,1,13,NaN,NaN,NaN,1
28.8012,-3.841038,303,13,3,11,NaN,NaN,NaN,13,2,11,NaN,NaN,NaN,1
6375.4634,-0.574421,303,13,5,9,NaN,NaN,NaN,13,2,11,NaN,NaN,NaN,1
13435.003,-0.04929864,303,13,7,7,NaN,NaN,NaN,13,2,11,NaN,NaN,NaN,1
23012.5934,-0.001910919,303,13,9,5,NaN,NaN,NaN,13,2,11,NaN,NaN,NaN,1
13096.6656,0.02091521,303,13,4,9,NaN,NaN,NaN,13,1,13,NaN,NaN,NaN,1
5088.4271,0.7135116,303,13,4,9,NaN,NaN,NaN,13,3,11,NaN,NaN,NaN,1
1258.2351,-2.303389,303,13,5,9,NaN,NaN,NaN,13,4,9,NaN,NaN,NaN,1
8317.7747,-0.2707938,303,13,7,7,NaN,NaN,NaN,13,4,9,NaN,NaN,NaN,1
17895.3651,-0.01051785,303,13,9,5,NaN,NaN,NaN,13,4,9,NaN,NaN,NaN,1
17699.8915,0.005030837,303,13,6,7,NaN,NaN,NaN,13,1,13,NaN,NaN,NaN,1
9691.653,0.1745102,303,13,6,7,NaN,NaN,NaN,13,3,11,NaN,NaN,NaN,1
3344.9908,1.855199,303,13,6,7,NaN,NaN,NaN,13,5,9,NaN,NaN,NaN,1
3714.5488,-1.969138,303,13,7,7,NaN,NaN,NaN,13,6,7,NaN,NaN,NaN,1
13292.1392,-0.08138971,303,13,9,5,NaN,NaN,NaN,13,6,7,NaN,NaN,NaN,1
25424.2422,-0.001319309,303,13,11,3,NaN,NaN,NaN,13,6,7,NaN,NaN,NaN,1
25877.5822,0.0003182622,303,13,8,5,NaN,NaN,NaN,13,1,13,NaN,NaN,NaN,1
17869.3437,0.01104589,303,13,8,5,NaN,NaN,NaN,13,3,11,NaN,NaN,NaN,1
11522.6815,0.1268987,303,13,8,5,NaN,NaN,NaN,13,5,9,NaN,NaN,NaN,1
4463.1419,1.920498,303,13,8,5,NaN,NaN,NaN,13,7,7,NaN,NaN,NaN,1
5114.4485,-1.824795,303,13,9,5,NaN,NaN,NaN,13,8,5,NaN,NaN,NaN,1
17246.5515,-0.03039441,303,13,11,3,NaN,NaN,NaN,13,8,5,NaN,NaN,NaN,1
22389.1394,0.003212183,303,13,10,3,NaN,NaN,NaN,13,5,9,NaN,NaN,NaN,1
15329.5998,0.05061101,303,13,10,3,NaN,NaN,NaN,13,7,7,NaN,NaN,NaN,1
5752.0094,1.686911,303,13,10,3,NaN,NaN,NaN,13,9,5,NaN,NaN,NaN,1
6380.0936,-1.503542,303,13,11,3,NaN,NaN,NaN,13,10,3,NaN,NaN,NaN,1
21005.2297,-0.007377536,303,13,13,1,NaN,NaN,NaN,13,10,3,NaN,NaN,NaN,1
28712.532,0.0004919291,303,13,12,1,NaN,NaN,NaN,13,7,7,NaN,NaN,NaN,1
19134.9416,0.01669634,303,13,12,1,NaN,NaN,NaN,13,9,5,NaN,NaN,NaN,1
7002.8386,1.2598,303,13,12,1,NaN,NaN,NaN,13,11,3,NaN,NaN,NaN,1
7622.2975,-0.9121964,303,13,13,1,NaN,NaN,NaN,13,12,1,NaN,NaN,NaN,1
26647.1718,-0.5158646,303,14,0,14,NaN,NaN,NaN,13,1,12,NaN,NaN,NaN,1
19883.5091,-0.02421146,303,14,0,14,NaN,NaN,NaN,13,3,10,NaN,NaN,NaN,1
15930.9627,-0.004861983,303,14,0,14,NaN,NaN,NaN,13,5,8,NaN,NaN,NaN,1
9470.6968,-0.000616775,303,14,0,14,NaN,NaN,NaN,13,7,6,NaN,NaN,NaN,1
35342.109,2.045409,303,14,2,12,NaN,NaN,NaN,13,1,12,NaN,NaN,NaN,1
28578.4463,-0.9536276,303,14,2,12,NaN,NaN,NaN,13,3,10,NaN,NaN,NaN,1
24625.8999,-0.1847842,303,14,2,12,NaN,NaN,NaN,13,5,8,NaN,NaN,NaN,1
18165.634,-0.02340087,303,14,2,12,NaN,NaN,NaN,13,7,6,NaN,NaN,NaN,1
8595.1562,-0.0009115653,303,14,2,12,NaN,NaN,NaN,13,9,4,NaN,NaN,NaN,1
41321.7991,0.1446433,303,14,4,10,NaN,NaN,NaN,13,1,12,NaN,NaN,NaN,1
34558.1364,2.828938,303,14,4,10,NaN,NaN,NaN,13,3,10,NaN,NaN,NaN,1
30605.59,-1.486604,303,14,4,10,NaN,NaN,NaN,13,5,8,NaN,NaN,NaN,1
24145.3241,-0.1601343,303,14,4,10,NaN,NaN,NaN,13,7,6,NaN,NaN,NaN,1
14574.8463,-0.006229963,303,14,4,10,NaN,NaN,NaN,13,9,4,NaN,NaN,NaN,1
45742.4949,0.037138,303,14,6,8,NaN,NaN,NaN,13,1,12,NaN,NaN,NaN,1
38978.8322,0.5081305,303,14,6,8,NaN,NaN,NaN,13,3,10,NaN,NaN,NaN,1
35026.2858,2.992678,303,14,6,8,NaN,NaN,NaN,13,5,8,NaN,NaN,NaN,1
28566.0198,-0.9693541,303,14,6,8,NaN,NaN,NaN,13,7,6,NaN,NaN,NaN,1
18995.5421,-0.03664241,303,14,6,8,NaN,NaN,NaN,13,9,4,NaN,NaN,NaN,1
6863.4498,-0.0005939112,303,14,6,8,NaN,NaN,NaN,13,11,2,NaN,NaN,NaN,1
53737.2836,0.003056166,303,14,8,6,NaN,NaN,NaN,13,1,12,NaN,NaN,NaN,1
46973.6209,0.04125202,303,14,8,6,NaN,NaN,NaN,13,3,10,NaN,NaN,NaN,1
43021.0745,0.1756873,303,14,8,6,NaN,NaN,NaN,13,5,8,NaN,NaN,NaN,1
36560.8086,3.062881,303,14,8,6,NaN,NaN,NaN,13,7,6,NaN,NaN,NaN,1
26990.3309,-0.6920209,303,14,8,6,NaN,NaN,NaN,13,9,4,NaN,NaN,NaN,1
14858.2386,-0.01112997,303,14,8,6,NaN,NaN,NaN,13,11,2,NaN,NaN,NaN,1
57789.4317,0.001348574,303,14,10,4,NaN,NaN,NaN,13,3,10,NaN,NaN,NaN,1
53836.8853,0.005736519,303,14,10,4,NaN,NaN,NaN,13,5,8,NaN,NaN,NaN,1
47376.6194,0.08532214,303,14,10,4,NaN,NaN,NaN,13,7,6,NaN,NaN,NaN,1
37806.1417,3.246733,303,14,10,4,NaN,NaN,NaN,13,9,4,NaN,NaN,NaN,1
25674.0494,-0.4341557,303,14,10,4,NaN,NaN,NaN,13,11,2,NaN,NaN,NaN,1
11048.9133,-0.002101635,303,14,10,4,NaN,NaN,NaN,13,13,0,NaN,NaN,NaN,1
60733.3424,0.001225136,303,14,12,2,NaN,NaN,NaN,13,7,6,NaN,NaN,NaN,1
51162.8647,0.04157696,303,14,12,2,NaN,NaN,NaN,13,9,4,NaN,NaN,NaN,1
39030.7724,3.458053,303,14,12,2,NaN,NaN,NaN,13,11,2,NaN,NaN,NaN,1
24405.6363,-0.176699,303,14,12,2,NaN,NaN,NaN,13,13,0,NaN,NaN,NaN,1
54877.1175,0.01397233,303,14,14,0,NaN,NaN,NaN,13,11,2,NaN,NaN,NaN,1
40251.9814,3.683491,303,14,14,0,NaN,NaN,NaN,13,13,0,NaN,NaN,NaN,1
26645.8535,0.5158552,303,14,1,14,NaN,NaN,NaN,13,2,12,NaN,NaN,NaN,1
19589.9131,0.02381095,303,14,1,14,NaN,NaN,NaN,13,4,10,NaN,NaN,NaN,1
13283.6622,0.0022876,303,14,1,14,NaN,NaN,NaN,13,6,8,NaN,NaN,NaN,1
35354.2205,-2.045298,303,14,3,12,NaN,NaN,NaN,13,2,12,NaN,NaN,NaN,1
28298.2802,0.9403504,303,14,3,12,NaN,NaN,NaN,13,4,10,NaN,NaN,NaN,1
21992.0292,0.08770285,303,14,3,12,NaN,NaN,NaN,13,6,8,NaN,NaN,NaN,1
13723.3977,0.005202877,303,14,3,12,NaN,NaN,NaN,13,8,6,NaN,NaN,NaN,1
42231.0811,-0.1307648,303,14,5,10,NaN,NaN,NaN,13,2,12,NaN,NaN,NaN,1
35175.1408,-2.742395,303,14,5,10,NaN,NaN,NaN,13,4,10,NaN,NaN,NaN,1
28868.8898,1.074837,303,14,5,10,NaN,NaN,NaN,13,6,8,NaN,NaN,NaN,1
20600.2583,0.0612094,303,14,5,10,NaN,NaN,NaN,13,8,6,NaN,NaN,NaN,1
9733.4574,0.001548533,303,14,5,10,NaN,NaN,NaN,13,10,4,NaN,NaN,NaN,1
49312.1348,-0.01255119,303,14,7,8,NaN,NaN,NaN,13,2,12,NaN,NaN,NaN,1
42256.1944,-0.2100915,303,14,7,8,NaN,NaN,NaN,13,4,10,NaN,NaN,NaN,1
35949.9435,-2.986723,303,14,7,8,NaN,NaN,NaN,13,6,8,NaN,NaN,NaN,1
27681.312,0.8252743,303,14,7,8,NaN,NaN,NaN,13,8,6,NaN,NaN,NaN,1
16814.5111,0.02058131,303,14,7,8,NaN,NaN,NaN,13,10,4,NaN,NaN,NaN,1
58820.2922,-0.000610587,303,14,9,6,NaN,NaN,NaN,13,2,12,NaN,NaN,NaN,1
51764.3519,-0.01020556,303,14,9,6,NaN,NaN,NaN,13,4,10,NaN,NaN,NaN,1
45458.1009,-0.1193433,303,14,9,6,NaN,NaN,NaN,13,6,8,NaN,NaN,NaN,1
37189.4695,-3.149943,303,14,9,6,NaN,NaN,NaN,13,8,6,NaN,NaN,NaN,1
26322.6686,0.5622242,303,14,9,6,NaN,NaN,NaN,13,10,4,NaN,NaN,NaN,1
12939.7362,0.005442531,303,14,9,6,NaN,NaN,NaN,13,12,2,NaN,NaN,NaN,1
57554.718,-0.002617856,303,14,11,4,NaN,NaN,NaN,13,6,8,NaN,NaN,NaN,1
49286.0865,-0.06050894,303,14,11,4,NaN,NaN,NaN,13,8,6,NaN,NaN,NaN,1
38419.2856,-3.350062,303,14,11,4,NaN,NaN,NaN,13,10,4,NaN,NaN,NaN,1
25036.3533,0.3064079,303,14,11,4,NaN,NaN,NaN,13,12,2,NaN,NaN,NaN,1
63891.2577,-0.0005295885,303,14,13,2,NaN,NaN,NaN,13,8,6,NaN,NaN,NaN,1
53024.4568,-0.02650357,303,14,13,2,NaN,NaN,NaN,13,10,4,NaN,NaN,NaN,1
39641.5245,-3.569475,303,14,13,2,NaN,NaN,NaN,13,12,2,NaN,NaN,NaN,1
0.0092,5.148269,303,14,1,14,NaN,NaN,NaN,14,0,14,NaN,NaN,NaN,1
8694.9279,-0.2147331,303,14,2,12,NaN,NaN,NaN,14,1,14,NaN,NaN,NaN,1
14674.6181,-0.01677221,303,14,4,10,NaN,NaN,NaN,14,1,14,NaN,NaN,NaN,1
19095.3138,-0.004310879,303,14,6,8,NaN,NaN,NaN,14,1,14,NaN,NaN,NaN,1
27090.1026,-0.0003547699,303,14,8,6,NaN,NaN,NaN,14,1,14,NaN,NaN,NaN,1
8708.3763,0.2146776,303,14,3,12,NaN,NaN,NaN,14,0,14,NaN,NaN,NaN,1
13.4391,4.095989,303,14,3,12,NaN,NaN,NaN,14,2,12,NaN,NaN,NaN,1
5966.251,-0.6355354,303,14,4,10,NaN,NaN,NaN,14,3,12,NaN,NaN,NaN,1
10386.9468,-0.1651501,303,14,6,8,NaN,NaN,NaN,14,3,12,NaN,NaN,NaN,1
18381.7356,-0.01359814,303,14,8,6,NaN,NaN,NaN,14,3,12,NaN,NaN,NaN,1
29197.5464,-0.0004445689,303,14,10,4,NaN,NaN,NaN,14,3,12,NaN,NaN,NaN,1
15585.2369,0.015153,303,14,5,10,NaN,NaN,NaN,14,0,14,NaN,NaN,NaN,1
6890.2997,0.5715192,303,14,5,10,NaN,NaN,NaN,14,2,12,NaN,NaN,NaN,1
910.6096,2.585694,303,14,5,10,NaN,NaN,NaN,14,4,10,NaN,NaN,NaN,1
3510.0862,-1.792898,303,14,6,8,NaN,NaN,NaN,14,5,10,NaN,NaN,NaN,1
11504.875,-0.1599015,303,14,8,6,NaN,NaN,NaN,14,5,10,NaN,NaN,NaN,1
22320.6858,-0.005229659,303,14,10,4,NaN,NaN,NaN,14,5,10,NaN,NaN,NaN,1
22666.2905,0.001455257,303,14,7,8,NaN,NaN,NaN,14,0,14,NaN,NaN,NaN,1
13971.3533,0.05521069,303,14,7,8,NaN,NaN,NaN,14,2,12,NaN,NaN,NaN,1
7991.6632,0.3759346,303,14,7,8,NaN,NaN,NaN,14,4,10,NaN,NaN,NaN,1
3570.9674,2.043764,303,14,7,8,NaN,NaN,NaN,14,6,8,NaN,NaN,NaN,1
4423.8213,-2.02261,303,14,8,6,NaN,NaN,NaN,14,7,8,NaN,NaN,NaN,1
15239.6321,-0.06950359,303,14,10,4,NaN,NaN,NaN,14,7,8,NaN,NaN,NaN,1
28596.3551,-0.0009981774,303,14,12,2,NaN,NaN,NaN,14,7,8,NaN,NaN,NaN,1
23479.5108,0.00268603,303,14,9,6,NaN,NaN,NaN,14,2,12,NaN,NaN,NaN,1
17499.8207,0.01835724,303,14,9,6,NaN,NaN,NaN,14,4,10,NaN,NaN,NaN,1
13079.1249,0.1079518,303,14,9,6,NaN,NaN,NaN,14,6,8,NaN,NaN,NaN,1
5084.3361,1.954954,303,14,9,6,NaN,NaN,NaN,14,8,6,NaN,NaN,NaN,1
5731.4747,-1.846718,303,14,10,4,NaN,NaN,NaN,14,9,6,NaN,NaN,NaN,1
19088.1977,-0.02715732,303,14,12,2,NaN,NaN,NaN,14,9,6,NaN,NaN,NaN,1
29596.4378,0.00040281,303,14,11,4,NaN,NaN,NaN,14,4,10,NaN,NaN,NaN,1
25175.742,0.002369124,303,14,11,4,NaN,NaN,NaN,14,6,8,NaN,NaN,NaN,1
17180.9532,0.04439733,303,14,11,4,NaN,NaN,NaN,14,8,6,NaN,NaN,NaN,1
6365.1424,1.700837,303,14,11,4,NaN,NaN,NaN,14,10,4,NaN,NaN,NaN,1
6991.5806,-1.511805,303,14,12,2,NaN,NaN,NaN,14,11,4,NaN,NaN,NaN,1
22837.9257,-0.006758858,303,14,14,0,NaN,NaN,NaN,14,11,4,NaN,NaN,NaN,1
31786.1244,0.0003886052,303,14,13,2,NaN,NaN,NaN,14,8,6,NaN,NaN,NaN,1
20970.3136,0.01512907,303,14,13,2,NaN,NaN,NaN,14,10,4,NaN,NaN,NaN,1
7613.5906,1.263968,303,14,13,2,NaN,NaN,NaN,14,12,2,NaN,NaN,NaN,1
8232.7545,-0.9135502,303,14,14,0,NaN,NaN,NaN,14,13,2,NaN,NaN,NaN,1
35488.0501,1.474245,303,14,1,13,NaN,NaN,NaN,13,0,13,NaN,NaN,NaN,1
27508.5883,-0.7483708,303,14,1,13,NaN,NaN,NaN,13,2,11,NaN,NaN,NaN,1
22391.36,-0.06881578,303,14,1,13,NaN,NaN,NaN,13,4,9,NaN,NaN,NaN,1
17788.1341,-0.0165483,303,14,1,13,NaN,NaN,NaN,13,6,7,NaN,NaN,NaN,1
9610.4434,-0.001046884,303,14,1,13,NaN,NaN,NaN,13,8,5,NaN,NaN,NaN,1
43051.8225,0.06017829,303,14,3,11,NaN,NaN,NaN,13,0,13,NaN,NaN,NaN,1
35072.3608,2.456785,303,14,3,11,NaN,NaN,NaN,13,2,11,NaN,NaN,NaN,1
29955.1325,-1.250198,303,14,3,11,NaN,NaN,NaN,13,4,9,NaN,NaN,NaN,1
25351.9066,-0.2714411,303,14,3,11,NaN,NaN,NaN,13,6,7,NaN,NaN,NaN,1
17174.2159,-0.01711888,303,14,3,11,NaN,NaN,NaN,13,8,5,NaN,NaN,NaN,1
6307.758,-0.0004332327,303,14,3,11,NaN,NaN,NaN,13,10,3,NaN,NaN,NaN,1
47478.6572,0.009850516,303,14,5,9,NaN,NaN,NaN,13,0,13,NaN,NaN,NaN,1
39499.1954,0.3363756,303,14,5,9,NaN,NaN,NaN,13,2,11,NaN,NaN,NaN,1
34381.9672,3.081752,303,14,5,9,NaN,NaN,NaN,13,4,9,NaN,NaN,NaN,1
29778.7412,-1.188138,303,14,5,9,NaN,NaN,NaN,13,6,7,NaN,NaN,NaN,1
21601.0505,-0.06938773,303,14,5,9,NaN,NaN,NaN,13,8,5,NaN,NaN,NaN,1
10734.5926,-0.001755665,303,14,5,9,NaN,NaN,NaN,13,10,3,NaN,NaN,NaN,1
53578.7162,0.001680704,303,14,7,7,NaN,NaN,NaN,13,0,13,NaN,NaN,NaN,1
45599.2545,0.05700613,303,14,7,7,NaN,NaN,NaN,13,2,11,NaN,NaN,NaN,1
40482.0262,0.3155881,303,14,7,7,NaN,NaN,NaN,13,4,9,NaN,NaN,NaN,1
35878.8003,2.993004,303,14,7,7,NaN,NaN,NaN,13,6,7,NaN,NaN,NaN,1
27701.1096,-0.8256066,303,14,7,7,NaN,NaN,NaN,13,8,5,NaN,NaN,NaN,1
16834.6517,-0.02059044,303,14,7,7,NaN,NaN,NaN,13,10,3,NaN,NaN,NaN,1
55087.3194,0.002809854,303,14,9,5,NaN,NaN,NaN,13,2,11,NaN,NaN,NaN,1
49970.0911,0.01546593,303,14,9,5,NaN,NaN,NaN,13,4,9,NaN,NaN,NaN,1
45366.8652,0.1197282,303,14,9,5,NaN,NaN,NaN,13,6,7,NaN,NaN,NaN,1
37189.1745,3.149955,303,14,9,5,NaN,NaN,NaN,13,8,5,NaN,NaN,NaN,1
26322.7166,-0.5622245,303,14,9,5,NaN,NaN,NaN,13,10,3,NaN,NaN,NaN,1
12939.7845,-0.005442533,303,14,9,5,NaN,NaN,NaN,13,12,1,NaN,NaN,NaN,1
62066.6599,0.0003393672,303,14,11,3,NaN,NaN,NaN,13,4,9,NaN,NaN,NaN,1
57463.434,0.00262632,303,14,11,3,NaN,NaN,NaN,13,6,7,NaN,NaN,NaN,1
49285.7433,0.06050923,303,14,11,3,NaN,NaN,NaN,13,8,5,NaN,NaN,NaN,1
38419.2854,3.350062,303,14,11,3,NaN,NaN,NaN,13,10,3,NaN,NaN,NaN,1
25036.3533,-0.3064079,303,14,11,3,NaN,NaN,NaN,13,12,1,NaN,NaN,NaN,1
63890.9145,0.0005295911,303,14,13,1,NaN,NaN,NaN,13,8,5,NaN,NaN,NaN,1
53024.4566,0.02650357,303,14,13,1,NaN,NaN,NaN,13,10,3,NaN,NaN,NaN,1
39641.5245,3.569475,303,14,13,1,NaN,NaN,NaN,13,12,1,NaN,NaN,NaN,1
35488.5758,-1.474243,303,14,2,13,NaN,NaN,NaN,13,1,13,NaN,NaN,NaN,1
27480.3374,0.7479208,303,14,2,13,NaN,NaN,NaN,13,3,11,NaN,NaN,NaN,1
21133.6751,0.05610617,303,14,2,13,NaN,NaN,NaN,13,5,9,NaN,NaN,NaN,1
14074.1356,0.004783964,303,14,2,13,NaN,NaN,NaN,13,7,7,NaN,NaN,NaN,1
43215.9863,-0.05980786,303,14,4,11,NaN,NaN,NaN,13,1,13,NaN,NaN,NaN,1
35207.7478,-2.452106,303,14,4,11,NaN,NaN,NaN,13,3,11,NaN,NaN,NaN,1
28861.0856,1.075692,303,14,4,11,NaN,NaN,NaN,13,5,9,NaN,NaN,NaN,1
21801.546,0.08779147,303,14,4,11,NaN,NaN,NaN,13,7,7,NaN,NaN,NaN,1
12223.9556,0.003402105,303,14,4,11,NaN,NaN,NaN,13,9,5,NaN,NaN,NaN,1
49784.6475,-0.005759541,303,14,6,9,NaN,NaN,NaN,13,1,13,NaN,NaN,NaN,1
41776.409,-0.200174,303,14,6,9,NaN,NaN,NaN,13,3,11,NaN,NaN,NaN,1
35429.7468,-2.90409,303,14,6,9,NaN,NaN,NaN,13,5,9,NaN,NaN,NaN,1
28370.2072,0.961887,303,14,6,9,NaN,NaN,NaN,13,7,7,NaN,NaN,NaN,1
18792.6168,0.03631982,303,14,6,9,NaN,NaN,NaN,13,9,5,NaN,NaN,NaN,1
6660.5138,0.0005886807,303,14,6,9,NaN,NaN,NaN,13,11,3,NaN,NaN,NaN,1
57981.1583,-0.0004155281,303,14,8,7,NaN,NaN,NaN,13,1,13,NaN,NaN,NaN,1
49972.9198,-0.01442189,303,14,8,7,NaN,NaN,NaN,13,3,11,NaN,NaN,NaN,1
43626.2576,-0.1658524,303,14,8,7,NaN,NaN,NaN,13,5,9,NaN,NaN,NaN,1
36566.718,-3.062556,303,14,8,7,NaN,NaN,NaN,13,7,7,NaN,NaN,NaN,1
26989.1276,0.6920093,303,14,8,7,NaN,NaN,NaN,13,9,5,NaN,NaN,NaN,1
14857.0246,0.01112977,303,14,8,7,NaN,NaN,NaN,13,11,3,NaN,NaN,NaN,1
60789.9433,-0.0004711202,303,14,10,5,NaN,NaN,NaN,13,3,11,NaN,NaN,NaN,1
54443.2811,-0.005413636,303,14,10,5,NaN,NaN,NaN,13,5,9,NaN,NaN,NaN,1
47383.7415,-0.0853098,303,14,10,5,NaN,NaN,NaN,13,7,7,NaN,NaN,NaN,1
37806.1511,-3.246733,303,14,10,5,NaN,NaN,NaN,13,9,5,NaN,NaN,NaN,1
25674.0481,0.4341557,303,14,10,5,NaN,NaN,NaN,13,11,3,NaN,NaN,NaN,1
11048.912,0.002101635,303,14,10,5,NaN,NaN,NaN,13,13,1,NaN,NaN,NaN,1
60740.4658,-0.001224959,303,14,12,3,NaN,NaN,NaN,13,7,7,NaN,NaN,NaN,1
51162.8754,-0.04157695,303,14,12,3,NaN,NaN,NaN,13,9,5,NaN,NaN,NaN,1
39030.7724,-3.458053,303,14,12,3,NaN,NaN,NaN,13,11,3,NaN,NaN,NaN,1
24405.6363,0.176699,303,14,12,3,NaN,NaN,NaN,13,13,1,NaN,NaN,NaN,1
54877.1175,-0.01397233,303,14,14,1,NaN,NaN,NaN,13,11,3,NaN,NaN,NaN,1
40251.9814,-3.683491,303,14,14,1,NaN,NaN,NaN,13,13,1,NaN,NaN,NaN,1
0.5502,4.649322,303,14,2,13,NaN,NaN,NaN,14,1,13,NaN,NaN,NaN,1
7563.2223,-0.3957689,303,14,3,11,NaN,NaN,NaN,14,2,13,NaN,NaN,NaN,1
11990.0569,-0.06495258,303,14,5,9,NaN,NaN,NaN,14,2,13,NaN,NaN,NaN,1
18090.1159,-0.01108354,303,14,7,7,NaN,NaN,NaN,14,2,13,NaN,NaN,NaN,1
27578.1809,-0.0005463705,303,14,9,5,NaN,NaN,NaN,14,2,13,NaN,NaN,NaN,1
7727.9607,0.3932654,303,14,4,11,NaN,NaN,NaN,14,1,13,NaN,NaN,NaN,1
164.1882,3.418733,303,14,4,11,NaN,NaN,NaN,14,3,11,NaN,NaN,NaN,1
4262.6464,-1.139804,303,14,5,9,NaN,NaN,NaN,14,4,11,NaN,NaN,NaN,1
10362.7055,-0.2032158,303,14,7,7,NaN,NaN,NaN,14,4,11,NaN,NaN,NaN,1
19850.7704,-0.01002432,303,14,9,5,NaN,NaN,NaN,14,4,11,NaN,NaN,NaN,1
14296.6219,0.03796248,303,14,6,9,NaN,NaN,NaN,14,1,13,NaN,NaN,NaN,1
6732.8494,0.6158614,303,14,6,9,NaN,NaN,NaN,14,3,11,NaN,NaN,NaN,1
2306.0147,2.10039,303,14,6,9,NaN,NaN,NaN,14,5,9,NaN,NaN,NaN,1
3794.0443,-2.022069,303,14,7,7,NaN,NaN,NaN,14,6,9,NaN,NaN,NaN,1
13282.1092,-0.1069999,303,14,9,5,NaN,NaN,NaN,14,6,9,NaN,NaN,NaN,1
25378.678,-0.002348259,303,14,11,3,NaN,NaN,NaN,14,6,9,NaN,NaN,NaN,1
22493.1327,0.002738927,303,14,8,7,NaN,NaN,NaN,14,1,13,NaN,NaN,NaN,1
14929.3602,0.04478611,303,14,8,7,NaN,NaN,NaN,14,3,11,NaN,NaN,NaN,1
10502.5256,0.1813635,303,14,8,7,NaN,NaN,NaN,14,5,9,NaN,NaN,NaN,1
4402.4665,2.023668,303,14,8,7,NaN,NaN,NaN,14,7,7,NaN,NaN,NaN,1
5085.5984,-1.954914,303,14,9,5,NaN,NaN,NaN,14,8,7,NaN,NaN,NaN,1
17182.1672,-0.04439653,303,14,11,3,NaN,NaN,NaN,14,8,7,NaN,NaN,NaN,1
31787.3384,-0.0003885983,303,14,13,1,NaN,NaN,NaN,14,8,7,NaN,NaN,NaN,1
25746.3837,0.001463098,303,14,10,5,NaN,NaN,NaN,14,3,11,NaN,NaN,NaN,1
21319.5491,0.005929189,303,14,10,5,NaN,NaN,NaN,14,5,9,NaN,NaN,NaN,1
15219.49,0.06953442,303,14,10,5,NaN,NaN,NaN,14,7,7,NaN,NaN,NaN,1
5731.4251,1.846719,303,14,10,5,NaN,NaN,NaN,14,9,5,NaN,NaN,NaN,1
6365.1437,-1.700837,303,14,11,3,NaN,NaN,NaN,14,10,5,NaN,NaN,NaN,1
20970.3149,-0.01512907,303,14,13,1,NaN,NaN,NaN,14,10,5,NaN,NaN,NaN,1
28576.2143,0.00099862,303,14,12,3,NaN,NaN,NaN,14,7,7,NaN,NaN,NaN,1
19088.1494,0.02715733,303,14,12,3,NaN,NaN,NaN,14,9,5,NaN,NaN,NaN,1
6991.5806,1.511805,303,14,12,3,NaN,NaN,NaN,14,11,3,NaN,NaN,NaN,1
7613.5906,-1.263968,303,14,13,1,NaN,NaN,NaN,14,12,3,NaN,NaN,NaN,1
22837.9257,0.006758858,303,14,14,1,NaN,NaN,NaN,14,11,3,NaN,NaN,NaN,1
8232.7545,0.9135502,303,14,14,1,NaN,NaN,NaN,14,13,1,NaN,NaN,NaN,1
