1000.8896,0,-10.989,3,1.6605,13,-3,303,6,3,4,NaN,NaN,NaN,6,2,4,NaN,NaN,NaN
1200.3815,0,-10.9219,3,1.1958,11,-3,303,5,3,3,NaN,NaN,NaN,5,2,3,NaN,NaN,NaN
1307.325,0,-10.8292,3,3.5567,19,-3,303,9,4,6,NaN,NaN,NaN,9,3,6,NaN,NaN,NaN
1357.3182,0,-10.9341,3,0.8089,9,-3,303,4,3,2,NaN,NaN,NaN,4,2,2,NaN,NaN,NaN
1578.7318,0,-10.6891,3,2.8593,17,-3,303,8,4,5,NaN,NaN,NaN,8,3,5,NaN,NaN,NaN
1601.4874,0,-10.8345,3,6.1637,25,-3,303,12,5,8,NaN,NaN,NaN,12,4,8,NaN,NaN,NaN
1604.8978,0,-10.8572,3,0.8012,9,-3,303,4,3,1,NaN,NaN,NaN,4,2,3,NaN,NaN,NaN
1731.1196,0,-10.7787,3,1.1802,11,-3,303,5,3,2,NaN,NaN,NaN,5,2,4,NaN,NaN,NaN
1802.987,0,-10.5983,3,2.24,15,-3,303,7,4,4,NaN,NaN,NaN,7,3,4,NaN,NaN,NaN
1938.3177,0,-10.6471,3,5.2333,23,-3,303,11,5,7,NaN,NaN,NaN,11,4,7,NaN,NaN,NaN
1963.3661,0,-10.5644,3,1.6995,13,-3,303,6,4,3,NaN,NaN,NaN,6,3,3,NaN,NaN,NaN
1963.534,0,-10.7603,3,1.634,13,-3,303,6,3,3,NaN,NaN,NaN,6,2,5,NaN,NaN,NaN
2059.0122,0,-10.6094,3,1.2379,11,-3,303,5,4,2,NaN,NaN,NaN,5,3,2,NaN,NaN,NaN
2105.7366,0,-10.7994,3,0.8547,9,-3,303,4,4,1,NaN,NaN,NaN,4,3,1,NaN,NaN,NaN
2122.3368,0,-10.7941,3,0.8542,9,-3,303,4,4,0,NaN,NaN,NaN,4,3,2,NaN,NaN,NaN
2123.2946,0,-10.5894,3,1.2359,11,-3,303,5,4,1,NaN,NaN,NaN,5,3,3,NaN,NaN,NaN
2143.6258,0,-10.5114,3,1.6939,13,-3,303,6,4,2,NaN,NaN,NaN,6,3,4,NaN,NaN,NaN
2207.0633,0,-10.4893,3,2.2278,15,-3,303,7,4,3,NaN,NaN,NaN,7,3,5,NaN,NaN,NaN
2223.8231,0,-10.5008,3,4.3813,21,-3,303,10,5,6,NaN,NaN,NaN,10,4,6,NaN,NaN,NaN
2285.1114,0,-10.7424,3,8.3178,29,-3,303,14,6,9,NaN,NaN,NaN,14,5,9,NaN,NaN,NaN
2333.3283,0,-10.7823,3,2.1621,15,-3,303,7,3,4,NaN,NaN,NaN,7,2,6,NaN,NaN,NaN
2347.6806,0,-10.5027,3,2.8373,17,-3,303,8,4,4,NaN,NaN,NaN,8,3,6,NaN,NaN,NaN
2437.8595,0,-10.3976,3,3.6087,19,-3,303,9,5,5,NaN,NaN,NaN,9,4,5,NaN,NaN,NaN
2577.756,0,-10.3426,3,2.9156,17,-3,303,8,5,4,NaN,NaN,NaN,8,4,4,NaN,NaN,NaN
2604.9988,0,-10.5446,3,3.5218,19,-3,303,9,4,5,NaN,NaN,NaN,9,3,7,NaN,NaN,NaN
2627.4777,0,-10.5552,3,7.2331,27,-3,303,13,6,8,NaN,NaN,NaN,13,5,8,NaN,NaN,NaN
2630.5481,0,-10.3992,3,0,3,-3,303,1,1,0,NaN,NaN,NaN,0,0,0,NaN,NaN,NaN
2658.4512,0,-10.3418,3,2.3014,15,-3,303,7,5,3,NaN,NaN,NaN,7,4,3,NaN,NaN,NaN
2694.0475,0,-10.3124,3,2.912,17,-3,303,8,5,3,NaN,NaN,NaN,8,4,5,NaN,NaN,NaN
2699.6223,0,-10.3308,3,2.3001,15,-3,303,7,5,2,NaN,NaN,NaN,7,4,4,NaN,NaN,NaN
2701.144,0,-10.4101,3,1.7654,13,-3,303,6,5,2,NaN,NaN,NaN,6,4,2,NaN,NaN,NaN
2712.2408,0,-10.3292,3,3.6003,19,-3,303,9,5,4,NaN,NaN,NaN,9,4,6,NaN,NaN,NaN
2712.7585,0,-10.407,3,1.765,13,-3,303,6,5,1,NaN,NaN,NaN,6,4,3,NaN,NaN,NaN
2722.7596,0,-10.6136,3,1.3067,11,-3,303,5,5,1,NaN,NaN,NaN,5,4,1,NaN,NaN,NaN
2725.1212,0,-10.6129,3,1.3066,11,-3,303,5,5,0,NaN,NaN,NaN,5,4,2,NaN,NaN,NaN
2780.3912,0,-10.3712,3,4.3649,21,-3,303,10,5,5,NaN,NaN,NaN,10,4,7,NaN,NaN,NaN
2850.2562,0,-10.8287,3,2.7642,17,-3,303,8,3,5,NaN,NaN,NaN,8,2,7,NaN,NaN,NaN
2891.4229,0,-10.4062,3,6.2282,25,-3,303,12,6,7,NaN,NaN,NaN,12,5,7,NaN,NaN,NaN
2934.7816,0,-10.4341,3,5.2053,23,-3,303,11,5,6,NaN,NaN,NaN,11,4,8,NaN,NaN,NaN
3010.4193,0,-10.6103,3,4.2809,21,-3,303,10,4,6,NaN,NaN,NaN,10,3,8,NaN,NaN,NaN
3072.8755,0,-10.2973,3,5.3032,23,-3,303,11,6,6,NaN,NaN,NaN,11,5,6,NaN,NaN,NaN
3186.4338,0,-10.2281,3,4.4577,21,-3,303,10,6,5,NaN,NaN,NaN,10,5,5,NaN,NaN,NaN
3216.2353,0,-10.5161,3,6.1209,25,-3,303,12,5,7,NaN,NaN,NaN,12,4,9,NaN,NaN,NaN
3243.7777,0,-10.2591,3,5.2979,23,-3,303,11,6,5,NaN,NaN,NaN,11,5,7,NaN,NaN,NaN
3253.9728,0,-10.1976,3,3.6908,19,-3,303,9,6,4,NaN,NaN,NaN,9,5,4,NaN,NaN,NaN
3255.9871,0,-10.2123,3,4.4555,21,-3,303,10,6,4,NaN,NaN,NaN,10,5,6,NaN,NaN,NaN
3259.9801,0,-10.3265,3,6.2171,25,-3,303,12,6,6,NaN,NaN,NaN,12,5,8,NaN,NaN,NaN
3278.4469,0,-10.192,3,3.69,19,-3,303,9,6,3,NaN,NaN,NaN,9,5,5,NaN,NaN,NaN
3293.8818,0,-10.2099,3,3.0018,17,-3,303,8,6,3,NaN,NaN,NaN,8,5,3,NaN,NaN,NaN
3301.1204,0,-10.2082,3,3.0016,17,-3,303,8,6,2,NaN,NaN,NaN,8,5,4,NaN,NaN,NaN
3317.896,0,-10.2835,3,2.3902,15,-3,303,7,6,2,NaN,NaN,NaN,7,5,2,NaN,NaN,NaN
3319.6017,0,-10.2831,3,2.3901,15,-3,303,7,6,1,NaN,NaN,NaN,7,5,3,NaN,NaN,NaN
3332.5461,0,-10.4888,3,1.8555,13,-3,303,6,6,1,NaN,NaN,NaN,6,5,1,NaN,NaN,NaN
3332.8336,0,-10.4887,3,1.8555,13,-3,303,6,6,0,NaN,NaN,NaN,6,5,2,NaN,NaN,NaN
3332.8905,0,-10.411,3,7.2127,27,-3,303,13,6,7,NaN,NaN,NaN,13,5,9,NaN,NaN,NaN
3500.715,0,-10.5108,3,8.2842,29,-3,303,14,6,8,NaN,NaN,NaN,14,5,10,NaN,NaN,NaN
3501.2301,0,-10.8837,3,3.44,19,-3,303,9,3,6,NaN,NaN,NaN,9,2,8,NaN,NaN,NaN
3550.0124,0,-10.3951,3,8.4009,29,-3,303,14,7,8,NaN,NaN,NaN,14,6,8,NaN,NaN,NaN
3572.8191,0,-10.6913,3,5.1141,23,-3,303,11,4,7,NaN,NaN,NaN,11,3,9,NaN,NaN,NaN
3656.3368,0,-10.6154,3,7.1111,27,-3,303,13,5,8,NaN,NaN,NaN,13,4,10,NaN,NaN,NaN
3694.993,0,-10.2807,3,7.3239,27,-3,303,13,7,7,NaN,NaN,NaN,13,6,7,NaN,NaN,NaN
3776.8502,0,-10.3505,3,8.3941,29,-3,303,14,7,7,NaN,NaN,NaN,14,6,9,NaN,NaN,NaN
3786.959,0,-10.1971,3,6.3259,25,-3,303,12,7,6,NaN,NaN,NaN,12,6,6,NaN,NaN,NaN
3795.1704,0,-10.2607,3,7.3208,27,-3,303,13,7,6,NaN,NaN,NaN,13,6,8,NaN,NaN,NaN
3826.5812,0,-10.1892,3,6.3246,25,-3,303,12,7,5,NaN,NaN,NaN,12,6,7,NaN,NaN,NaN
3845.6872,0,-10.1422,3,5.4061,23,-3,303,11,7,5,NaN,NaN,NaN,11,6,5,NaN,NaN,NaN
3859.5778,0,-10.1394,3,5.4057,23,-3,303,11,7,4,NaN,NaN,NaN,11,6,6,NaN,NaN,NaN
3884.3474,0,-10.1175,3,4.5641,21,-3,303,10,7,4,NaN,NaN,NaN,10,6,4,NaN,NaN,NaN
3888.5798,0,-10.1166,3,4.564,21,-3,303,10,7,3,NaN,NaN,NaN,10,6,5,NaN,NaN,NaN
3910.5858,0,-10.1306,3,3.7994,19,-3,303,9,7,3,NaN,NaN,NaN,9,6,3,NaN,NaN,NaN
3911.6695,0,-10.1304,3,3.7994,19,-3,303,9,7,2,NaN,NaN,NaN,9,6,4,NaN,NaN,NaN
3928.6426,0,-10.2028,3,3.1117,17,-3,303,8,7,2,NaN,NaN,NaN,8,6,2,NaN,NaN,NaN
3928.8628,0,-10.2027,3,3.1117,17,-3,303,8,7,1,NaN,NaN,NaN,8,6,3,NaN,NaN,NaN
3940.9605,0,-10.406,3,2.5008,15,-3,303,7,7,1,NaN,NaN,NaN,7,6,1,NaN,NaN,NaN
3940.9922,0,-10.406,3,2.5008,15,-3,303,7,7,0,NaN,NaN,NaN,7,6,2,NaN,NaN,NaN
4193.0388,0,-10.5158,3,0.0877,5,-3,303,2,0,2,NaN,NaN,NaN,1,1,0,NaN,NaN,NaN
4257.47,0,-10.9354,3,4.1891,21,-3,303,10,3,7,NaN,NaN,NaN,10,2,9,NaN,NaN,NaN
4263.0394,0,-10.7257,3,8.1756,29,-3,303,14,5,9,NaN,NaN,NaN,14,4,11,NaN,NaN,NaN
4276.5304,0,-10.7766,3,6.021,25,-3,303,12,4,8,NaN,NaN,NaN,12,3,10,NaN,NaN,NaN
4381.0466,0,-10.2347,3,8.52,29,-3,303,14,8,7,NaN,NaN,NaN,14,7,7,NaN,NaN,NaN
4402.8888,0,-10.2308,3,8.5193,29,-3,303,14,8,6,NaN,NaN,NaN,14,7,8,NaN,NaN,NaN
4434.6347,0,-10.1578,3,7.4473,27,-3,303,13,8,6,NaN,NaN,NaN,13,7,6,NaN,NaN,NaN
4442.2755,0,-10.1564,3,7.4471,27,-3,303,13,8,5,NaN,NaN,NaN,13,7,7,NaN,NaN,NaN
4473.1264,0,-10.1041,3,6.4522,25,-3,303,12,8,5,NaN,NaN,NaN,12,7,5,NaN,NaN,NaN
4475.5027,0,-10.1037,3,6.4522,25,-3,303,12,8,4,NaN,NaN,NaN,12,7,6,NaN,NaN,NaN
4501.452,0,-10.0777,3,5.5344,23,-3,303,11,8,4,NaN,NaN,NaN,11,7,4,NaN,NaN,NaN
4502.094,0,-10.0776,3,5.5344,23,-3,303,11,8,3,NaN,NaN,NaN,11,7,5,NaN,NaN,NaN
4522.4535,0,-10.0877,3,4.6937,21,-3,303,10,8,3,NaN,NaN,NaN,10,7,3,NaN,NaN,NaN
4522.5989,0,-10.0877,3,4.6937,21,-3,303,10,8,2,NaN,NaN,NaN,10,7,4,NaN,NaN,NaN
4537.903,0,-10.1561,3,3.9298,19,-3,303,9,8,2,NaN,NaN,NaN,9,7,2,NaN,NaN,NaN
4537.929,0,-10.1561,3,3.9298,19,-3,303,9,8,1,NaN,NaN,NaN,9,7,3,NaN,NaN,NaN
4549.0371,0,-10.3557,3,3.2427,17,-3,303,8,8,1,NaN,NaN,NaN,8,7,1,NaN,NaN,NaN
4549.0404,0,-10.3557,3,3.2427,17,-3,303,8,8,0,NaN,NaN,NaN,8,7,2,NaN,NaN,NaN
4843.2228,0,-10.96,3,3.4388,19,-3,303,9,4,6,NaN,NaN,NaN,9,1,8,NaN,NaN,NaN
4997.3964,0,-9.6777,3,0.0761,5,-3,303,2,1,1,NaN,NaN,NaN,1,0,1,NaN,NaN,NaN
5060.7111,0,-10.1557,3,8.6662,29,-3,303,14,9,6,NaN,NaN,NaN,14,8,6,NaN,NaN,NaN
5062.0084,0,-10.1555,3,8.6662,29,-3,303,14,9,5,NaN,NaN,NaN,14,8,7,NaN,NaN,NaN
5079.8109,0,-10.9795,3,5.0116,23,-3,303,11,3,8,NaN,NaN,NaN,11,2,10,NaN,NaN,NaN
5088.6388,0,-10.8572,3,7.0015,27,-3,303,13,4,9,NaN,NaN,NaN,13,3,11,NaN,NaN,NaN
5090.9617,0,-10.0989,3,7.5953,27,-3,303,13,9,5,NaN,NaN,NaN,13,8,5,NaN,NaN,NaN
5091.3256,0,-10.0988,3,7.5953,27,-3,303,13,9,4,NaN,NaN,NaN,13,8,6,NaN,NaN,NaN
5114.5209,0,-10.0683,3,6.6015,25,-3,303,12,9,4,NaN,NaN,NaN,12,8,4,NaN,NaN,NaN
5114.6094,0,-10.0683,3,6.6015,25,-3,303,12,9,3,NaN,NaN,NaN,12,8,5,NaN,NaN,NaN
5132.7369,0,-10.0735,3,5.6846,23,-3,303,11,9,3,NaN,NaN,NaN,11,8,3,NaN,NaN,NaN
5132.7549,0,-10.0735,3,5.6846,23,-3,303,11,9,2,NaN,NaN,NaN,11,8,4,NaN,NaN,NaN
5146.6176,0,-10.1371,3,4.8445,21,-3,303,10,9,2,NaN,NaN,NaN,10,8,2,NaN,NaN,NaN
5146.6204,0,-10.1371,3,4.8445,21,-3,303,10,9,1,NaN,NaN,NaN,10,8,3,NaN,NaN,NaN
5156.9753,0,-10.3319,3,4.0812,19,-3,303,9,9,1,NaN,NaN,NaN,9,8,1,NaN,NaN,NaN
5156.9756,0,-10.3319,3,4.0812,19,-3,303,9,9,0,NaN,NaN,NaN,9,8,2,NaN,NaN,NaN
5287.2386,0,-10.94,3,4.1886,21,-3,303,10,4,7,NaN,NaN,NaN,10,1,9,NaN,NaN,NaN
5446.0679,0,-10.9413,3,4.2738,21,-3,303,10,5,6,NaN,NaN,NaN,10,2,8,NaN,NaN,NaN
5456.4161,0,-9.5514,3,0.0877,5,-3,303,2,2,0,NaN,NaN,NaN,1,1,0,NaN,NaN,NaN
5524.7961,0,-9.5924,3,0.0849,5,-3,303,2,2,1,NaN,NaN,NaN,1,1,1,NaN,NaN,NaN
5625.7793,0,-10.8558,3,5.1103,23,-3,303,11,5,7,NaN,NaN,NaN,11,2,9,NaN,NaN,NaN
5651.6764,0,-10.7837,3,0.2692,7,-3,303,3,1,3,NaN,NaN,NaN,2,2,1,NaN,NaN,NaN
5705.2411,0,-10.1197,3,8.835,29,-3,303,14,10,5,NaN,NaN,NaN,14,9,5,NaN,NaN,NaN
5705.2923,0,-10.1197,3,8.835,29,-3,303,14,10,4,NaN,NaN,NaN,14,9,6,NaN,NaN,NaN
5725.8976,0,-10.0838,3,7.7651,27,-3,303,13,10,4,NaN,NaN,NaN,13,9,4,NaN,NaN,NaN
5725.9089,0,-10.0838,3,7.7651,27,-3,303,13,10,3,NaN,NaN,NaN,13,9,5,NaN,NaN,NaN
5742.2639,0,-10.0835,3,6.7721,25,-3,303,12,10,3,NaN,NaN,NaN,12,9,3,NaN,NaN,NaN
5742.266,0,-10.0835,3,6.7721,25,-3,303,12,10,2,NaN,NaN,NaN,12,9,4,NaN,NaN,NaN
5755.0419,0,-10.1415,3,5.8558,23,-3,303,11,10,2,NaN,NaN,NaN,11,9,2,NaN,NaN,NaN
5755.0422,0,-10.1415,3,5.8558,23,-3,303,11,10,1,NaN,NaN,NaN,11,9,3,NaN,NaN,NaN
5764.8344,0,-10.331,3,5.0162,21,-3,303,10,10,1,NaN,NaN,NaN,10,9,1,NaN,NaN,NaN
5764.8345,0,-10.331,3,5.0162,21,-3,303,10,10,0,NaN,NaN,NaN,10,9,2,NaN,NaN,NaN
5814.3363,0,-10.954,3,5.0114,23,-3,303,11,4,8,NaN,NaN,NaN,11,1,10,NaN,NaN,NaN
5936.169,0,-10.8319,3,6.0191,25,-3,303,12,5,8,NaN,NaN,NaN,12,2,10,NaN,NaN,NaN
5965.6003,0,-10.9303,3,8.0552,29,-3,303,14,4,10,NaN,NaN,NaN,14,3,12,NaN,NaN,NaN
6149.3335,0,-10.3821,3,0.2698,7,-3,303,3,1,2,NaN,NaN,NaN,2,2,0,NaN,NaN,NaN
6319.9974,0,-10.0432,3,0.2428,7,-3,303,3,0,3,NaN,NaN,NaN,2,1,1,NaN,NaN,NaN
6336.3234,0,-10.1209,3,9.0253,29,-3,303,14,11,4,NaN,NaN,NaN,14,10,4,NaN,NaN,NaN
6336.3247,0,-10.1209,3,9.0253,29,-3,303,14,11,3,NaN,NaN,NaN,14,10,5,NaN,NaN,NaN
6351.3331,0,-10.1146,3,7.9561,27,-3,303,13,11,3,NaN,NaN,NaN,13,10,3,NaN,NaN,NaN
6351.3333,0,-10.1146,3,7.9561,27,-3,303,13,11,2,NaN,NaN,NaN,13,10,4,NaN,NaN,NaN
6359.8514,0,-10.8508,3,7.0005,27,-3,303,13,5,9,NaN,NaN,NaN,13,2,11,NaN,NaN,NaN
6363.2822,0,-10.1666,3,6.9636,25,-3,303,12,11,1,NaN,NaN,NaN,12,10,3,NaN,NaN,NaN
6363.2822,0,-10.1666,3,6.9636,25,-3,303,12,11,2,NaN,NaN,NaN,12,10,2,NaN,NaN,NaN
6372.6421,0,-10.3503,3,6.0478,23,-3,303,11,11,0,NaN,NaN,NaN,11,10,2,NaN,NaN,NaN
6372.6421,0,-10.3503,3,6.0478,23,-3,303,11,11,1,NaN,NaN,NaN,11,10,1,NaN,NaN,NaN
6405.8716,0,-10.991,3,5.9072,25,-3,303,12,4,9,NaN,NaN,NaN,12,1,11,NaN,NaN,NaN
6571.852,0,-10.8997,3,7.1015,27,-3,303,13,6,8,NaN,NaN,NaN,13,3,10,NaN,NaN,NaN
6585.9569,0,-10.9984,3,6.1049,25,-3,303,12,6,7,NaN,NaN,NaN,12,3,9,NaN,NaN,NaN
6708.7187,0,-10.8637,3,8.1703,29,-3,303,14,6,9,NaN,NaN,NaN,14,3,11,NaN,NaN,NaN
6875.8305,0,-10.8987,3,8.0548,29,-3,303,14,5,10,NaN,NaN,NaN,14,2,12,NaN,NaN,NaN
6960.0945,0,-10.1648,3,9.2367,29,-3,303,14,12,2,NaN,NaN,NaN,14,11,4,NaN,NaN,NaN
6960.0945,0,-10.1648,3,9.2367,29,-3,303,14,12,3,NaN,NaN,NaN,14,11,3,NaN,NaN,NaN
6971.3961,0,-10.2105,3,8.168,27,-3,303,13,12,1,NaN,NaN,NaN,13,11,3,NaN,NaN,NaN
6971.3961,0,-10.2105,3,8.168,27,-3,303,13,12,2,NaN,NaN,NaN,13,11,2,NaN,NaN,NaN
6980.414,0,-10.3879,3,7.1759,25,-3,303,12,12,0,NaN,NaN,NaN,12,11,2,NaN,NaN,NaN
6980.414,0,-10.3879,3,7.1759,25,-3,303,12,12,1,NaN,NaN,NaN,12,11,1,NaN,NaN,NaN
7412.7108,0,-9.2605,3,0.2276,7,-3,303,3,1,2,NaN,NaN,NaN,2,0,2,NaN,NaN,NaN
7563.3448,0,-10.5352,3,0.5489,9,-3,303,4,2,3,NaN,NaN,NaN,3,3,1,NaN,NaN,NaN
7579.4194,0,-10.2715,3,9.4688,29,-3,303,14,13,1,NaN,NaN,NaN,14,12,3,NaN,NaN,NaN
7579.4194,0,-10.2715,3,9.4688,29,-3,303,14,13,2,NaN,NaN,NaN,14,12,2,NaN,NaN,NaN
7588.16,0,-10.4425,3,8.4005,27,-3,303,13,13,0,NaN,NaN,NaN,13,12,2,NaN,NaN,NaN
7588.16,0,-10.4425,3,8.4005,27,-3,303,13,13,1,NaN,NaN,NaN,13,12,1,NaN,NaN,NaN
7717.8161,0,-9.1474,3,0.2428,7,-3,303,3,2,1,NaN,NaN,NaN,2,1,1,NaN,NaN,NaN
7729.6702,0,-10.2774,3,0.4974,9,-3,303,4,1,4,NaN,NaN,NaN,3,2,2,NaN,NaN,NaN
7792.1927,0,-10.452,3,0.549,9,-3,303,4,2,2,NaN,NaN,NaN,3,3,0,NaN,NaN,NaN
7891.6444,0,-9.2566,3,0.2341,7,-3,303,3,2,2,NaN,NaN,NaN,2,1,2,NaN,NaN,NaN
8195.8868,0,-10.5129,3,9.7217,29,-3,303,14,14,0,NaN,NaN,NaN,14,13,2,NaN,NaN,NaN
8195.8868,0,-10.5129,3,9.7217,29,-3,303,14,14,1,NaN,NaN,NaN,14,13,1,NaN,NaN,NaN
8337.3332,0,-9.8514,3,0.4749,9,-3,303,4,0,4,NaN,NaN,NaN,3,1,2,NaN,NaN,NaN
8370.578,0,-9.0188,3,0.2698,7,-3,303,3,3,0,NaN,NaN,NaN,2,2,0,NaN,NaN,NaN
8386.1371,0,-9.0202,3,0.2692,7,-3,303,3,3,1,NaN,NaN,NaN,2,2,1,NaN,NaN,NaN
8491.5036,0,-9.7344,3,0.5002,9,-3,303,4,1,3,NaN,NaN,NaN,3,2,1,NaN,NaN,NaN
9321.3585,0,-10.4679,3,0.9249,11,-3,303,5,3,3,NaN,NaN,NaN,4,4,1,NaN,NaN,NaN
9383.0416,0,-10.4564,3,0.925,11,-3,303,5,3,2,NaN,NaN,NaN,4,4,0,NaN,NaN,NaN
9750.4454,0,-10.0026,3,0.8012,11,-3,303,5,1,5,NaN,NaN,NaN,4,2,3,NaN,NaN,NaN
9774.2588,0,-9.9929,3,0.8542,11,-3,303,5,2,4,NaN,NaN,NaN,4,3,2,NaN,NaN,NaN
9889.3223,0,-8.9994,3,0.4536,9,-3,303,4,1,3,NaN,NaN,NaN,3,0,3,NaN,NaN,NaN
10013.4372,0,-8.8381,3,0.4749,9,-3,303,4,2,2,NaN,NaN,NaN,3,1,2,NaN,NaN,NaN
10226.7136,0,-9.8227,3,0.8547,11,-3,303,5,2,3,NaN,NaN,NaN,4,3,1,NaN,NaN,NaN
10249.3509,0,-9.7726,3,0.7834,11,-3,303,5,0,5,NaN,NaN,NaN,4,1,3,NaN,NaN,NaN
10297.8055,0,-9.0143,3,0.4577,9,-3,303,4,2,3,NaN,NaN,NaN,3,1,3,NaN,NaN,NaN
10627.6631,0,-8.7868,3,0.5002,9,-3,303,4,3,1,NaN,NaN,NaN,3,2,1,NaN,NaN,NaN
10696.502,0,-8.7957,3,0.4974,9,-3,303,4,3,2,NaN,NaN,NaN,3,2,2,NaN,NaN,NaN
10752.2462,0,-9.3799,3,0.8089,11,-3,303,5,1,4,NaN,NaN,NaN,4,2,2,NaN,NaN,NaN
11016.3018,0,-10.4516,3,1.3975,13,-3,303,6,4,3,NaN,NaN,NaN,5,5,1,NaN,NaN,NaN
11027.605,0,-10.4501,3,1.3975,13,-3,303,6,4,2,NaN,NaN,NaN,5,5,0,NaN,NaN,NaN
11271.8478,0,-8.6539,3,0.549,9,-3,303,4,4,0,NaN,NaN,NaN,3,3,0,NaN,NaN,NaN
11273.9792,0,-8.6539,3,0.5489,9,-3,303,4,4,1,NaN,NaN,NaN,3,3,1,NaN,NaN,NaN
11609.1004,0,-9.924,3,1.3066,13,-3,303,6,3,4,NaN,NaN,NaN,5,4,2,NaN,NaN,NaN
11719.0353,0,-9.8382,3,1.1802,13,-3,303,6,1,6,NaN,NaN,NaN,5,2,4,NaN,NaN,NaN
11775.6953,0,-9.8926,3,1.3067,13,-3,303,6,3,3,NaN,NaN,NaN,5,4,1,NaN,NaN,NaN
11935.4559,0,-9.6799,3,1.2359,13,-3,303,6,2,5,NaN,NaN,NaN,5,3,3,NaN,NaN,NaN
12025.4817,0,-10.681,3,0.4536,9,-3,303,4,3,1,NaN,NaN,NaN,3,0,3,NaN,NaN,NaN
12083.7629,0,-9.7289,3,1.1675,13,-3,303,6,0,6,NaN,NaN,NaN,5,1,4,NaN,NaN,NaN
12362.873,0,-8.6116,3,0.7834,11,-3,303,5,2,3,NaN,NaN,NaN,4,1,3,NaN,NaN,NaN
12428.3502,0,-8.8294,3,0.753,11,-3,303,5,1,4,NaN,NaN,NaN,4,0,4,NaN,NaN,NaN
12667.223,0,-9.3975,3,1.2379,13,-3,303,6,2,4,NaN,NaN,NaN,5,3,2,NaN,NaN,NaN
12695.3074,0,-10.4576,3,1.9666,15,-3,303,7,5,3,NaN,NaN,NaN,6,6,1,NaN,NaN,NaN
12696.9791,0,-10.4574,3,1.9666,15,-3,303,7,5,2,NaN,NaN,NaN,6,6,0,NaN,NaN,NaN
12741.0907,0,-8.8376,3,0.7552,11,-3,303,5,2,4,NaN,NaN,NaN,4,1,4,NaN,NaN,NaN
12862.6966,0,-8.5875,3,0.8089,11,-3,303,5,3,2,NaN,NaN,NaN,4,2,2,NaN,NaN,NaN
12894.0533,0,-9.2119,3,1.1958,13,-3,303,6,1,5,NaN,NaN,NaN,5,2,3,NaN,NaN,NaN
13031.9929,0,-8.6175,3,0.8012,11,-3,303,5,3,3,NaN,NaN,NaN,4,2,3,NaN,NaN,NaN
13330.1904,0,-9.9242,3,1.8555,15,-3,303,7,4,4,NaN,NaN,NaN,6,5,2,NaN,NaN,NaN
13369.4022,0,-9.9197,3,1.8555,15,-3,303,7,4,3,NaN,NaN,NaN,6,5,1,NaN,NaN,NaN
13550.3897,0,-8.4992,3,0.8547,11,-3,303,5,4,1,NaN,NaN,NaN,4,3,1,NaN,NaN,NaN
13564.3906,0,-8.4995,3,0.8542,11,-3,303,5,4,2,NaN,NaN,NaN,4,3,2,NaN,NaN,NaN
13644.3525,0,-9.7373,3,1.634,15,-3,303,7,1,7,NaN,NaN,NaN,6,2,5,NaN,NaN,NaN
13802.7844,0,-10.8159,3,2.3014,17,-3,303,8,1,7,NaN,NaN,NaN,7,4,3,NaN,NaN,NaN
13875.0973,0,-9.5925,3,1.765,15,-3,303,7,3,5,NaN,NaN,NaN,6,4,3,NaN,NaN,NaN
13879.8648,0,-9.6912,3,1.6259,15,-3,303,7,0,7,NaN,NaN,NaN,6,1,5,NaN,NaN,NaN
14038.6449,0,-9.4873,3,1.6939,15,-3,303,7,2,6,NaN,NaN,NaN,6,3,4,NaN,NaN,NaN
14167.1751,0,-8.3926,3,0.925,11,-3,303,5,5,0,NaN,NaN,NaN,4,4,0,NaN,NaN,NaN
14167.4127,0,-8.3926,3,0.9249,11,-3,303,5,5,1,NaN,NaN,NaN,4,4,1,NaN,NaN,NaN
14228.3474,0,-9.5201,3,1.7654,15,-3,303,7,3,4,NaN,NaN,NaN,6,4,2,NaN,NaN,NaN
14372.2314,0,-10.4803,3,2.6323,17,-3,303,8,6,3,NaN,NaN,NaN,7,7,1,NaN,NaN,NaN
14372.448,0,-10.4803,3,2.6323,17,-3,303,8,6,2,NaN,NaN,NaN,7,7,0,NaN,NaN,NaN
14538.8006,0,-10.2919,3,0.753,11,-3,303,5,3,2,NaN,NaN,NaN,4,0,4,NaN,NaN,NaN
14777.6734,0,-8.4545,3,1.1675,13,-3,303,6,2,4,NaN,NaN,NaN,5,1,4,NaN,NaN,NaN
14901.7502,0,-9.1645,3,1.6605,15,-3,303,7,1,6,NaN,NaN,NaN,6,2,4,NaN,NaN,NaN
15007.5754,0,-8.7087,3,1.1253,13,-3,303,6,1,5,NaN,NaN,NaN,5,0,5,NaN,NaN,NaN
15012.3198,0,-9.9495,3,2.5008,17,-3,303,8,5,4,NaN,NaN,NaN,7,6,2,NaN,NaN,NaN
15019.31,0,-9.9489,3,2.5008,17,-3,303,8,5,3,NaN,NaN,NaN,7,6,1,NaN,NaN,NaN
15060.5519,0,-9.0989,3,1.6995,15,-3,303,7,2,5,NaN,NaN,NaN,6,3,3,NaN,NaN,NaN
15099.3715,0,-8.4141,3,1.1958,13,-3,303,6,3,3,NaN,NaN,NaN,5,2,3,NaN,NaN,NaN
15217.0034,0,-8.709,3,1.1264,13,-3,303,6,2,5,NaN,NaN,NaN,5,1,5,NaN,NaN,NaN
15229.3539,0,-10.983,3,3.0018,19,-3,303,9,2,7,NaN,NaN,NaN,8,5,3,NaN,NaN,NaN
15399.2322,0,-8.4793,3,1.1802,13,-3,303,6,3,4,NaN,NaN,NaN,5,2,4,NaN,NaN,NaN
15537.2591,0,-9.6761,3,2.1621,17,-3,303,8,1,8,NaN,NaN,NaN,7,2,6,NaN,NaN,NaN
15644.8643,0,-9.5985,3,2.3901,17,-3,303,8,4,5,NaN,NaN,NaN,7,5,3,NaN,NaN,NaN
15672.4425,0,-9.6579,3,2.1575,17,-3,303,8,0,8,NaN,NaN,NaN,7,1,6,NaN,NaN,NaN
15684.9633,0,-10.7036,3,2.9156,19,-3,303,9,1,8,NaN,NaN,NaN,8,4,4,NaN,NaN,NaN
15686.5491,0,-10.8818,3,0.7834,11,-3,303,5,4,1,NaN,NaN,NaN,4,1,3,NaN,NaN,NaN
15752.4598,0,-9.5862,3,2.3902,17,-3,303,8,4,4,NaN,NaN,NaN,7,5,2,NaN,NaN,NaN
15811.7384,0,-8.3708,3,1.2379,13,-3,303,6,4,2,NaN,NaN,NaN,5,3,2,NaN,NaN,NaN
15862.356,0,-8.3726,3,1.2359,13,-3,303,6,4,3,NaN,NaN,NaN,5,3,3,NaN,NaN,NaN
16049.4841,0,-10.5181,3,3.3945,19,-3,303,9,7,3,NaN,NaN,NaN,8,8,1,NaN,NaN,NaN
16049.5097,0,-10.5181,3,3.3945,19,-3,303,9,7,2,NaN,NaN,NaN,8,8,0,NaN,NaN,NaN
16081.3908,0,-9.3723,3,2.2278,17,-3,303,8,2,7,NaN,NaN,NaN,7,3,5,NaN,NaN,NaN
16104.4014,0,-9.3732,3,2.3001,17,-3,303,8,3,6,NaN,NaN,NaN,7,4,4,NaN,NaN,NaN
16451.8199,0,-8.2848,3,1.3067,13,-3,303,6,5,1,NaN,NaN,NaN,5,4,1,NaN,NaN,NaN
16453.8702,0,-8.2847,3,1.3066,13,-3,303,6,5,2,NaN,NaN,NaN,5,4,2,NaN,NaN,NaN
16686.8805,0,-9.9899,3,3.2427,19,-3,303,9,6,4,NaN,NaN,NaN,8,7,2,NaN,NaN,NaN
16687.9354,0,-9.9898,3,3.2427,19,-3,303,9,6,3,NaN,NaN,NaN,8,7,1,NaN,NaN,NaN
16724.5837,0,-9.2314,3,2.3014,17,-3,303,8,3,5,NaN,NaN,NaN,7,4,3,NaN,NaN,NaN
16787.7594,0,-9.1783,3,2.2019,17,-3,303,8,1,7,NaN,NaN,NaN,7,2,5,NaN,NaN,NaN
17061.5825,0,-8.1995,3,1.3975,13,-3,303,6,6,0,NaN,NaN,NaN,5,5,0,NaN,NaN,NaN
17061.6063,0,-8.1995,3,1.3975,13,-3,303,6,6,1,NaN,NaN,NaN,5,5,1,NaN,NaN,NaN
17212.8936,0,-10.1566,3,1.1253,13,-3,303,6,3,3,NaN,NaN,NaN,5,0,5,NaN,NaN,NaN
17265.8701,0,-8.3532,3,1.6259,15,-3,303,7,2,5,NaN,NaN,NaN,6,1,5,NaN,NaN,NaN
17338.3512,0,-9.6382,3,3.1117,19,-3,303,9,5,5,NaN,NaN,NaN,8,6,3,NaN,NaN,NaN
17351.9747,0,-8.9196,3,2.24,17,-3,303,8,2,6,NaN,NaN,NaN,7,3,4,NaN,NaN,NaN
17361.5504,0,-9.6363,3,3.1117,19,-3,303,9,5,4,NaN,NaN,NaN,8,6,2,NaN,NaN,NaN
17372.8628,0,-8.2723,3,1.6605,15,-3,303,7,3,4,NaN,NaN,NaN,6,2,4,NaN,NaN,NaN
17383.8871,0,-10.7457,3,3.6087,21,-3,303,10,1,9,NaN,NaN,NaN,9,4,5,NaN,NaN,NaN
17408.3192,0,-9.642,3,2.7642,19,-3,303,9,1,9,NaN,NaN,NaN,8,2,7,NaN,NaN,NaN
17478.71,0,-10.6461,3,3.6908,21,-3,303,10,2,8,NaN,NaN,NaN,9,5,4,NaN,NaN,NaN
17478.8114,0,-9.635,3,2.7618,19,-3,303,9,0,9,NaN,NaN,NaN,8,1,7,NaN,NaN,NaN
17595.6608,0,-8.6187,3,1.5706,15,-3,303,7,1,6,NaN,NaN,NaN,6,0,6,NaN,NaN,NaN
17718.8418,0,-8.6167,3,1.5711,15,-3,303,7,2,6,NaN,NaN,NaN,6,1,6,NaN,NaN,NaN
17727.1875,0,-10.57,3,4.2532,21,-3,303,10,8,3,NaN,NaN,NaN,9,9,1,NaN,NaN,NaN
17727.1904,0,-10.57,3,4.2532,21,-3,303,10,8,2,NaN,NaN,NaN,9,9,0,NaN,NaN,NaN
17801.9975,0,-8.3759,3,1.634,15,-3,303,7,3,5,NaN,NaN,NaN,6,2,5,NaN,NaN,NaN
17922.1889,0,-10.3171,3,1.1675,13,-3,303,6,4,2,NaN,NaN,NaN,5,1,4,NaN,NaN,NaN
17950.43,0,-9.3745,3,3.0016,19,-3,303,9,4,6,NaN,NaN,NaN,8,5,4,NaN,NaN,NaN
18045.5268,0,-8.263,3,1.6995,15,-3,303,7,4,3,NaN,NaN,NaN,6,3,3,NaN,NaN,NaN
18067.3115,0,-9.3101,3,2.8373,19,-3,303,9,2,8,NaN,NaN,NaN,8,3,6,NaN,NaN,NaN
18174.9602,0,-8.2707,3,1.6939,15,-3,303,7,4,4,NaN,NaN,NaN,6,3,4,NaN,NaN,NaN
18194.3734,0,-9.3444,3,3.0018,19,-3,303,9,4,5,NaN,NaN,NaN,8,5,3,NaN,NaN,NaN
18283.4221,0,-9.2307,3,2.912,19,-3,303,9,3,7,NaN,NaN,NaN,8,4,5,NaN,NaN,NaN
18361.5671,0,-10.0434,3,4.0812,21,-3,303,10,7,4,NaN,NaN,NaN,9,8,2,NaN,NaN,NaN
18361.7093,0,-10.0434,3,4.0812,21,-3,303,10,7,3,NaN,NaN,NaN,9,8,1,NaN,NaN,NaN
18588.0576,0,-9.2093,3,2.8188,19,-3,303,9,1,8,NaN,NaN,NaN,8,2,6,NaN,NaN,NaN
18730.9566,0,-8.197,3,1.7654,15,-3,303,7,5,2,NaN,NaN,NaN,6,4,2,NaN,NaN,NaN
18740.6119,0,-8.1969,3,1.765,15,-3,303,7,5,3,NaN,NaN,NaN,6,4,3,NaN,NaN,NaN
18887.6409,0,-10.9051,3,4.3813,23,-3,303,11,1,10,NaN,NaN,NaN,10,4,6,NaN,NaN,NaN
19011.0585,0,-9.6936,3,3.9298,21,-3,303,10,6,5,NaN,NaN,NaN,9,7,3,NaN,NaN,NaN
19015.1227,0,-9.6934,3,3.9298,21,-3,303,10,6,4,NaN,NaN,NaN,9,7,2,NaN,NaN,NaN
19220.8611,0,-8.9982,3,2.9156,19,-3,303,9,3,6,NaN,NaN,NaN,8,4,4,NaN,NaN,NaN
19266.1411,0,-9.6282,3,3.44,21,-3,303,10,1,10,NaN,NaN,NaN,9,2,8,NaN,NaN,NaN
19300.3927,0,-9.6255,3,3.4388,21,-3,303,10,0,10,NaN,NaN,NaN,9,1,8,NaN,NaN,NaN
19347.4551,0,-8.1252,3,1.8555,15,-3,303,7,6,1,NaN,NaN,NaN,6,5,1,NaN,NaN,NaN
19347.7087,0,-8.1252,3,1.8555,15,-3,303,7,6,2,NaN,NaN,NaN,6,5,2,NaN,NaN,NaN
19405.2103,0,-10.6353,3,5.2085,23,-3,303,11,9,3,NaN,NaN,NaN,10,10,1,NaN,NaN,NaN
19405.2106,0,-10.6353,3,5.2085,23,-3,303,11,9,2,NaN,NaN,NaN,10,10,0,NaN,NaN,NaN
19502.1332,0,-8.852,3,2.8593,19,-3,303,9,2,7,NaN,NaN,NaN,8,3,5,NaN,NaN,NaN
19564.0571,0,-10.47,3,4.4577,23,-3,303,11,2,9,NaN,NaN,NaN,10,5,5,NaN,NaN,NaN
19670.8051,0,-9.4236,3,3.7994,21,-3,303,10,5,6,NaN,NaN,NaN,9,6,4,NaN,NaN,NaN
19709.5586,0,-8.1694,3,2.2019,17,-3,303,8,3,5,NaN,NaN,NaN,7,2,5,NaN,NaN,NaN
19735.2105,0,-9.4185,3,3.7994,21,-3,303,10,5,5,NaN,NaN,NaN,9,6,3,NaN,NaN,NaN
19823.0873,0,-8.2914,3,2.1575,17,-3,303,8,2,6,NaN,NaN,NaN,7,1,6,NaN,NaN,NaN
19955.8673,0,-8.056,3,1.9666,15,-3,303,7,7,0,NaN,NaN,NaN,6,6,0,NaN,NaN,NaN
19955.8695,0,-8.056,3,1.9666,15,-3,303,7,7,1,NaN,NaN,NaN,6,6,1,NaN,NaN,NaN
20004.8644,0,-9.2847,3,3.5218,21,-3,303,10,2,9,NaN,NaN,NaN,9,3,7,NaN,NaN,NaN
20037.2902,0,-10.1097,3,5.0162,23,-3,303,11,8,4,NaN,NaN,NaN,10,9,2,NaN,NaN,NaN
20037.3078,0,-10.1097,3,5.0162,23,-3,303,11,8,3,NaN,NaN,NaN,10,9,1,NaN,NaN,NaN
20066.7734,0,-10.1939,3,1.5706,15,-3,303,7,3,4,NaN,NaN,NaN,6,0,6,NaN,NaN,NaN
20173.7646,0,-8.5543,3,2.0889,17,-3,303,8,1,7,NaN,NaN,NaN,7,0,7,NaN,NaN,NaN
20233.2662,0,-9.2185,3,3.69,21,-3,303,10,4,7,NaN,NaN,NaN,9,5,5,NaN,NaN,NaN
20239.0357,0,-8.5527,3,2.0891,17,-3,303,8,2,7,NaN,NaN,NaN,7,1,7,NaN,NaN,NaN
20240.7167,0,-8.3026,3,2.1621,17,-3,303,8,3,6,NaN,NaN,NaN,7,2,6,NaN,NaN,NaN
20250.845,0,-9.9302,3,1.6259,15,-3,303,7,4,3,NaN,NaN,NaN,6,1,5,NaN,NaN,NaN
20255.069,0,-8.1699,3,2.24,17,-3,303,8,4,4,NaN,NaN,NaN,7,3,4,NaN,NaN,NaN
20348.9066,0,-9.2384,3,3.5098,21,-3,303,10,1,9,NaN,NaN,NaN,9,2,7,NaN,NaN,NaN
20402.7763,0,-9.1468,3,3.6003,21,-3,303,10,3,8,NaN,NaN,NaN,9,4,6,NaN,NaN,NaN
20510.3788,0,-8.1926,3,2.2278,17,-3,303,8,4,5,NaN,NaN,NaN,7,3,5,NaN,NaN,NaN
20681.8342,0,-9.7613,3,4.8445,23,-3,303,11,7,5,NaN,NaN,NaN,10,8,3,NaN,NaN,NaN
20682.4557,0,-9.7613,3,4.8445,23,-3,303,11,7,4,NaN,NaN,NaN,10,8,2,NaN,NaN,NaN
20700.9548,0,-9.1527,3,3.6908,21,-3,303,10,4,6,NaN,NaN,NaN,9,5,4,NaN,NaN,NaN
20949.1142,0,-10.6902,3,5.4061,25,-3,303,12,3,9,NaN,NaN,NaN,11,6,5,NaN,NaN,NaN
20997.363,0,-8.1274,3,2.3014,17,-3,303,8,5,3,NaN,NaN,NaN,7,4,3,NaN,NaN,NaN
21029.8381,0,-8.1276,3,2.3001,17,-3,303,8,5,4,NaN,NaN,NaN,7,4,4,NaN,NaN,NaN
21083.4495,0,-10.7136,3,6.2603,25,-3,303,12,10,2,NaN,NaN,NaN,11,11,0,NaN,NaN,NaN
21083.4495,0,-10.7136,3,6.2603,25,-3,303,12,10,3,NaN,NaN,NaN,11,11,1,NaN,NaN,NaN
21116.7503,0,-9.6311,3,4.1891,23,-3,303,11,1,11,NaN,NaN,NaN,10,2,9,NaN,NaN,NaN
21132.5668,0,-9.6301,3,4.1886,23,-3,303,11,0,11,NaN,NaN,NaN,10,1,9,NaN,NaN,NaN
21345.4767,0,-9.4921,3,4.6937,23,-3,303,11,6,6,NaN,NaN,NaN,10,7,4,NaN,NaN,NaN
21358.6005,0,-9.4913,3,4.6937,23,-3,303,11,6,5,NaN,NaN,NaN,10,7,3,NaN,NaN,NaN
21462.3961,0,-10.4375,3,5.3032,25,-3,303,12,2,10,NaN,NaN,NaN,11,5,6,NaN,NaN,NaN
21498.2757,0,-8.8695,3,3.5567,21,-3,303,10,2,8,NaN,NaN,NaN,9,3,6,NaN,NaN,NaN
21631.3362,0,-8.0673,3,2.3902,17,-3,303,8,6,2,NaN,NaN,NaN,7,5,2,NaN,NaN,NaN
21632.7935,0,-8.0673,3,2.3901,17,-3,303,8,6,3,NaN,NaN,NaN,7,5,3,NaN,NaN,NaN
21657.3357,0,-8.8267,3,3.6087,21,-3,303,10,3,7,NaN,NaN,NaN,9,4,5,NaN,NaN,NaN
21713.8256,0,-10.1884,3,6.0478,25,-3,303,12,9,4,NaN,NaN,NaN,11,10,2,NaN,NaN,NaN
21713.8277,0,-10.1884,3,6.0478,25,-3,303,12,9,3,NaN,NaN,NaN,11,10,1,NaN,NaN,NaN
21855.1571,0,-10.895,3,1.5711,15,-3,303,7,4,4,NaN,NaN,NaN,6,1,6,NaN,NaN,NaN
21875.4721,0,-10.6301,3,1.6605,15,-3,303,7,5,2,NaN,NaN,NaN,6,2,4,NaN,NaN,NaN
21905.1552,0,-9.2852,3,4.2809,23,-3,303,11,2,10,NaN,NaN,NaN,10,3,8,NaN,NaN,NaN
22003.4026,0,-9.2709,3,4.564,23,-3,303,11,5,7,NaN,NaN,NaN,10,6,5,NaN,NaN,NaN
22109.8858,0,-9.2654,3,4.2738,23,-3,303,11,1,10,NaN,NaN,NaN,10,2,8,NaN,NaN,NaN
22123.9554,0,-8.1064,3,2.8188,19,-3,303,9,3,6,NaN,NaN,NaN,8,2,6,NaN,NaN,NaN
22156.9487,0,-9.2583,3,4.5641,23,-3,303,11,5,6,NaN,NaN,NaN,10,6,4,NaN,NaN,NaN
22242.0546,0,-8.0078,3,2.5008,17,-3,303,8,7,1,NaN,NaN,NaN,7,6,1,NaN,NaN,NaN
22242.0828,0,-8.0078,3,2.5008,17,-3,303,8,7,2,NaN,NaN,NaN,7,6,2,NaN,NaN,NaN
22354.2605,0,-9.8408,3,5.8558,25,-3,303,12,8,5,NaN,NaN,NaN,11,9,3,NaN,NaN,NaN
22354.3467,0,-9.8407,3,5.8558,25,-3,303,12,8,4,NaN,NaN,NaN,11,9,2,NaN,NaN,NaN
22423.9325,0,-8.2531,3,2.7618,19,-3,303,9,2,7,NaN,NaN,NaN,8,1,7,NaN,NaN,NaN
22459.0909,0,-9.1088,3,4.3649,23,-3,303,11,3,9,NaN,NaN,NaN,10,4,7,NaN,NaN,NaN
22467.1527,0,-8.0895,3,2.8593,19,-3,303,9,4,5,NaN,NaN,NaN,8,3,5,NaN,NaN,NaN
22478.1542,0,-9.1154,3,4.4555,23,-3,303,11,4,8,NaN,NaN,NaN,10,5,6,NaN,NaN,NaN
22667.512,0,-10.8788,3,1.634,15,-3,303,7,5,3,NaN,NaN,NaN,6,2,5,NaN,NaN,NaN
22712.4102,0,-8.2551,3,2.7642,19,-3,303,9,3,7,NaN,NaN,NaN,8,2,7,NaN,NaN,NaN
22726.1816,0,-9.7181,3,2.1575,17,-3,303,8,4,4,NaN,NaN,NaN,7,1,6,NaN,NaN,NaN
22738.7024,0,-8.5126,3,2.6803,19,-3,303,9,1,8,NaN,NaN,NaN,8,0,8,NaN,NaN,NaN
22761.8398,0,-10.8043,3,7.4087,27,-3,303,13,11,2,NaN,NaN,NaN,12,12,0,NaN,NaN,NaN
22761.8398,0,-10.8043,3,7.4087,27,-3,303,13,11,3,NaN,NaN,NaN,12,12,1,NaN,NaN,NaN
22770.7692,0,-8.5117,3,2.6804,19,-3,303,9,2,8,NaN,NaN,NaN,8,1,8,NaN,NaN,NaN
22850.131,0,-7.9511,3,2.6323,17,-3,303,8,8,0,NaN,NaN,NaN,7,7,0,NaN,NaN,NaN
22850.1312,0,-7.9511,3,2.6323,17,-3,303,8,8,1,NaN,NaN,NaN,7,7,1,NaN,NaN,NaN
22875.8666,0,-8.1372,3,2.8373,19,-3,303,9,4,6,NaN,NaN,NaN,8,3,6,NaN,NaN,NaN
22963.8412,0,-9.6485,3,5.0116,25,-3,303,12,1,12,NaN,NaN,NaN,11,2,10,NaN,NaN,NaN
22970.8738,0,-9.6481,3,5.0114,25,-3,303,12,0,12,NaN,NaN,NaN,11,1,10,NaN,NaN,NaN
23011.5989,0,-9.5728,3,5.6846,25,-3,303,12,7,6,NaN,NaN,NaN,11,8,4,NaN,NaN,NaN
23013.8711,0,-9.5727,3,5.6846,25,-3,303,12,7,5,NaN,NaN,NaN,11,8,3,NaN,NaN,NaN
23095.5638,0,-10.3283,3,2.0889,17,-3,303,8,3,5,NaN,NaN,NaN,7,0,7,NaN,NaN,NaN
23155.3257,0,-10.5296,3,6.2282,27,-3,303,13,2,11,NaN,NaN,NaN,12,5,7,NaN,NaN,NaN
23240.4268,0,-8.0741,3,2.9156,19,-3,303,9,5,4,NaN,NaN,NaN,8,4,4,NaN,NaN,NaN
23251.5188,0,-8.9901,3,4.4577,23,-3,303,11,4,7,NaN,NaN,NaN,10,5,5,NaN,NaN,NaN
23254.5709,0,-10.4644,3,6.3259,27,-3,303,13,3,10,NaN,NaN,NaN,12,6,6,NaN,NaN,NaN
23326.2804,0,-8.0757,3,2.912,19,-3,303,9,5,5,NaN,NaN,NaN,8,4,5,NaN,NaN,NaN
23358.2384,0,-8.9336,3,4.3311,23,-3,303,11,2,9,NaN,NaN,NaN,10,3,7,NaN,NaN,NaN
23390.9205,0,-10.2791,3,7.1759,27,-3,303,13,10,4,NaN,NaN,NaN,12,11,2,NaN,NaN,NaN
23390.9207,0,-10.2791,3,7.1759,27,-3,303,13,10,3,NaN,NaN,NaN,12,11,1,NaN,NaN,NaN
23689.3839,0,-9.3502,3,5.5344,25,-3,303,12,6,7,NaN,NaN,NaN,11,7,5,NaN,NaN,NaN
23726.0919,0,-9.348,3,5.5344,25,-3,303,12,6,6,NaN,NaN,NaN,11,7,4,NaN,NaN,NaN
23779.5162,0,-9.3048,3,5.1141,25,-3,303,12,2,11,NaN,NaN,NaN,11,3,9,NaN,NaN,NaN
23891.0983,0,-9.2966,3,5.1103,25,-3,303,12,1,11,NaN,NaN,NaN,11,2,9,NaN,NaN,NaN
23910.6799,0,-8.0248,3,3.0018,19,-3,303,9,6,3,NaN,NaN,NaN,8,5,3,NaN,NaN,NaN
23916.6436,0,-8.0248,3,3.0016,19,-3,303,9,6,4,NaN,NaN,NaN,8,5,4,NaN,NaN,NaN
23974.5467,0,-8.734,3,4.3813,23,-3,303,11,3,8,NaN,NaN,NaN,10,4,6,NaN,NaN,NaN
23982.3379,0,-10.2016,3,2.2019,17,-3,303,8,5,3,NaN,NaN,NaN,7,2,5,NaN,NaN,NaN
24028.294,0,-9.9317,3,6.9636,27,-3,303,13,9,5,NaN,NaN,NaN,12,10,3,NaN,NaN,NaN
24028.3051,0,-9.9317,3,6.9636,27,-3,303,13,9,4,NaN,NaN,NaN,12,10,2,NaN,NaN,NaN
24189.8949,0,-10.8695,3,7.4473,29,-3,303,14,4,10,NaN,NaN,NaN,13,7,6,NaN,NaN,NaN
24325.6896,0,-9.1644,3,5.4057,25,-3,303,12,5,8,NaN,NaN,NaN,11,6,6,NaN,NaN,NaN
24440.3396,0,-10.9073,3,8.6536,29,-3,303,14,12,2,NaN,NaN,NaN,13,13,0,NaN,NaN,NaN
24440.3396,0,-10.9073,3,8.6536,29,-3,303,14,12,3,NaN,NaN,NaN,13,13,1,NaN,NaN,NaN
24455.329,0,-9.1063,3,5.2053,25,-3,303,12,3,10,NaN,NaN,NaN,11,4,8,NaN,NaN,NaN
24527.1927,0,-7.9739,3,3.1117,19,-3,303,9,7,2,NaN,NaN,NaN,8,6,2,NaN,NaN,NaN
24527.3839,0,-7.9739,3,3.1117,19,-3,303,9,7,3,NaN,NaN,NaN,8,6,3,NaN,NaN,NaN
24622.3552,0,-8.0789,3,3.5098,21,-3,303,10,3,7,NaN,NaN,NaN,9,2,7,NaN,NaN,NaN
24633.867,0,-10.7204,3,7.2331,29,-3,303,14,2,12,NaN,NaN,NaN,13,5,8,NaN,NaN,NaN
24643.6481,0,-9.1355,3,5.4061,25,-3,303,12,5,7,NaN,NaN,NaN,11,6,5,NaN,NaN,NaN
24668.0238,0,-10.8064,3,2.0891,17,-3,303,8,4,5,NaN,NaN,NaN,7,1,7,NaN,NaN,NaN
24671.1905,0,-9.0572,3,5.2979,25,-3,303,12,4,9,NaN,NaN,NaN,11,5,7,NaN,NaN,NaN
24679.2454,0,-9.6645,3,6.7721,27,-3,303,13,8,6,NaN,NaN,NaN,12,9,4,NaN,NaN,NaN
24679.5962,0,-9.6645,3,6.7721,27,-3,303,13,8,5,NaN,NaN,NaN,12,9,3,NaN,NaN,NaN
24720.5206,0,-8.028,3,3.5567,21,-3,303,10,4,6,NaN,NaN,NaN,9,3,6,NaN,NaN,NaN
24809.432,0,-9.6791,3,5.9073,27,-3,303,13,1,13,NaN,NaN,NaN,12,2,11,NaN,NaN,NaN
24812.4688,0,-9.679,3,5.9072,27,-3,303,13,0,13,NaN,NaN,NaN,12,1,11,NaN,NaN,NaN
25034.1735,0,-8.2307,3,3.4388,21,-3,303,10,2,8,NaN,NaN,NaN,9,1,8,NaN,NaN,NaN
25068.4051,0,-10.3818,3,8.4005,29,-3,303,14,11,3,NaN,NaN,NaN,13,12,1,NaN,NaN,NaN
25068.4051,0,-10.3818,3,8.4005,29,-3,303,14,11,4,NaN,NaN,NaN,13,12,2,NaN,NaN,NaN
25124.6083,0,-9.0106,3,5.181,25,-3,303,12,2,10,NaN,NaN,NaN,11,3,8,NaN,NaN,NaN
25136.4501,0,-7.9245,3,3.2427,19,-3,303,9,8,1,NaN,NaN,NaN,8,7,1,NaN,NaN,NaN
25136.4531,0,-7.9245,3,3.2427,19,-3,303,9,8,2,NaN,NaN,NaN,8,7,2,NaN,NaN,NaN
25166.1534,0,-10.6152,3,2.1621,17,-3,303,8,5,4,NaN,NaN,NaN,7,2,6,NaN,NaN,NaN
25211.3314,0,-8.2294,3,3.44,21,-3,303,10,3,8,NaN,NaN,NaN,9,2,8,NaN,NaN,NaN
25276.1245,0,-8.1035,3,3.5218,21,-3,303,10,4,7,NaN,NaN,NaN,9,3,7,NaN,NaN,NaN
25294.0277,0,-8.4906,3,3.3449,21,-3,303,10,1,9,NaN,NaN,NaN,9,0,9,NaN,NaN,NaN
25308.9554,0,-8.4902,3,3.3449,21,-3,303,10,2,9,NaN,NaN,NaN,9,1,9,NaN,NaN,NaN
25351.9301,0,-9.4429,3,6.6015,27,-3,303,13,7,7,NaN,NaN,NaN,12,8,5,NaN,NaN,NaN
25359.1317,0,-9.4425,3,6.6015,27,-3,303,13,7,6,NaN,NaN,NaN,12,8,4,NaN,NaN,NaN
25375.0836,0,-10.3646,3,7.3239,29,-3,303,14,3,11,NaN,NaN,NaN,13,6,7,NaN,NaN,NaN
25388.952,0,-9.6702,3,2.7618,19,-3,303,9,4,5,NaN,NaN,NaN,8,1,7,NaN,NaN,NaN
25451.517,0,-8.0343,3,3.6087,21,-3,303,10,5,5,NaN,NaN,NaN,9,4,5,NaN,NaN,NaN
25637.0187,0,-8.0406,3,3.6003,21,-3,303,10,5,6,NaN,NaN,NaN,9,4,6,NaN,NaN,NaN
25637.6278,0,-9.3395,3,6.021,27,-3,303,13,2,12,NaN,NaN,NaN,12,3,10,NaN,NaN,NaN
25694.4892,0,-9.3361,3,6.0191,27,-3,303,13,1,12,NaN,NaN,NaN,12,2,10,NaN,NaN,NaN
25703.4765,0,-10.0342,3,8.168,29,-3,303,14,10,5,NaN,NaN,NaN,13,11,3,NaN,NaN,NaN
25703.4778,0,-10.0342,3,8.168,29,-3,303,14,10,4,NaN,NaN,NaN,13,11,2,NaN,NaN,NaN
25744.3883,0,-7.8779,3,3.3945,19,-3,303,9,9,0,NaN,NaN,NaN,8,8,0,NaN,NaN,NaN
25744.3883,0,-7.8779,3,3.3945,19,-3,303,9,9,1,NaN,NaN,NaN,8,8,1,NaN,NaN,NaN
25797.0777,0,-8.8539,3,5.3032,25,-3,303,12,4,8,NaN,NaN,NaN,11,5,6,NaN,NaN,NaN
26039.4639,0,-9.2512,3,6.4522,27,-3,303,13,6,8,NaN,NaN,NaN,12,7,6,NaN,NaN,NaN
26130.0634,0,-9.2457,3,6.4522,27,-3,303,13,6,7,NaN,NaN,NaN,12,7,5,NaN,NaN,NaN
26131.2095,0,-8.7261,3,5.2333,25,-3,303,12,3,9,NaN,NaN,NaN,11,4,7,NaN,NaN,NaN
26133.9455,0,-10.8528,3,2.24,17,-3,303,8,6,2,NaN,NaN,NaN,7,3,4,NaN,NaN,NaN
26143.5212,0,-9.8545,3,2.8188,19,-3,303,9,5,4,NaN,NaN,NaN,8,2,6,NaN,NaN,NaN
26180.765,0,-7.9968,3,3.6908,21,-3,303,10,6,4,NaN,NaN,NaN,9,5,4,NaN,NaN,NaN
26200.0913,0,-7.9967,3,3.69,21,-3,303,10,6,5,NaN,NaN,NaN,9,5,5,NaN,NaN,NaN
26274.6002,0,-10.4987,3,2.6803,19,-3,303,9,3,6,NaN,NaN,NaN,8,0,8,NaN,NaN,NaN
26349.5188,0,-9.7671,3,7.9561,29,-3,303,14,9,6,NaN,NaN,NaN,13,10,4,NaN,NaN,NaN
26349.5685,0,-9.7671,3,7.9561,29,-3,303,14,9,5,NaN,NaN,NaN,13,10,3,NaN,NaN,NaN
26399.6552,0,-9.1307,3,6.1209,27,-3,303,13,3,11,NaN,NaN,NaN,12,4,9,NaN,NaN,NaN
26498.3081,0,-10.8965,3,2.2278,17,-3,303,8,6,3,NaN,NaN,NaN,7,3,5,NaN,NaN,NaN
26623.7541,0,-9.0964,3,6.3246,27,-3,303,13,5,9,NaN,NaN,NaN,12,6,7,NaN,NaN,NaN
26654.5157,0,-9.722,3,6.8762,29,-3,303,14,1,14,NaN,NaN,NaN,13,2,12,NaN,NaN,NaN
26655.7966,0,-9.722,3,6.8762,29,-3,303,14,0,14,NaN,NaN,NaN,13,1,12,NaN,NaN,NaN
26802.5884,0,-9.0381,3,6.2171,27,-3,303,13,4,10,NaN,NaN,NaN,12,5,8,NaN,NaN,NaN
26810.2241,0,-7.9534,3,3.7994,21,-3,303,10,7,3,NaN,NaN,NaN,9,6,3,NaN,NaN,NaN
26811.1397,0,-7.9534,3,3.7994,21,-3,303,10,7,4,NaN,NaN,NaN,9,6,4,NaN,NaN,NaN
26849.8597,0,-9.0844,3,6.1049,27,-3,303,13,2,11,NaN,NaN,NaN,12,3,9,NaN,NaN,NaN
27013.4689,0,-9.5463,3,7.7651,29,-3,303,14,8,7,NaN,NaN,NaN,13,9,5,NaN,NaN,NaN
27014.7053,0,-9.5462,3,7.7651,29,-3,303,14,8,6,NaN,NaN,NaN,13,9,4,NaN,NaN,NaN
27045.7001,0,-7.9931,3,4.3311,23,-3,303,11,4,7,NaN,NaN,NaN,10,3,7,NaN,NaN,NaN
27196.7915,0,-8.0774,3,4.2738,23,-3,303,11,3,8,NaN,NaN,NaN,10,2,8,NaN,NaN,NaN
27198.9452,0,-9.0355,3,6.3259,27,-3,303,13,5,8,NaN,NaN,NaN,12,6,6,NaN,NaN,NaN
27422.069,0,-7.9106,3,3.9298,21,-3,303,10,8,2,NaN,NaN,NaN,9,7,2,NaN,NaN,NaN
27422.0918,0,-7.9106,3,3.9298,21,-3,303,10,8,3,NaN,NaN,NaN,9,7,3,NaN,NaN,NaN
27486.6226,0,-9.3871,3,7.0015,29,-3,303,14,2,13,NaN,NaN,NaN,13,3,11,NaN,NaN,NaN
27514.1835,0,-9.3857,3,7.0005,29,-3,303,14,1,13,NaN,NaN,NaN,13,2,11,NaN,NaN,NaN
27579.3243,0,-10.7892,3,2.6804,19,-3,303,9,4,6,NaN,NaN,NaN,8,1,8,NaN,NaN,NaN
27631.687,0,-8.2238,3,4.1886,23,-3,303,11,2,9,NaN,NaN,NaN,10,1,9,NaN,NaN,NaN
27636.7589,0,-8.0041,3,4.3813,23,-3,303,11,5,6,NaN,NaN,NaN,10,4,6,NaN,NaN,NaN
27703.142,0,-9.3548,3,7.5953,29,-3,303,14,7,8,NaN,NaN,NaN,13,8,6,NaN,NaN,NaN
27712.3966,0,-8.09,3,4.2809,23,-3,303,11,4,8,NaN,NaN,NaN,10,3,8,NaN,NaN,NaN
27723.384,0,-9.3539,3,7.5953,29,-3,303,14,7,7,NaN,NaN,NaN,13,8,5,NaN,NaN,NaN
27730.3509,0,-8.2223,3,4.1891,23,-3,303,11,3,9,NaN,NaN,NaN,10,2,9,NaN,NaN,NaN
27755.2685,0,-10.4503,3,2.7642,19,-3,303,9,5,5,NaN,NaN,NaN,8,2,7,NaN,NaN,NaN
27843.6666,0,-8.4859,3,4.0826,23,-3,303,11,1,10,NaN,NaN,NaN,10,0,10,NaN,NaN,NaN
27850.3454,0,-8.4857,3,4.0826,23,-3,303,11,2,10,NaN,NaN,NaN,10,1,10,NaN,NaN,NaN
27970.2277,0,-8.0223,3,4.3649,23,-3,303,11,5,7,NaN,NaN,NaN,10,4,7,NaN,NaN,NaN
28030.7832,0,-7.8697,3,4.0812,21,-3,303,10,9,1,NaN,NaN,NaN,9,8,1,NaN,NaN,NaN
28030.7835,0,-7.8697,3,4.0812,21,-3,303,10,9,2,NaN,NaN,NaN,9,8,2,NaN,NaN,NaN
28116.0383,0,-8.7877,3,6.1637,27,-3,303,13,3,10,NaN,NaN,NaN,12,4,8,NaN,NaN,NaN
28183.4592,0,-10.5016,3,2.8593,19,-3,303,9,6,3,NaN,NaN,NaN,8,3,5,NaN,NaN,NaN
28256.4184,0,-9.7519,3,3.4388,21,-3,303,10,4,6,NaN,NaN,NaN,9,1,8,NaN,NaN,NaN
28272.0587,0,-8.7586,3,6.2282,27,-3,303,13,4,9,NaN,NaN,NaN,12,5,7,NaN,NaN,NaN
28303.2796,0,-9.1755,3,7.1111,29,-3,303,14,3,12,NaN,NaN,NaN,13,4,10,NaN,NaN,NaN
28388.8093,0,-9.1863,3,7.4471,29,-3,303,14,6,9,NaN,NaN,NaN,13,7,7,NaN,NaN,NaN
28416.5365,0,-9.6075,3,3.5098,21,-3,303,10,5,5,NaN,NaN,NaN,9,2,7,NaN,NaN,NaN
28433.6141,0,-7.9824,3,4.4577,23,-3,303,11,6,5,NaN,NaN,NaN,10,5,5,NaN,NaN,NaN
28485.8113,0,-7.9825,3,4.4555,23,-3,303,11,6,6,NaN,NaN,NaN,10,5,6,NaN,NaN,NaN
28578.2413,0,-9.1547,3,7.1015,29,-3,303,14,2,12,NaN,NaN,NaN,13,3,10,NaN,NaN,NaN
28587.7643,0,-9.1737,3,7.4473,29,-3,303,14,6,8,NaN,NaN,NaN,13,7,6,NaN,NaN,NaN
28638.6424,0,-7.8317,3,4.2532,21,-3,303,10,10,0,NaN,NaN,NaN,9,9,0,NaN,NaN,NaN
28638.6424,0,-7.8317,3,4.2532,21,-3,303,10,10,1,NaN,NaN,NaN,9,9,1,NaN,NaN,NaN
28842.0802,0,-10.6088,3,2.8373,19,-3,303,9,6,4,NaN,NaN,NaN,8,3,6,NaN,NaN,NaN
28868.542,0,-9.0524,3,7.2127,29,-3,303,14,4,11,NaN,NaN,NaN,13,5,9,NaN,NaN,NaN
28882.2197,0,-9.063,3,7.3208,29,-3,303,14,5,10,NaN,NaN,NaN,13,6,8,NaN,NaN,NaN
29089.402,0,-7.9459,3,4.5641,23,-3,303,11,7,4,NaN,NaN,NaN,10,6,4,NaN,NaN,NaN
29092.8675,0,-7.9459,3,4.564,23,-3,303,11,7,5,NaN,NaN,NaN,10,6,5,NaN,NaN,NaN
29459.29,0,-7.988,3,5.181,25,-3,303,12,4,8,NaN,NaN,NaN,11,3,8,NaN,NaN,NaN
29567.4762,0,-10.6674,3,3.3449,21,-3,303,10,3,7,NaN,NaN,NaN,9,0,9,NaN,NaN,NaN
29706.3817,0,-7.909,3,4.6937,23,-3,303,11,8,3,NaN,NaN,NaN,10,7,3,NaN,NaN,NaN
29706.5066,0,-7.909,3,4.6937,23,-3,303,11,8,4,NaN,NaN,NaN,10,7,4,NaN,NaN,NaN
29798.6909,0,-8.9491,3,7.3239,29,-3,303,14,5,9,NaN,NaN,NaN,13,6,7,NaN,NaN,NaN
29818.6711,0,-8.0916,3,5.1103,25,-3,303,12,3,9,NaN,NaN,NaN,11,2,9,NaN,NaN,NaN
29825.7435,0,-7.9827,3,5.2333,25,-3,303,12,5,7,NaN,NaN,NaN,11,4,7,NaN,NaN,NaN
29951.0925,0,-8.8891,3,7.1712,29,-3,303,14,3,11,NaN,NaN,NaN,13,4,9,NaN,NaN,NaN
