2630.5481,-1,303,1,1,0,NaN,NaN,NaN,0,0,0,NaN,NaN,NaN,1
263.6998,-1.224745,303,1,1,1,NaN,NaN,NaN,1,0,1,NaN,NaN,NaN,1
4193.0388,-0.55606,303,2,0,2,NaN,NaN,NaN,1,1,0,NaN,NaN,NaN,1
5456.4161,1.300307,303,2,2,0,NaN,NaN,NaN,1,1,0,NaN,NaN,NaN,1
195.3198,1.678689,303,2,1,2,NaN,NaN,NaN,2,0,2,NaN,NaN,NaN,1
1068.0574,-0.7178703,303,2,2,0,NaN,NaN,NaN,2,1,2,NaN,NaN,NaN,1
4997.3964,1.224745,303,2,1,1,NaN,NaN,NaN,1,0,1,NaN,NaN,NaN,1
5524.7961,-1.224745,303,2,2,1,NaN,NaN,NaN,1,1,1,NaN,NaN,NaN,1
791.0995,0.9128709,303,2,2,1,NaN,NaN,NaN,2,1,1,NaN,NaN,NaN,1
7891.6444,1.290994,303,3,2,2,NaN,NaN,NaN,2,1,2,NaN,NaN,NaN,1
7412.7108,-1.365821,303,3,1,2,NaN,NaN,NaN,2,0,2,NaN,NaN,NaN,1
6149.3335,0.4537942,303,3,1,2,NaN,NaN,NaN,2,2,0,NaN,NaN,NaN,1
9633.9552,-0.08563992,303,3,3,0,NaN,NaN,NaN,2,0,2,NaN,NaN,NaN,1
8370.578,-1.608706,303,3,3,0,NaN,NaN,NaN,2,2,0,NaN,NaN,NaN,1
674.2534,-1.274777,303,3,2,2,NaN,NaN,NaN,3,1,2,NaN,NaN,NaN,1
1546.991,0.8415924,303,3,3,0,NaN,NaN,NaN,3,2,2,NaN,NaN,NaN,1
5651.6764,-0.3106283,303,3,1,3,NaN,NaN,NaN,2,2,1,NaN,NaN,NaN,1
8386.1371,1.603177,303,3,3,1,NaN,NaN,NaN,2,2,1,NaN,NaN,NaN,1
6319.9974,0.6503735,303,3,0,3,NaN,NaN,NaN,2,1,1,NaN,NaN,NaN,1
7717.8161,-1.497892,303,3,2,1,NaN,NaN,NaN,2,1,1,NaN,NaN,NaN,1
122.7785,-2.121212,303,3,1,3,NaN,NaN,NaN,3,0,3,NaN,NaN,NaN,1
2857.2391,-0.1011602,303,3,3,1,NaN,NaN,NaN,3,0,3,NaN,NaN,NaN,1
1275.0402,0.7626276,303,3,2,1,NaN,NaN,NaN,3,1,3,NaN,NaN,NaN,1
1459.4205,-0.8613695,303,3,3,1,NaN,NaN,NaN,3,2,1,NaN,NaN,NaN,1
8337.3332,-0.6346876,303,4,0,4,NaN,NaN,NaN,3,1,2,NaN,NaN,NaN,1
6116.0887,-0.05260954,303,4,0,4,NaN,NaN,NaN,3,3,0,NaN,NaN,NaN,1
10013.4372,1.702479,303,4,2,2,NaN,NaN,NaN,3,1,2,NaN,NaN,NaN,1
7792.1927,-0.3427863,303,4,2,2,NaN,NaN,NaN,3,3,0,NaN,NaN,NaN,1
13493.0922,0.04780666,303,4,4,0,NaN,NaN,NaN,3,1,2,NaN,NaN,NaN,1
11271.8478,1.89108,303,4,4,0,NaN,NaN,NaN,3,3,0,NaN,NaN,NaN,1
7729.6702,0.4198312,303,4,1,4,NaN,NaN,NaN,3,2,2,NaN,NaN,NaN,1
10696.502,-1.680399,303,4,3,2,NaN,NaN,NaN,3,2,2,NaN,NaN,NaN,1
66.5904,2.536668,303,4,1,4,NaN,NaN,NaN,4,0,4,NaN,NaN,NaN,1
1609.5136,-0.668792,303,4,2,2,NaN,NaN,NaN,4,1,4,NaN,NaN,NaN,1
5089.1686,-0.02769597,303,4,4,0,NaN,NaN,NaN,4,1,4,NaN,NaN,NaN,1
3033.4223,0.1877274,303,4,3,2,NaN,NaN,NaN,4,0,4,NaN,NaN,NaN,1
1357.3182,1.150666,303,4,3,2,NaN,NaN,NaN,4,2,2,NaN,NaN,NaN,1
2122.3368,-0.8706269,303,4,4,0,NaN,NaN,NaN,4,3,2,NaN,NaN,NaN,1
9889.3223,1.42769,303,4,1,3,NaN,NaN,NaN,3,0,3,NaN,NaN,NaN,1
8491.5036,-0.7154175,303,4,1,3,NaN,NaN,NaN,3,2,1,NaN,NaN,NaN,1
12025.4817,0.1701224,303,4,3,1,NaN,NaN,NaN,3,0,3,NaN,NaN,NaN,1
10627.6631,1.709075,303,4,3,1,NaN,NaN,NaN,3,2,1,NaN,NaN,NaN,1
10297.8055,-1.349585,303,4,2,3,NaN,NaN,NaN,3,1,3,NaN,NaN,NaN,1
7563.3448,0.3207678,303,4,2,3,NaN,NaN,NaN,3,3,1,NaN,NaN,NaN,1
14008.4398,-0.03142188,303,4,4,1,NaN,NaN,NaN,3,1,3,NaN,NaN,NaN,1
11273.9792,-1.890698,303,4,4,1,NaN,NaN,NaN,3,3,1,NaN,NaN,NaN,1
531.2617,1.614555,303,4,2,3,NaN,NaN,NaN,4,1,3,NaN,NaN,NaN,1
1604.8978,-1.06279,303,4,3,1,NaN,NaN,NaN,4,2,3,NaN,NaN,NaN,1
4241.896,0.054741,303,4,4,1,NaN,NaN,NaN,4,1,3,NaN,NaN,NaN,1
2105.7366,0.8721773,303,4,4,1,NaN,NaN,NaN,4,3,1,NaN,NaN,NaN,1
12741.0907,1.392112,303,5,2,4,NaN,NaN,NaN,4,1,4,NaN,NaN,NaN,1
9774.2588,-0.4827706,303,5,2,4,NaN,NaN,NaN,4,3,2,NaN,NaN,NaN,1
16531.2224,0.05505302,303,5,4,2,NaN,NaN,NaN,4,1,4,NaN,NaN,NaN,1
13564.3906,1.955997,303,5,4,2,NaN,NaN,NaN,4,3,2,NaN,NaN,NaN,1
12428.3502,-1.439383,303,5,1,4,NaN,NaN,NaN,4,0,4,NaN,NaN,NaN,1
10752.2462,0.8857073,303,5,1,4,NaN,NaN,NaN,4,2,2,NaN,NaN,NaN,1
7272.5912,0.03212798,303,5,1,4,NaN,NaN,NaN,4,4,0,NaN,NaN,NaN,1
14538.8006,-0.2294123,303,5,3,2,NaN,NaN,NaN,4,0,4,NaN,NaN,NaN,1
12862.6966,-1.851284,303,5,3,2,NaN,NaN,NaN,4,2,2,NaN,NaN,NaN,1
9383.0416,0.2972281,303,5,3,2,NaN,NaN,NaN,4,4,0,NaN,NaN,NaN,1
19322.9341,-0.004941357,303,5,5,0,NaN,NaN,NaN,4,0,4,NaN,NaN,NaN,1
17646.8301,-0.0319471,303,5,5,0,NaN,NaN,NaN,4,2,2,NaN,NaN,NaN,1
14167.1751,-2.13855,303,5,5,0,NaN,NaN,NaN,4,4,0,NaN,NaN,NaN,1
379.3309,-1.977733,303,5,2,4,NaN,NaN,NaN,5,1,4,NaN,NaN,NaN,1
4169.4627,-0.1295987,303,5,4,2,NaN,NaN,NaN,5,1,4,NaN,NaN,NaN,1
1731.1196,1.128868,303,5,3,2,NaN,NaN,NaN,5,2,4,NaN,NaN,NaN,1
2059.0122,-1.162143,303,5,4,2,NaN,NaN,NaN,5,3,2,NaN,NaN,NaN,1
6515.253,0.02547091,303,5,5,0,NaN,NaN,NaN,5,2,4,NaN,NaN,NaN,1
2725.1212,0.8829157,303,5,5,0,NaN,NaN,NaN,5,4,2,NaN,NaN,NaN,1
9750.4454,-0.4755435,303,5,1,5,NaN,NaN,NaN,4,2,3,NaN,NaN,NaN,1
6039.811,-0.01223649,303,5,1,5,NaN,NaN,NaN,4,4,1,NaN,NaN,NaN,1
13031.9929,1.764196,303,5,3,3,NaN,NaN,NaN,4,2,3,NaN,NaN,NaN,1
9321.3585,-0.2952108,303,5,3,3,NaN,NaN,NaN,4,4,1,NaN,NaN,NaN,1
17878.0471,0.0298037,303,5,5,1,NaN,NaN,NaN,4,2,3,NaN,NaN,NaN,1
14167.4127,2.138524,303,5,5,1,NaN,NaN,NaN,4,4,1,NaN,NaN,NaN,1
10249.3509,0.5888481,303,5,0,5,NaN,NaN,NaN,4,1,3,NaN,NaN,NaN,1
8113.1914,0.08841737,303,5,0,5,NaN,NaN,NaN,4,3,1,NaN,NaN,NaN,1
12362.873,-1.865903,303,5,2,3,NaN,NaN,NaN,4,1,3,NaN,NaN,NaN,1
10226.7136,0.561835,303,5,2,3,NaN,NaN,NaN,4,3,1,NaN,NaN,NaN,1
15686.5491,-0.1084449,303,5,4,1,NaN,NaN,NaN,4,1,3,NaN,NaN,NaN,1
13550.3897,-1.95868,303,5,4,1,NaN,NaN,NaN,4,3,1,NaN,NaN,NaN,1
32.3562,-2.907669,303,5,1,5,NaN,NaN,NaN,5,0,5,NaN,NaN,NaN,1
3313.9037,-0.2491562,303,5,3,3,NaN,NaN,NaN,5,0,5,NaN,NaN,NaN,1
8159.9579,-0.004875516,303,5,5,1,NaN,NaN,NaN,5,0,5,NaN,NaN,NaN,1
2081.1659,0.5429947,303,5,2,3,NaN,NaN,NaN,5,1,5,NaN,NaN,NaN,1
1200.3815,-1.38177,303,5,3,3,NaN,NaN,NaN,5,2,3,NaN,NaN,NaN,1
6046.4358,-0.03012883,303,5,5,1,NaN,NaN,NaN,5,2,3,NaN,NaN,NaN,1
5404.8421,0.04917378,303,5,4,1,NaN,NaN,NaN,5,1,5,NaN,NaN,NaN,1
2123.2946,1.153032,303,5,4,1,NaN,NaN,NaN,5,3,3,NaN,NaN,NaN,1
2722.7596,-0.8830369,303,5,5,1,NaN,NaN,NaN,5,4,1,NaN,NaN,NaN,1
12083.7629,-0.5519668,303,6,0,6,NaN,NaN,NaN,5,1,4,NaN,NaN,NaN,1
9973.3125,-0.1042746,303,6,0,6,NaN,NaN,NaN,5,3,2,NaN,NaN,NaN,1
5189.179,-0.002253332,303,6,0,6,NaN,NaN,NaN,5,5,0,NaN,NaN,NaN,1
14777.6734,1.968043,303,6,2,4,NaN,NaN,NaN,5,1,4,NaN,NaN,NaN,1
12667.223,-0.7786127,303,6,2,4,NaN,NaN,NaN,5,3,2,NaN,NaN,NaN,1
7883.0895,-0.01580312,303,6,2,4,NaN,NaN,NaN,5,5,0,NaN,NaN,NaN,1
17922.1889,0.1912498,303,6,4,2,NaN,NaN,NaN,5,1,4,NaN,NaN,NaN,1
15811.7384,2.04672,303,6,4,2,NaN,NaN,NaN,5,3,2,NaN,NaN,NaN,1
11027.605,-0.2704577,303,6,4,2,NaN,NaN,NaN,5,5,0,NaN,NaN,NaN,1
23956.1664,0.002827197,303,6,6,0,NaN,NaN,NaN,5,1,4,NaN,NaN,NaN,1
21845.716,0.02607266,303,6,6,0,NaN,NaN,NaN,5,3,2,NaN,NaN,NaN,1
17061.5825,2.360501,303,6,6,0,NaN,NaN,NaN,5,5,0,NaN,NaN,NaN,1
11719.0353,0.5022379,303,6,1,6,NaN,NaN,NaN,5,2,4,NaN,NaN,NaN,1
7928.9035,0.02188591,303,6,1,6,NaN,NaN,NaN,5,4,2,NaN,NaN,NaN,1
15399.2322,-1.840405,303,6,3,4,NaN,NaN,NaN,5,2,4,NaN,NaN,NaN,1
11609.1004,0.4662681,303,6,3,4,NaN,NaN,NaN,5,4,2,NaN,NaN,NaN,1
20244.002,-0.05659846,303,6,5,2,NaN,NaN,NaN,5,2,4,NaN,NaN,NaN,1
16453.8702,-2.192315,303,6,5,2,NaN,NaN,NaN,5,4,2,NaN,NaN,NaN,1
14.6033,3.237087,303,6,1,6,NaN,NaN,NaN,6,0,6,NaN,NaN,NaN,1
2679.3073,-0.4365249,303,6,2,4,NaN,NaN,NaN,6,1,6,NaN,NaN,NaN,1
5823.8227,-0.06504273,303,6,4,2,NaN,NaN,NaN,6,1,6,NaN,NaN,NaN,1
11857.8003,-0.0009644525,303,6,6,0,NaN,NaN,NaN,6,1,6,NaN,NaN,NaN,1
3694.8002,0.2793033,303,6,3,4,NaN,NaN,NaN,6,0,6,NaN,NaN,NaN,1
1000.8896,1.621069,303,6,3,4,NaN,NaN,NaN,6,2,4,NaN,NaN,NaN,1
2143.6258,-1.320039,303,6,4,2,NaN,NaN,NaN,6,3,4,NaN,NaN,NaN,1
8177.6034,-0.02037385,303,6,6,0,NaN,NaN,NaN,6,3,4,NaN,NaN,NaN,1
8539.57,0.01011953,303,6,5,2,NaN,NaN,NaN,6,0,6,NaN,NaN,NaN,1
5845.6594,0.07095725,303,6,5,2,NaN,NaN,NaN,6,2,4,NaN,NaN,NaN,1
2701.144,1.188554,303,6,5,2,NaN,NaN,NaN,6,4,2,NaN,NaN,NaN,1
3332.8336,-0.8906324,303,6,6,0,NaN,NaN,NaN,6,5,2,NaN,NaN,NaN,1
15007.5754,1.439455,303,6,1,5,NaN,NaN,NaN,5,0,5,NaN,NaN,NaN,1
12894.0533,-0.942812,303,6,1,5,NaN,NaN,NaN,5,2,3,NaN,NaN,NaN,1
9570.3771,-0.07489462,303,6,1,5,NaN,NaN,NaN,5,4,1,NaN,NaN,NaN,1
17212.8936,0.2380141,303,6,3,3,NaN,NaN,NaN,5,0,5,NaN,NaN,NaN,1
15099.3715,2.025916,303,6,3,3,NaN,NaN,NaN,5,2,3,NaN,NaN,NaN,1
11775.6953,-0.4767151,303,6,3,3,NaN,NaN,NaN,5,4,1,NaN,NaN,NaN,1
21889.0182,0.01082754,303,6,5,1,NaN,NaN,NaN,5,0,5,NaN,NaN,NaN,1
19775.496,0.06693124,303,6,5,1,NaN,NaN,NaN,5,2,3,NaN,NaN,NaN,1
16451.8199,2.192553,303,6,5,1,NaN,NaN,NaN,5,4,1,NaN,NaN,NaN,1
15217.0034,-1.420023,303,6,2,5,NaN,NaN,NaN,5,1,5,NaN,NaN,NaN,1
11935.4559,0.5959851,303,6,2,5,NaN,NaN,NaN,5,3,3,NaN,NaN,NaN,1
7089.4017,0.01142154,303,6,2,5,NaN,NaN,NaN,5,5,1,NaN,NaN,NaN,1
19143.9035,-0.07377039,303,6,4,3,NaN,NaN,NaN,5,1,5,NaN,NaN,NaN,1
15862.356,-2.035619,303,6,4,3,NaN,NaN,NaN,5,3,3,NaN,NaN,NaN,1
11016.3018,0.2702864,303,6,4,3,NaN,NaN,NaN,5,5,1,NaN,NaN,NaN,1
25189.208,-0.001076261,303,6,6,1,NaN,NaN,NaN,5,1,5,NaN,NaN,NaN,1
21907.6606,-0.02589004,303,6,6,1,NaN,NaN,NaN,5,3,3,NaN,NaN,NaN,1
17061.6063,-2.360499,303,6,6,1,NaN,NaN,NaN,5,5,1,NaN,NaN,NaN,1
241.7842,2.362672,303,6,2,5,NaN,NaN,NaN,6,1,5,NaN,NaN,NaN,1
1963.534,-1.073894,303,6,3,3,NaN,NaN,NaN,6,2,5,NaN,NaN,NaN,1
6639.6586,-0.05126759,303,6,5,1,NaN,NaN,NaN,6,2,5,NaN,NaN,NaN,1
4168.6843,0.2265993,303,6,4,3,NaN,NaN,NaN,6,1,5,NaN,NaN,NaN,1
1963.3661,1.356311,303,6,4,3,NaN,NaN,NaN,6,3,3,NaN,NaN,NaN,1
2712.7585,-1.187697,303,6,5,1,NaN,NaN,NaN,6,4,3,NaN,NaN,NaN,1
10213.9888,0.003312108,303,6,6,1,NaN,NaN,NaN,6,1,5,NaN,NaN,NaN,1
8008.6706,0.02085927,303,6,6,1,NaN,NaN,NaN,6,3,3,NaN,NaN,NaN,1
3332.5461,0.8906418,303,6,6,1,NaN,NaN,NaN,6,5,1,NaN,NaN,NaN,1
17718.8418,1.437527,303,7,2,6,NaN,NaN,NaN,6,1,6,NaN,NaN,NaN,1
14038.6449,-0.6708906,303,7,2,6,NaN,NaN,NaN,6,3,4,NaN,NaN,NaN,1
9193.8751,-0.02368523,303,7,2,6,NaN,NaN,NaN,6,5,2,NaN,NaN,NaN,1
21855.1571,0.08527524,303,7,4,4,NaN,NaN,NaN,6,1,6,NaN,NaN,NaN,1
18174.9602,2.119942,303,7,4,4,NaN,NaN,NaN,6,3,4,NaN,NaN,NaN,1
13330.1904,-0.4350131,303,7,4,4,NaN,NaN,NaN,6,5,2,NaN,NaN,NaN,1
27872.6754,0.002349175,303,7,6,2,NaN,NaN,NaN,6,1,6,NaN,NaN,NaN,1
24192.4785,0.04962984,303,7,6,2,NaN,NaN,NaN,6,3,4,NaN,NaN,NaN,1
19347.7087,2.406186,303,7,6,2,NaN,NaN,NaN,6,5,2,NaN,NaN,NaN,1
17595.6608,-1.44371,303,7,1,6,NaN,NaN,NaN,6,0,6,NaN,NaN,NaN,1
14901.7502,0.9144192,303,7,1,6,NaN,NaN,NaN,6,2,4,NaN,NaN,NaN,1
11757.2348,0.1226682,303,7,1,6,NaN,NaN,NaN,6,4,2,NaN,NaN,NaN,1
5723.2572,0.001817329,303,7,1,6,NaN,NaN,NaN,6,6,0,NaN,NaN,NaN,1
20066.7734,-0.2074506,303,7,3,4,NaN,NaN,NaN,6,0,6,NaN,NaN,NaN,1
17372.8628,-2.201603,303,7,3,4,NaN,NaN,NaN,6,2,4,NaN,NaN,NaN,1
14228.3474,0.6431735,303,7,3,4,NaN,NaN,NaN,6,4,2,NaN,NaN,NaN,1
8194.3698,0.009294864,303,7,3,4,NaN,NaN,NaN,6,6,0,NaN,NaN,NaN,1
24569.3826,-0.01664094,303,7,5,2,NaN,NaN,NaN,6,0,6,NaN,NaN,NaN,1
21875.4721,-0.116823,303,7,5,2,NaN,NaN,NaN,6,2,4,NaN,NaN,NaN,1
18730.9566,-2.261101,303,7,5,2,NaN,NaN,NaN,6,4,2,NaN,NaN,NaN,1
12696.9791,0.2502029,303,7,5,2,NaN,NaN,NaN,6,6,0,NaN,NaN,NaN,1
29134.3603,-0.001336416,303,7,7,0,NaN,NaN,NaN,6,2,4,NaN,NaN,NaN,1
25989.8448,-0.02283023,303,7,7,0,NaN,NaN,NaN,6,4,2,NaN,NaN,NaN,1
19955.8673,-2.563399,303,7,7,0,NaN,NaN,NaN,6,6,0,NaN,NaN,NaN,1
137.7843,-2.741645,303,7,2,6,NaN,NaN,NaN,7,1,6,NaN,NaN,NaN,1
4274.0996,-0.3228318,303,7,4,4,NaN,NaN,NaN,7,1,6,NaN,NaN,NaN,1
10291.6179,-0.008922035,303,7,6,2,NaN,NaN,NaN,7,1,6,NaN,NaN,NaN,1
2333.3283,0.9394601,303,7,3,4,NaN,NaN,NaN,7,2,6,NaN,NaN,NaN,1
1802.987,-1.515128,303,7,4,4,NaN,NaN,NaN,7,3,4,NaN,NaN,NaN,1
7820.5053,-0.04563019,303,7,6,2,NaN,NaN,NaN,7,3,4,NaN,NaN,NaN,1
6835.9376,0.0784926,303,7,5,2,NaN,NaN,NaN,7,2,6,NaN,NaN,NaN,1
2699.6223,1.389211,303,7,5,2,NaN,NaN,NaN,7,4,4,NaN,NaN,NaN,1
3317.896,-1.208042,303,7,6,2,NaN,NaN,NaN,7,5,2,NaN,NaN,NaN,1
14094.8258,0.0008989499,303,7,7,0,NaN,NaN,NaN,7,2,6,NaN,NaN,NaN,1
9958.5104,0.01642068,303,7,7,0,NaN,NaN,NaN,7,4,4,NaN,NaN,NaN,1
3940.9922,0.8961587,303,7,7,0,NaN,NaN,NaN,7,6,2,NaN,NaN,NaN,1
13644.3525,-0.5135796,303,7,1,7,NaN,NaN,NaN,6,2,5,NaN,NaN,NaN,1
9717.4524,-0.02917526,303,7,1,7,NaN,NaN,NaN,6,4,3,NaN,NaN,NaN,1
3672.1478,-0.0004257352,303,7,1,7,NaN,NaN,NaN,6,6,1,NaN,NaN,NaN,1
17801.9975,1.902419,303,7,3,5,NaN,NaN,NaN,6,2,5,NaN,NaN,NaN,1
13875.0973,-0.6063369,303,7,3,5,NaN,NaN,NaN,6,4,3,NaN,NaN,NaN,1
7829.7928,-0.008709106,303,7,3,5,NaN,NaN,NaN,6,6,1,NaN,NaN,NaN,1
22667.512,0.08454011,303,7,5,3,NaN,NaN,NaN,6,2,5,NaN,NaN,NaN,1
18740.6119,2.25991,303,7,5,3,NaN,NaN,NaN,6,4,3,NaN,NaN,NaN,1
12695.3074,-0.2501884,303,7,5,3,NaN,NaN,NaN,6,6,1,NaN,NaN,NaN,1
29928.0742,0.0009658468,303,7,7,1,NaN,NaN,NaN,6,2,5,NaN,NaN,NaN,1
26001.1741,0.02281541,303,7,7,1,NaN,NaN,NaN,6,4,3,NaN,NaN,NaN,1
19955.8695,2.563398,303,7,7,1,NaN,NaN,NaN,6,6,1,NaN,NaN,NaN,1
13879.8648,0.5320901,303,7,0,7,NaN,NaN,NaN,6,1,5,NaN,NaN,NaN,1
11674.5467,0.09948157,303,7,0,7,NaN,NaN,NaN,6,3,3,NaN,NaN,NaN,1
6998.4221,0.004541521,303,7,0,7,NaN,NaN,NaN,6,5,1,NaN,NaN,NaN,1
17265.8701,-2.009492,303,7,2,5,NaN,NaN,NaN,6,1,5,NaN,NaN,NaN,1
15060.5519,0.9806607,303,7,2,5,NaN,NaN,NaN,6,3,3,NaN,NaN,NaN,1
10384.4273,0.04032022,303,7,2,5,NaN,NaN,NaN,6,5,1,NaN,NaN,NaN,1
20250.845,-0.280438,303,7,4,3,NaN,NaN,NaN,6,1,5,NaN,NaN,NaN,1
18045.5268,-2.155069,303,7,4,3,NaN,NaN,NaN,6,3,3,NaN,NaN,NaN,1
13369.4022,0.4360536,303,7,4,3,NaN,NaN,NaN,6,5,1,NaN,NaN,NaN,1
26228.8979,-0.008067179,303,7,6,1,NaN,NaN,NaN,6,1,5,NaN,NaN,NaN,1
24023.5797,-0.05081134,303,7,6,1,NaN,NaN,NaN,6,3,3,NaN,NaN,NaN,1
19347.4551,-2.406206,303,7,6,1,NaN,NaN,NaN,6,5,1,NaN,NaN,NaN,1
6.2718,-3.534583,303,7,1,7,NaN,NaN,NaN,7,0,7,NaN,NaN,NaN,1
4163.9168,-0.2864427,303,7,3,5,NaN,NaN,NaN,7,0,7,NaN,NaN,NaN,1
9029.4314,-0.0150894,303,7,5,3,NaN,NaN,NaN,7,0,7,NaN,NaN,NaN,1
3379.7334,0.3610329,303,7,2,5,NaN,NaN,NaN,7,1,7,NaN,NaN,NaN,1
777.9116,-1.897142,303,7,3,5,NaN,NaN,NaN,7,2,5,NaN,NaN,NaN,1
5643.4262,-0.1338679,303,7,5,3,NaN,NaN,NaN,7,2,5,NaN,NaN,NaN,1
12903.9883,-0.001530798,303,7,7,1,NaN,NaN,NaN,7,2,5,NaN,NaN,NaN,1
6364.7083,0.07224111,303,7,4,3,NaN,NaN,NaN,7,1,7,NaN,NaN,NaN,1
2207.0633,1.402321,303,7,4,3,NaN,NaN,NaN,7,3,5,NaN,NaN,NaN,1
2658.4512,-1.393172,303,7,5,3,NaN,NaN,NaN,7,4,3,NaN,NaN,NaN,1
9919.0134,-0.01646188,303,7,7,1,NaN,NaN,NaN,7,4,3,NaN,NaN,NaN,1
12342.7612,0.002090028,303,7,6,1,NaN,NaN,NaN,7,1,7,NaN,NaN,NaN,1
8185.1163,0.04275361,303,7,6,1,NaN,NaN,NaN,7,3,5,NaN,NaN,NaN,1
3319.6017,1.207963,303,7,6,1,NaN,NaN,NaN,7,5,3,NaN,NaN,NaN,1
3940.9605,-0.8961594,303,7,7,1,NaN,NaN,NaN,7,6,1,NaN,NaN,NaN,1
15672.4425,-0.523694,303,8,0,8,NaN,NaN,NaN,7,1,6,NaN,NaN,NaN,1
13201.3299,-0.08262057,303,8,0,8,NaN,NaN,NaN,7,3,4,NaN,NaN,NaN,1
8698.7206,-0.006646285,303,8,0,8,NaN,NaN,NaN,7,5,2,NaN,NaN,NaN,1
19823.0873,2.013041,303,8,2,6,NaN,NaN,NaN,7,1,6,NaN,NaN,NaN,1
17351.9747,-1.121411,303,8,2,6,NaN,NaN,NaN,7,3,4,NaN,NaN,NaN,1
12849.3654,-0.07887005,303,8,2,6,NaN,NaN,NaN,7,5,2,NaN,NaN,NaN,1
5590.4772,-0.0009028274,303,8,2,6,NaN,NaN,NaN,7,7,0,NaN,NaN,NaN,1
22726.1816,0.3416548,303,8,4,4,NaN,NaN,NaN,7,1,6,NaN,NaN,NaN,1
20255.069,2.290151,303,8,4,4,NaN,NaN,NaN,7,3,4,NaN,NaN,NaN,1
15752.4598,-0.582023,303,8,4,4,NaN,NaN,NaN,7,5,2,NaN,NaN,NaN,1
8493.5716,-0.006582786,303,8,4,4,NaN,NaN,NaN,7,7,0,NaN,NaN,NaN,1
28605.0581,0.01598731,303,8,6,2,NaN,NaN,NaN,7,1,6,NaN,NaN,NaN,1
26133.9455,0.08179355,303,8,6,2,NaN,NaN,NaN,7,3,4,NaN,NaN,NaN,1
21631.3362,2.463743,303,8,6,2,NaN,NaN,NaN,7,5,2,NaN,NaN,NaN,1
14372.448,-0.2339404,303,8,6,2,NaN,NaN,NaN,7,7,0,NaN,NaN,NaN,1
34611.6285,0.000764791,303,8,8,0,NaN,NaN,NaN,7,3,4,NaN,NaN,NaN,1
30109.0192,0.02056228,303,8,8,0,NaN,NaN,NaN,7,5,2,NaN,NaN,NaN,1
22850.131,2.751422,303,8,8,0,NaN,NaN,NaN,7,7,0,NaN,NaN,NaN,1
15537.2591,0.517496,303,8,1,8,NaN,NaN,NaN,7,2,6,NaN,NaN,NaN,1
11400.9438,0.03325708,303,8,1,8,NaN,NaN,NaN,7,4,4,NaN,NaN,NaN,1
5383.4255,0.0009164195,303,8,1,8,NaN,NaN,NaN,7,6,2,NaN,NaN,NaN,1
20240.7167,-1.948717,303,8,3,6,NaN,NaN,NaN,7,2,6,NaN,NaN,NaN,1
16104.4014,0.7201918,303,8,3,6,NaN,NaN,NaN,7,4,4,NaN,NaN,NaN,1
10086.8832,0.01938357,303,8,3,6,NaN,NaN,NaN,7,6,2,NaN,NaN,NaN,1
25166.1534,-0.1104146,303,8,5,4,NaN,NaN,NaN,7,2,6,NaN,NaN,NaN,1
21029.8381,-2.336167,303,8,5,4,NaN,NaN,NaN,7,4,4,NaN,NaN,NaN,1
15012.3198,0.4067245,303,8,5,4,NaN,NaN,NaN,7,6,2,NaN,NaN,NaN,1
32395.9164,-0.002366469,303,8,7,2,NaN,NaN,NaN,7,2,6,NaN,NaN,NaN,1
28259.6011,-0.04322917,303,8,7,2,NaN,NaN,NaN,7,4,4,NaN,NaN,NaN,1
22242.0828,-2.603339,303,8,7,2,NaN,NaN,NaN,7,6,2,NaN,NaN,NaN,1
2.6009,3.808005,303,8,1,8,NaN,NaN,NaN,8,0,8,NaN,NaN,NaN,1
4148.0439,-0.3120105,303,8,2,6,NaN,NaN,NaN,8,1,8,NaN,NaN,NaN,1
7051.1383,-0.07005855,303,8,4,4,NaN,NaN,NaN,8,1,8,NaN,NaN,NaN,1
12930.0147,-0.0033037,303,8,6,2,NaN,NaN,NaN,8,1,8,NaN,NaN,NaN,1
4706.0585,0.2807847,303,8,3,6,NaN,NaN,NaN,8,0,8,NaN,NaN,NaN,1
555.4138,2.218698,303,8,3,6,NaN,NaN,NaN,8,2,6,NaN,NaN,NaN,1
2347.6806,-1.396884,303,8,4,4,NaN,NaN,NaN,8,3,6,NaN,NaN,NaN,1
8226.557,-0.06987147,303,8,6,2,NaN,NaN,NaN,8,3,6,NaN,NaN,NaN,1
16704.2401,-0.00065358,303,8,8,0,NaN,NaN,NaN,8,3,6,NaN,NaN,NaN,1
9631.4952,0.01879802,303,8,5,4,NaN,NaN,NaN,8,0,8,NaN,NaN,NaN,1
5480.8504,0.2226306,303,8,5,4,NaN,NaN,NaN,8,2,6,NaN,NaN,NaN,1
2577.756,1.544812,303,8,5,4,NaN,NaN,NaN,8,4,4,NaN,NaN,NaN,1
3301.1204,-1.424822,303,8,6,2,NaN,NaN,NaN,8,5,4,NaN,NaN,NaN,1
11778.8034,-0.01366396,303,8,8,0,NaN,NaN,NaN,8,5,4,NaN,NaN,NaN,1
16861.2582,0.0004030886,303,8,7,2,NaN,NaN,NaN,8,0,8,NaN,NaN,NaN,1
12710.6134,0.00478156,303,8,7,2,NaN,NaN,NaN,8,2,6,NaN,NaN,NaN,1
9807.5191,0.03486318,303,8,7,2,NaN,NaN,NaN,8,4,4,NaN,NaN,NaN,1
3928.6426,1.222293,303,8,7,2,NaN,NaN,NaN,8,6,2,NaN,NaN,NaN,1
4549.0404,-0.900349,303,8,8,0,NaN,NaN,NaN,8,7,2,NaN,NaN,NaN,1
20173.7646,1.450395,303,8,1,7,NaN,NaN,NaN,7,0,7,NaN,NaN,NaN,1
16787.7594,-0.855662,303,8,1,7,NaN,NaN,NaN,7,2,5,NaN,NaN,NaN,1
13802.7844,-0.1589138,303,8,1,7,NaN,NaN,NaN,7,4,3,NaN,NaN,NaN,1
7824.7315,-0.00459133,303,8,1,7,NaN,NaN,NaN,7,6,1,NaN,NaN,NaN,1
23095.5638,0.1652844,303,8,3,5,NaN,NaN,NaN,7,0,7,NaN,NaN,NaN,1
19709.5586,2.341808,303,8,3,5,NaN,NaN,NaN,7,2,5,NaN,NaN,NaN,1
16724.5837,-0.8175597,303,8,3,5,NaN,NaN,NaN,7,4,3,NaN,NaN,NaN,1
10746.5307,-0.02248363,303,8,3,5,NaN,NaN,NaN,7,6,1,NaN,NaN,NaN,1
27368.3431,0.02100908,303,8,5,3,NaN,NaN,NaN,7,0,7,NaN,NaN,NaN,1
23982.3379,0.186994,303,8,5,3,NaN,NaN,NaN,7,2,5,NaN,NaN,NaN,1
20997.363,2.340606,303,8,5,3,NaN,NaN,NaN,7,4,3,NaN,NaN,NaN,1
15019.31,-0.4068266,303,8,5,3,NaN,NaN,NaN,7,6,1,NaN,NaN,NaN,1
34591.0876,0.0004539477,303,8,7,1,NaN,NaN,NaN,7,0,7,NaN,NaN,NaN,1
31205.0824,0.004029786,303,8,7,1,NaN,NaN,NaN,7,2,5,NaN,NaN,NaN,1
28220.1075,0.04333759,303,8,7,1,NaN,NaN,NaN,7,4,3,NaN,NaN,NaN,1
22242.0546,2.60334,303,8,7,1,NaN,NaN,NaN,7,6,1,NaN,NaN,NaN,1
20239.0357,-1.448624,303,8,2,7,NaN,NaN,NaN,7,1,7,NaN,NaN,NaN,1
16081.3908,0.7156802,303,8,2,7,NaN,NaN,NaN,7,3,5,NaN,NaN,NaN,1
11215.8762,0.036668,303,8,2,7,NaN,NaN,NaN,7,5,3,NaN,NaN,NaN,1
3955.314,0.0004190209,303,8,2,7,NaN,NaN,NaN,7,7,1,NaN,NaN,NaN,1
24668.0238,-0.08951001,303,8,4,5,NaN,NaN,NaN,7,1,7,NaN,NaN,NaN,1
20510.3788,-2.201245,303,8,4,5,NaN,NaN,NaN,7,3,5,NaN,NaN,NaN,1
15644.8643,0.5775989,303,8,4,5,NaN,NaN,NaN,7,5,3,NaN,NaN,NaN,1
8384.3021,0.006528981,303,8,4,5,NaN,NaN,NaN,7,7,1,NaN,NaN,NaN,1
30655.953,-0.003746084,303,8,6,3,NaN,NaN,NaN,7,1,7,NaN,NaN,NaN,1
26498.3081,-0.07664715,303,8,6,3,NaN,NaN,NaN,7,3,5,NaN,NaN,NaN,1
21632.7935,-2.463621,303,8,6,3,NaN,NaN,NaN,7,5,3,NaN,NaN,NaN,1
14372.2314,0.2339392,303,8,6,3,NaN,NaN,NaN,7,7,1,NaN,NaN,NaN,1
34976.2079,-0.0007165925,303,8,8,1,NaN,NaN,NaN,7,3,5,NaN,NaN,NaN,1
30110.6934,-0.02056107,303,8,8,1,NaN,NaN,NaN,7,5,3,NaN,NaN,NaN,1
22850.1312,-2.751422,303,8,8,1,NaN,NaN,NaN,7,7,1,NaN,NaN,NaN,1
71.543,3.090534,303,8,2,7,NaN,NaN,NaN,8,1,7,NaN,NaN,NaN,1
2850.2562,-0.7843993,303,8,3,5,NaN,NaN,NaN,8,2,7,NaN,NaN,NaN,1
7123.0355,-0.1026852,303,8,5,3,NaN,NaN,NaN,8,2,7,NaN,NaN,NaN,1
14345.7801,-0.002219214,303,8,7,1,NaN,NaN,NaN,8,2,7,NaN,NaN,NaN,1
4500.5311,0.3939271,303,8,4,5,NaN,NaN,NaN,8,1,7,NaN,NaN,NaN,1
1578.7318,1.677906,303,8,4,5,NaN,NaN,NaN,8,3,5,NaN,NaN,NaN,1
2694.0475,-1.530166,303,8,5,3,NaN,NaN,NaN,8,4,5,NaN,NaN,NaN,1
9916.792,-0.03457816,303,8,7,1,NaN,NaN,NaN,8,4,5,NaN,NaN,NaN,1
10488.4603,0.01655623,303,8,6,3,NaN,NaN,NaN,8,1,7,NaN,NaN,NaN,1
7566.6611,0.08105913,303,8,6,3,NaN,NaN,NaN,8,3,5,NaN,NaN,NaN,1
3293.8818,1.42524,303,8,6,3,NaN,NaN,NaN,8,5,3,NaN,NaN,NaN,1
3928.8628,-1.222286,303,8,7,1,NaN,NaN,NaN,8,6,3,NaN,NaN,NaN,1
16044.5609,0.0007581271,303,8,8,1,NaN,NaN,NaN,8,3,5,NaN,NaN,NaN,1
11771.7816,0.01366752,303,8,8,1,NaN,NaN,NaN,8,5,3,NaN,NaN,NaN,1
4549.0371,0.9003491,303,8,8,1,NaN,NaN,NaN,8,7,1,NaN,NaN,NaN,1
22770.7692,1.456064,303,9,2,8,NaN,NaN,NaN,8,1,8,NaN,NaN,NaN,1
18067.3115,-0.7390077,303,9,2,8,NaN,NaN,NaN,8,3,6,NaN,NaN,NaN,1
13141.8749,-0.04815154,303,9,2,8,NaN,NaN,NaN,8,5,4,NaN,NaN,NaN,1
5912.1119,-0.001032432,303,9,2,8,NaN,NaN,NaN,8,7,2,NaN,NaN,NaN,1
27579.3243,0.08815543,303,9,4,6,NaN,NaN,NaN,8,1,8,NaN,NaN,NaN,1
22875.8666,2.273423,303,9,4,6,NaN,NaN,NaN,8,3,6,NaN,NaN,NaN,1
17950.43,-0.7042406,303,9,4,6,NaN,NaN,NaN,8,5,4,NaN,NaN,NaN,1
10720.667,-0.01483308,303,9,4,6,NaN,NaN,NaN,8,7,2,NaN,NaN,NaN,1
33545.5379,0.005009152,303,9,6,4,NaN,NaN,NaN,8,1,8,NaN,NaN,NaN,1
28842.0802,0.1059915,303,9,6,4,NaN,NaN,NaN,8,3,6,NaN,NaN,NaN,1
23916.6436,2.529483,303,9,6,4,NaN,NaN,NaN,8,5,4,NaN,NaN,NaN,1
16686.8805,-0.383046,303,9,6,4,NaN,NaN,NaN,8,7,2,NaN,NaN,NaN,1
37291.6528,0.001840092,303,9,8,2,NaN,NaN,NaN,8,3,6,NaN,NaN,NaN,1
32366.2161,0.03847069,303,9,8,2,NaN,NaN,NaN,8,5,4,NaN,NaN,NaN,1
25136.4531,2.787103,303,9,8,2,NaN,NaN,NaN,8,7,2,NaN,NaN,NaN,1
22738.7024,-1.456575,303,9,1,8,NaN,NaN,NaN,8,0,8,NaN,NaN,NaN,1
18588.0576,0.8057361,303,9,1,8,NaN,NaN,NaN,8,2,6,NaN,NaN,NaN,1
15684.9633,0.1719353,303,9,1,8,NaN,NaN,NaN,8,4,4,NaN,NaN,NaN,1
9806.0868,0.00809507,303,9,1,8,NaN,NaN,NaN,8,6,2,NaN,NaN,NaN,1
26274.6002,-0.1289582,303,9,3,6,NaN,NaN,NaN,8,0,8,NaN,NaN,NaN,1
22123.9554,-2.426629,303,9,3,6,NaN,NaN,NaN,8,2,6,NaN,NaN,NaN,1
19220.8611,1.006413,303,9,3,6,NaN,NaN,NaN,8,4,4,NaN,NaN,NaN,1
13341.9846,0.04352642,303,9,3,6,NaN,NaN,NaN,8,6,2,NaN,NaN,NaN,1
4864.3016,0.0004070698,303,9,3,6,NaN,NaN,NaN,8,8,0,NaN,NaN,NaN,1
30294.166,-0.02319236,303,9,5,4,NaN,NaN,NaN,8,0,8,NaN,NaN,NaN,1
26143.5212,-0.2765938,303,9,5,4,NaN,NaN,NaN,8,2,6,NaN,NaN,NaN,1
23240.4268,-2.430821,303,9,5,4,NaN,NaN,NaN,8,4,4,NaN,NaN,NaN,1
17361.5504,0.5452141,303,9,5,4,NaN,NaN,NaN,8,6,2,NaN,NaN,NaN,1
8883.8674,0.005060801,303,9,5,4,NaN,NaN,NaN,8,8,0,NaN,NaN,NaN,1
37459.8083,-0.0007764851,303,9,7,2,NaN,NaN,NaN,8,0,8,NaN,NaN,NaN,1
33309.1635,-0.009210946,303,9,7,2,NaN,NaN,NaN,8,2,6,NaN,NaN,NaN,1
30406.0692,-0.06716845,303,9,7,2,NaN,NaN,NaN,8,4,4,NaN,NaN,NaN,1
24527.1927,-2.653246,303,9,7,2,NaN,NaN,NaN,8,6,2,NaN,NaN,NaN,1
16049.5097,0.220492,303,9,7,2,NaN,NaN,NaN,8,8,0,NaN,NaN,NaN,1
40100.9478,-0.0005308598,303,9,9,0,NaN,NaN,NaN,8,4,4,NaN,NaN,NaN,1
34222.0713,-0.0188497,303,9,9,0,NaN,NaN,NaN,8,6,2,NaN,NaN,NaN,1
25744.3883,-2.927422,303,9,9,0,NaN,NaN,NaN,8,8,0,NaN,NaN,NaN,1
34.6677,-3.404688,303,9,2,8,NaN,NaN,NaN,9,1,8,NaN,NaN,NaN,1
4843.2228,-0.4320219,303,9,4,6,NaN,NaN,NaN,9,1,8,NaN,NaN,NaN,1
10809.4364,-0.02466239,303,9,6,4,NaN,NaN,NaN,9,1,8,NaN,NaN,NaN,1
19259.0089,-0.000428332,303,9,8,2,NaN,NaN,NaN,9,1,8,NaN,NaN,NaN,1
3501.2301,0.6508112,303,9,3,6,NaN,NaN,NaN,9,2,8,NaN,NaN,NaN,1
1307.325,-1.873775,303,9,4,6,NaN,NaN,NaN,9,3,6,NaN,NaN,NaN,1
7273.5386,-0.1325226,303,9,6,4,NaN,NaN,NaN,9,3,6,NaN,NaN,NaN,1
15723.1111,-0.002302851,303,9,8,2,NaN,NaN,NaN,9,3,6,NaN,NaN,NaN,1
7520.7959,0.1193267,303,9,5,4,NaN,NaN,NaN,9,2,8,NaN,NaN,NaN,1
2712.2408,1.619096,303,9,5,4,NaN,NaN,NaN,9,4,6,NaN,NaN,NaN,1
3253.9728,-1.589137,303,9,6,4,NaN,NaN,NaN,9,5,4,NaN,NaN,NaN,1
11703.5453,-0.02862941,303,9,8,2,NaN,NaN,NaN,9,5,4,NaN,NaN,NaN,1
14686.4382,0.003996226,303,9,7,2,NaN,NaN,NaN,9,2,8,NaN,NaN,NaN,1
9877.8831,0.05741137,303,9,7,2,NaN,NaN,NaN,9,4,6,NaN,NaN,NaN,1
3911.6695,1.448939,303,9,7,2,NaN,NaN,NaN,9,6,4,NaN,NaN,NaN,1
4537.903,-1.233165,303,9,8,2,NaN,NaN,NaN,9,7,2,NaN,NaN,NaN,1
19572.7617,0.0004538272,303,9,9,0,NaN,NaN,NaN,9,4,6,NaN,NaN,NaN,1
13606.5481,0.01168906,303,9,9,0,NaN,NaN,NaN,9,6,4,NaN,NaN,NaN,1
5156.9756,0.9036441,303,9,9,0,NaN,NaN,NaN,9,8,2,NaN,NaN,NaN,1
17408.3192,-0.5182101,303,9,1,9,NaN,NaN,NaN,8,2,7,NaN,NaN,NaN,1
12979.3311,-0.03437523,303,9,1,9,NaN,NaN,NaN,8,4,5,NaN,NaN,NaN,1
6991.4019,-0.001439059,303,9,1,9,NaN,NaN,NaN,8,6,3,NaN,NaN,NaN,1
22712.4102,1.981176,303,9,3,7,NaN,NaN,NaN,8,2,7,NaN,NaN,NaN,1
18283.4221,-0.8077891,303,9,3,7,NaN,NaN,NaN,8,4,5,NaN,NaN,NaN,1
12295.4929,-0.03281519,303,9,3,7,NaN,NaN,NaN,8,6,3,NaN,NaN,NaN,1
27755.2685,0.1307516,303,9,5,5,NaN,NaN,NaN,8,2,7,NaN,NaN,NaN,1
23326.2804,2.41693,303,9,5,5,NaN,NaN,NaN,8,4,5,NaN,NaN,NaN,1
17338.3512,-0.5447294,303,9,5,5,NaN,NaN,NaN,8,6,3,NaN,NaN,NaN,1
8860.4513,-0.005056024,303,9,5,5,NaN,NaN,NaN,8,8,1,NaN,NaN,NaN,1
34944.3012,0.004275081,303,9,7,3,NaN,NaN,NaN,8,2,7,NaN,NaN,NaN,1
30515.3132,0.06662003,303,9,7,3,NaN,NaN,NaN,8,4,5,NaN,NaN,NaN,1
24527.3839,2.653235,303,9,7,3,NaN,NaN,NaN,8,6,3,NaN,NaN,NaN,1
16049.4841,-0.2204919,303,9,7,3,NaN,NaN,NaN,8,8,1,NaN,NaN,NaN,1
40210.2174,0.0005265207,303,9,9,1,NaN,NaN,NaN,8,4,5,NaN,NaN,NaN,1
34222.2882,0.0188496,303,9,9,1,NaN,NaN,NaN,8,6,3,NaN,NaN,NaN,1
25744.3883,2.927422,303,9,9,1,NaN,NaN,NaN,8,8,1,NaN,NaN,NaN,1
17478.8114,0.5202271,303,9,0,9,NaN,NaN,NaN,8,1,7,NaN,NaN,NaN,1
14557.0122,0.0639548,303,9,0,9,NaN,NaN,NaN,8,3,5,NaN,NaN,NaN,1
10284.2329,0.008144391,303,9,0,9,NaN,NaN,NaN,8,5,3,NaN,NaN,NaN,1
22423.9325,-2.009686,303,9,2,7,NaN,NaN,NaN,8,1,7,NaN,NaN,NaN,1
19502.1332,1.166584,303,9,2,7,NaN,NaN,NaN,8,3,5,NaN,NaN,NaN,1
15229.3539,0.1295989,303,9,2,7,NaN,NaN,NaN,8,5,3,NaN,NaN,NaN,1
8006.6094,0.002797769,303,9,2,7,NaN,NaN,NaN,8,7,1,NaN,NaN,NaN,1
25388.952,-0.3492408,303,9,4,5,NaN,NaN,NaN,8,1,7,NaN,NaN,NaN,1
22467.1527,-2.449974,303,9,4,5,NaN,NaN,NaN,8,3,5,NaN,NaN,NaN,1
18194.3734,0.719671,303,9,4,5,NaN,NaN,NaN,8,5,3,NaN,NaN,NaN,1
10971.6289,0.01519301,303,9,4,5,NaN,NaN,NaN,8,7,1,NaN,NaN,NaN,1
31105.2585,-0.02507187,303,9,6,3,NaN,NaN,NaN,8,1,7,NaN,NaN,NaN,1
28183.4592,-0.1228792,303,9,6,3,NaN,NaN,NaN,8,3,5,NaN,NaN,NaN,1
23910.6799,-2.530006,303,9,6,3,NaN,NaN,NaN,8,5,3,NaN,NaN,NaN,1
16687.9354,0.3830558,303,9,6,3,NaN,NaN,NaN,8,7,1,NaN,NaN,NaN,1
39553.7732,-0.0004358788,303,9,8,1,NaN,NaN,NaN,8,1,7,NaN,NaN,NaN,1
36631.974,-0.002134434,303,9,8,1,NaN,NaN,NaN,8,3,5,NaN,NaN,NaN,1
32359.1947,-0.03848073,303,9,8,1,NaN,NaN,NaN,8,5,3,NaN,NaN,NaN,1
25136.4501,-2.787103,303,9,8,1,NaN,NaN,NaN,8,7,1,NaN,NaN,NaN,1
1.0508,-4.062609,303,9,1,9,NaN,NaN,NaN,9,0,9,NaN,NaN,NaN,1
5305.1418,-0.2695632,303,9,3,7,NaN,NaN,NaN,9,0,9,NaN,NaN,NaN,1
10348.0001,-0.02081948,303,9,5,5,NaN,NaN,NaN,9,0,9,NaN,NaN,NaN,1
17537.0328,-0.0006811841,303,9,7,3,NaN,NaN,NaN,9,0,9,NaN,NaN,NaN,1
4944.0703,0.2811498,303,9,2,7,NaN,NaN,NaN,9,1,9,NaN,NaN,NaN,1
360.0208,-2.573034,303,9,3,7,NaN,NaN,NaN,9,2,7,NaN,NaN,NaN,1
5402.8791,-0.3299633,303,9,5,5,NaN,NaN,NaN,9,2,7,NaN,NaN,NaN,1
12591.9118,-0.01082959,303,9,7,3,NaN,NaN,NaN,9,2,7,NaN,NaN,NaN,1
7909.0898,0.06051424,303,9,4,5,NaN,NaN,NaN,9,1,9,NaN,NaN,NaN,1
2604.9988,1.302848,303,9,4,5,NaN,NaN,NaN,9,3,7,NaN,NaN,NaN,1
2437.8595,-1.66575,303,9,5,5,NaN,NaN,NaN,9,4,5,NaN,NaN,NaN,1
9626.8923,-0.05880526,303,9,7,3,NaN,NaN,NaN,9,4,5,NaN,NaN,NaN,1
19321.7965,-0.0004648405,303,9,9,1,NaN,NaN,NaN,9,4,5,NaN,NaN,NaN,1
13625.3963,0.004378733,303,9,6,3,NaN,NaN,NaN,9,1,9,NaN,NaN,NaN,1
8321.3052,0.09982879,303,9,6,3,NaN,NaN,NaN,9,3,7,NaN,NaN,NaN,1
3278.4469,1.587415,303,9,6,3,NaN,NaN,NaN,9,5,5,NaN,NaN,NaN,1
3910.5858,-1.448982,303,9,7,3,NaN,NaN,NaN,9,6,3,NaN,NaN,NaN,1
13605.49,-0.01168937,303,9,9,1,NaN,NaN,NaN,9,6,3,NaN,NaN,NaN,1
16769.82,0.001735875,303,9,8,1,NaN,NaN,NaN,9,3,7,NaN,NaN,NaN,1
11726.9617,0.02860238,303,9,8,1,NaN,NaN,NaN,9,5,5,NaN,NaN,NaN,1
4537.929,1.233164,303,9,8,1,NaN,NaN,NaN,9,7,3,NaN,NaN,NaN,1
5156.9753,-0.9036441,303,9,9,1,NaN,NaN,NaN,9,8,1,NaN,NaN,NaN,1
19300.3927,-0.5183934,303,10,0,10,NaN,NaN,NaN,9,1,8,NaN,NaN,NaN,1
15764.4949,-0.04896032,303,10,0,10,NaN,NaN,NaN,9,3,6,NaN,NaN,NaN,1
11744.9292,-0.008814934,303,10,0,10,NaN,NaN,NaN,9,5,4,NaN,NaN,NaN,1
25034.1735,2.013342,303,10,2,8,NaN,NaN,NaN,9,1,8,NaN,NaN,NaN,1
21498.2757,-1.1319,303,10,2,8,NaN,NaN,NaN,9,3,6,NaN,NaN,NaN,1
17478.71,-0.1815468,303,10,2,8,NaN,NaN,NaN,9,5,4,NaN,NaN,NaN,1
10313.0676,-0.006068599,303,10,2,8,NaN,NaN,NaN,9,7,2,NaN,NaN,NaN,1
28256.4184,0.311474,303,10,4,6,NaN,NaN,NaN,9,1,8,NaN,NaN,NaN,1
24720.5206,2.610007,303,10,4,6,NaN,NaN,NaN,9,3,6,NaN,NaN,NaN,1
20700.9548,-0.8608471,303,10,4,6,NaN,NaN,NaN,9,5,4,NaN,NaN,NaN,1
13535.3125,-0.02767118,303,10,4,6,NaN,NaN,NaN,9,7,2,NaN,NaN,NaN,1
33736.2286,0.03329459,303,10,6,4,NaN,NaN,NaN,9,1,8,NaN,NaN,NaN,1
30200.3308,0.1793731,303,10,6,4,NaN,NaN,NaN,9,3,6,NaN,NaN,NaN,1
26180.765,2.603334,303,10,6,4,NaN,NaN,NaN,9,5,4,NaN,NaN,NaN,1
19015.1227,-0.5158461,303,10,6,4,NaN,NaN,NaN,9,7,2,NaN,NaN,NaN,1
9320.2441,-0.004055899,303,10,6,4,NaN,NaN,NaN,9,9,0,NaN,NaN,NaN,1
42143.1749,0.000878791,303,10,8,2,NaN,NaN,NaN,9,1,8,NaN,NaN,NaN,1
38607.2771,0.004724669,303,10,8,2,NaN,NaN,NaN,9,3,6,NaN,NaN,NaN,1
34587.7113,0.05874263,303,10,8,2,NaN,NaN,NaN,9,5,4,NaN,NaN,NaN,1
27422.069,2.83133,303,10,8,2,NaN,NaN,NaN,9,7,2,NaN,NaN,NaN,1
17727.1904,-0.2091281,303,10,8,2,NaN,NaN,NaN,9,9,0,NaN,NaN,NaN,1
45499.1633,0.0004018892,303,10,10,0,NaN,NaN,NaN,9,5,4,NaN,NaN,NaN,1
38333.521,0.01749856,303,10,10,0,NaN,NaN,NaN,9,7,2,NaN,NaN,NaN,1
28638.6424,3.093443,303,10,10,0,NaN,NaN,NaN,9,9,0,NaN,NaN,NaN,1
19266.1411,0.5177271,303,10,1,10,NaN,NaN,NaN,9,2,8,NaN,NaN,NaN,1
14457.586,0.03338237,303,10,1,10,NaN,NaN,NaN,9,4,6,NaN,NaN,NaN,1
8491.3724,0.001897368,303,10,1,10,NaN,NaN,NaN,9,6,4,NaN,NaN,NaN,1
25211.3314,-2.003273,303,10,3,8,NaN,NaN,NaN,9,2,8,NaN,NaN,NaN,1
20402.7763,0.8694747,303,10,3,8,NaN,NaN,NaN,9,4,6,NaN,NaN,NaN,1
14436.5627,0.04775781,303,10,3,8,NaN,NaN,NaN,9,6,4,NaN,NaN,NaN,1
5986.9901,0.0008293794,303,10,3,8,NaN,NaN,NaN,9,8,2,NaN,NaN,NaN,1
30445.5738,-0.1432803,303,10,5,6,NaN,NaN,NaN,9,2,8,NaN,NaN,NaN,1
25637.0187,-2.497874,303,10,5,6,NaN,NaN,NaN,9,4,6,NaN,NaN,NaN,1
19670.8051,0.6705763,303,10,5,6,NaN,NaN,NaN,9,6,4,NaN,NaN,NaN,1
11221.2326,0.0115008,303,10,5,6,NaN,NaN,NaN,9,8,2,NaN,NaN,NaN,1
37585.9083,-0.006482868,303,10,7,4,NaN,NaN,NaN,9,2,8,NaN,NaN,NaN,1
32777.3532,-0.0931632,303,10,7,4,NaN,NaN,NaN,9,4,6,NaN,NaN,NaN,1
26811.1397,-2.710621,303,10,7,4,NaN,NaN,NaN,9,6,4,NaN,NaN,NaN,1
18361.5671,0.3630803,303,10,7,4,NaN,NaN,NaN,9,8,2,NaN,NaN,NaN,1
42446.5696,-0.001355618,303,10,9,2,NaN,NaN,NaN,9,4,6,NaN,NaN,NaN,1
36480.3561,-0.03491685,303,10,9,2,NaN,NaN,NaN,9,6,4,NaN,NaN,NaN,1
28030.7835,-2.959818,303,10,9,2,NaN,NaN,NaN,9,8,2,NaN,NaN,NaN,1
0.4161,4.301946,303,10,1,10,NaN,NaN,NaN,10,0,10,NaN,NaN,NaN,1
5733.3648,-0.2607826,303,10,2,8,NaN,NaN,NaN,10,1,10,NaN,NaN,NaN,1
8955.6096,-0.04779441,303,10,4,6,NaN,NaN,NaN,10,1,10,NaN,NaN,NaN,1
14435.4198,-0.005142075,303,10,6,4,NaN,NaN,NaN,10,1,10,NaN,NaN,NaN,1
5945.6063,0.2568236,303,10,3,8,NaN,NaN,NaN,10,0,10,NaN,NaN,NaN,1
211.8255,2.930243,303,10,3,8,NaN,NaN,NaN,10,2,8,NaN,NaN,NaN,1
3010.4193,-1.145816,303,10,4,6,NaN,NaN,NaN,10,3,8,NaN,NaN,NaN,1
8490.2296,-0.1293819,303,10,6,4,NaN,NaN,NaN,10,3,8,NaN,NaN,NaN,1
16897.1758,-0.003416073,303,10,8,2,NaN,NaN,NaN,10,3,8,NaN,NaN,NaN,1
11179.8488,0.02122605,303,10,5,6,NaN,NaN,NaN,10,0,10,NaN,NaN,NaN,1
5446.0679,0.4343814,303,10,5,6,NaN,NaN,NaN,10,2,8,NaN,NaN,NaN,1
2223.8231,1.777977,303,10,5,6,NaN,NaN,NaN,10,4,6,NaN,NaN,NaN,1
3255.9871,-1.711396,303,10,6,4,NaN,NaN,NaN,10,5,6,NaN,NaN,NaN,1
11662.9334,-0.04736852,303,10,8,2,NaN,NaN,NaN,10,5,6,NaN,NaN,NaN,1
22574.3854,-0.0003241052,303,10,10,0,NaN,NaN,NaN,10,5,6,NaN,NaN,NaN,1
18320.1833,0.0009611688,303,10,7,4,NaN,NaN,NaN,10,0,10,NaN,NaN,NaN,1
12586.4025,0.01976379,303,10,7,4,NaN,NaN,NaN,10,2,8,NaN,NaN,NaN,1
9364.1576,0.09010009,303,10,7,4,NaN,NaN,NaN,10,4,6,NaN,NaN,NaN,1
3884.3474,1.623121,303,10,7,4,NaN,NaN,NaN,10,6,4,NaN,NaN,NaN,1
4522.5989,-1.467131,303,10,8,2,NaN,NaN,NaN,10,7,4,NaN,NaN,NaN,1
15434.0509,-0.01021212,303,10,10,0,NaN,NaN,NaN,10,7,4,NaN,NaN,NaN,1
19033.374,0.001311604,303,10,9,2,NaN,NaN,NaN,10,4,6,NaN,NaN,NaN,1
13553.5638,0.02432207,303,10,9,2,NaN,NaN,NaN,10,6,4,NaN,NaN,NaN,1
5146.6176,1.241757,303,10,9,2,NaN,NaN,NaN,10,8,2,NaN,NaN,NaN,1
5764.8345,-0.9063063,303,10,10,0,NaN,NaN,NaN,10,9,2,NaN,NaN,NaN,1
25294.0277,1.461576,303,10,1,9,NaN,NaN,NaN,9,0,9,NaN,NaN,NaN,1
20348.9066,-0.7759137,303,10,1,9,NaN,NaN,NaN,9,2,7,NaN,NaN,NaN,1
17383.8871,-0.1611398,303,10,1,9,NaN,NaN,NaN,9,4,5,NaN,NaN,NaN,1
11667.5806,-0.01164304,303,10,1,9,NaN,NaN,NaN,9,6,3,NaN,NaN,NaN,1
29567.4762,0.1028531,303,10,3,7,NaN,NaN,NaN,9,0,9,NaN,NaN,NaN,1
24622.3552,2.456906,303,10,3,7,NaN,NaN,NaN,9,2,7,NaN,NaN,NaN,1
21657.3357,-1.188137,303,10,3,7,NaN,NaN,NaN,9,4,5,NaN,NaN,NaN,1
15941.0292,-0.07583889,303,10,3,7,NaN,NaN,NaN,9,6,3,NaN,NaN,NaN,1
7492.5144,-0.001318054,303,10,3,7,NaN,NaN,NaN,9,8,1,NaN,NaN,NaN,1
33361.6575,0.02301178,303,10,5,5,NaN,NaN,NaN,9,0,9,NaN,NaN,NaN,1
28416.5365,0.3690014,303,10,5,5,NaN,NaN,NaN,9,2,7,NaN,NaN,NaN,1
25451.517,2.536041,303,10,5,5,NaN,NaN,NaN,9,4,5,NaN,NaN,NaN,1
19735.2105,-0.6724315,303,10,5,5,NaN,NaN,NaN,9,6,3,NaN,NaN,NaN,1
11286.6957,-0.01153537,303,10,5,5,NaN,NaN,NaN,9,8,1,NaN,NaN,NaN,1
40436.6711,0.001104881,303,10,7,3,NaN,NaN,NaN,9,0,9,NaN,NaN,NaN,1
35491.5501,0.01756587,303,10,7,3,NaN,NaN,NaN,9,2,7,NaN,NaN,NaN,1
32526.5305,0.09541944,303,10,7,3,NaN,NaN,NaN,9,4,5,NaN,NaN,NaN,1
26810.2241,2.710679,303,10,7,3,NaN,NaN,NaN,9,6,3,NaN,NaN,NaN,1
18361.7093,-0.3630812,303,10,7,3,NaN,NaN,NaN,9,8,1,NaN,NaN,NaN,1
42195.6045,0.001388516,303,10,9,1,NaN,NaN,NaN,9,4,5,NaN,NaN,NaN,1
36479.298,0.03491777,303,10,9,1,NaN,NaN,NaN,9,6,3,NaN,NaN,NaN,1
28030.7832,2.959818,303,10,9,1,NaN,NaN,NaN,9,8,1,NaN,NaN,NaN,1
25308.9554,-1.461422,303,10,2,9,NaN,NaN,NaN,9,1,9,NaN,NaN,NaN,1
20004.8644,0.748879,303,10,2,9,NaN,NaN,NaN,9,3,7,NaN,NaN,NaN,1
14962.0061,0.05640976,303,10,2,9,NaN,NaN,NaN,9,5,5,NaN,NaN,NaN,1
7772.9734,0.001845433,303,10,2,9,NaN,NaN,NaN,9,7,3,NaN,NaN,NaN,1
30580.2155,-0.08344649,303,10,4,7,NaN,NaN,NaN,9,1,9,NaN,NaN,NaN,1
25276.1245,-2.332724,303,10,4,7,NaN,NaN,NaN,9,3,7,NaN,NaN,NaN,1
20233.2662,0.815735,303,10,4,7,NaN,NaN,NaN,9,5,5,NaN,NaN,NaN,1
13044.2335,0.02601304,303,10,4,7,NaN,NaN,NaN,9,7,3,NaN,NaN,NaN,1
36547.0406,-0.005938764,303,10,6,5,NaN,NaN,NaN,9,1,9,NaN,NaN,NaN,1
31242.9496,-0.1355084,303,10,6,5,NaN,NaN,NaN,9,3,7,NaN,NaN,NaN,1
26200.0913,-2.601502,303,10,6,5,NaN,NaN,NaN,9,5,5,NaN,NaN,NaN,1
19011.0585,0.5157937,303,10,6,5,NaN,NaN,NaN,9,7,3,NaN,NaN,NaN,1
9316.1543,0.004055466,303,10,6,5,NaN,NaN,NaN,9,9,1,NaN,NaN,NaN,1
39653.9828,-0.003561434,303,10,8,3,NaN,NaN,NaN,9,3,7,NaN,NaN,NaN,1
34611.1245,-0.05868723,303,10,8,3,NaN,NaN,NaN,9,5,5,NaN,NaN,NaN,1
27422.0918,-2.831329,303,10,8,3,NaN,NaN,NaN,9,7,3,NaN,NaN,NaN,1
17727.1875,0.2091281,303,10,8,3,NaN,NaN,NaN,9,9,1,NaN,NaN,NaN,1
45522.5794,-0.0004015099,303,10,10,1,NaN,NaN,NaN,9,5,5,NaN,NaN,NaN,1
38333.5467,-0.01749855,303,10,10,1,NaN,NaN,NaN,9,7,3,NaN,NaN,NaN,1
28638.6424,-3.093443,303,10,10,1,NaN,NaN,NaN,9,9,1,NaN,NaN,NaN,1
15.9786,3.689969,303,10,2,9,NaN,NaN,NaN,10,1,9,NaN,NaN,NaN,1
4257.47,-0.5525048,303,10,3,7,NaN,NaN,NaN,10,2,9,NaN,NaN,NaN,1
8051.6513,-0.1251165,303,10,5,5,NaN,NaN,NaN,10,2,9,NaN,NaN,NaN,1
15126.6649,-0.006009219,303,10,7,3,NaN,NaN,NaN,10,2,9,NaN,NaN,NaN,1
5287.2386,0.4434424,303,10,4,7,NaN,NaN,NaN,10,1,9,NaN,NaN,NaN,1
1013.79,2.11965,303,10,4,7,NaN,NaN,NaN,10,3,7,NaN,NaN,NaN,1
2780.3912,-1.649463,303,10,5,5,NaN,NaN,NaN,10,4,7,NaN,NaN,NaN,1
9855.4048,-0.08469478,303,10,7,3,NaN,NaN,NaN,10,4,7,NaN,NaN,NaN,1
19524.4787,-0.001232993,303,10,9,1,NaN,NaN,NaN,10,4,7,NaN,NaN,NaN,1
11254.0637,0.03170106,303,10,6,5,NaN,NaN,NaN,10,1,9,NaN,NaN,NaN,1
6980.6151,0.2061502,303,10,6,5,NaN,NaN,NaN,10,3,7,NaN,NaN,NaN,1
3186.4338,1.717413,303,10,6,5,NaN,NaN,NaN,10,5,5,NaN,NaN,NaN,1
3888.5798,-1.622924,303,10,7,3,NaN,NaN,NaN,10,6,5,NaN,NaN,NaN,1
13557.6537,-0.02431948,303,10,9,1,NaN,NaN,NaN,10,6,5,NaN,NaN,NaN,1
19665.0969,0.0008337357,303,10,8,3,NaN,NaN,NaN,10,1,9,NaN,NaN,NaN,1
15391.6484,0.005428851,303,10,8,3,NaN,NaN,NaN,10,3,7,NaN,NaN,NaN,1
11597.4671,0.04751097,303,10,8,3,NaN,NaN,NaN,10,5,5,NaN,NaN,NaN,1
4522.4535,1.467135,303,10,8,3,NaN,NaN,NaN,10,7,3,NaN,NaN,NaN,1
5146.6204,-1.241757,303,10,9,1,NaN,NaN,NaN,10,8,3,NaN,NaN,NaN,1
22508.9219,0.0003250795,303,10,10,1,NaN,NaN,NaN,10,5,5,NaN,NaN,NaN,1
15433.9084,0.01021215,303,10,10,1,NaN,NaN,NaN,10,7,3,NaN,NaN,NaN,1
5764.8344,0.9063063,303,10,10,1,NaN,NaN,NaN,10,9,1,NaN,NaN,NaN,1
27850.3454,1.465526,303,11,2,10,NaN,NaN,NaN,10,1,10,NaN,NaN,NaN,1
21905.1552,-0.7514188,303,11,2,10,NaN,NaN,NaN,10,3,8,NaN,NaN,NaN,1
16670.9127,-0.06072733,303,11,2,10,NaN,NaN,NaN,10,5,6,NaN,NaN,NaN,1
9530.5782,-0.002749521,303,11,2,10,NaN,NaN,NaN,10,7,4,NaN,NaN,NaN,1
33657.5869,0.07727969,303,11,4,8,NaN,NaN,NaN,10,1,10,NaN,NaN,NaN,1
27712.3966,2.378179,303,11,4,8,NaN,NaN,NaN,10,3,8,NaN,NaN,NaN,1
22478.1542,-0.9102391,303,11,4,8,NaN,NaN,NaN,10,5,6,NaN,NaN,NaN,1
15337.8196,-0.03987359,303,11,4,8,NaN,NaN,NaN,10,7,4,NaN,NaN,NaN,1
5668.6032,-0.0005803207,303,11,4,8,NaN,NaN,NaN,10,9,2,NaN,NaN,NaN,1
39665.244,0.006437467,303,11,6,6,NaN,NaN,NaN,10,1,10,NaN,NaN,NaN,1
33720.0537,0.1621778,303,11,6,6,NaN,NaN,NaN,10,3,8,NaN,NaN,NaN,1
28485.8113,2.677676,303,11,6,6,NaN,NaN,NaN,10,5,6,NaN,NaN,NaN,1
21345.4767,-0.637815,303,11,6,6,NaN,NaN,NaN,10,7,4,NaN,NaN,NaN,1
11676.2603,-0.009200324,303,11,6,6,NaN,NaN,NaN,10,9,2,NaN,NaN,NaN,1
42081.0836,0.005882243,303,11,8,4,NaN,NaN,NaN,10,3,8,NaN,NaN,NaN,1
36846.8411,0.08157998,303,11,8,4,NaN,NaN,NaN,10,5,6,NaN,NaN,NaN,1
29706.5066,2.882176,303,11,8,4,NaN,NaN,NaN,10,7,4,NaN,NaN,NaN,1
20037.2902,-0.3459677,303,11,8,4,NaN,NaN,NaN,10,9,2,NaN,NaN,NaN,1
47734.6379,0.001020727,303,11,10,2,NaN,NaN,NaN,10,5,6,NaN,NaN,NaN,1
40594.3034,0.03216219,303,11,10,2,NaN,NaN,NaN,10,7,4,NaN,NaN,NaN,1
30925.087,3.123225,303,11,10,2,NaN,NaN,NaN,10,9,2,NaN,NaN,NaN,1
27843.6666,-1.465575,303,11,1,10,NaN,NaN,NaN,10,0,10,NaN,NaN,NaN,1
22109.8858,0.7612468,303,11,1,10,NaN,NaN,NaN,10,2,8,NaN,NaN,NaN,1
18887.6409,0.1358276,303,11,1,10,NaN,NaN,NaN,10,4,6,NaN,NaN,NaN,1
13407.8307,0.01459727,303,11,1,10,NaN,NaN,NaN,10,6,4,NaN,NaN,NaN,1
5000.8844,0.0003852982,303,11,1,10,NaN,NaN,NaN,10,8,2,NaN,NaN,NaN,1
32930.5723,-0.08544517,303,11,3,8,NaN,NaN,NaN,10,0,10,NaN,NaN,NaN,1
27196.7915,-2.454072,303,11,3,8,NaN,NaN,NaN,10,2,8,NaN,NaN,NaN,1
23974.5467,1.316038,303,11,3,8,NaN,NaN,NaN,10,4,6,NaN,NaN,NaN,1
18494.7365,0.1216963,303,11,3,8,NaN,NaN,NaN,10,6,4,NaN,NaN,NaN,1
10087.7902,0.003209593,303,11,3,8,NaN,NaN,NaN,10,8,2,NaN,NaN,NaN,1
36592.7846,-0.02075134,303,11,5,6,NaN,NaN,NaN,10,0,10,NaN,NaN,NaN,1
30859.0037,-0.4313601,303,11,5,6,NaN,NaN,NaN,10,2,8,NaN,NaN,NaN,1
27636.7589,-2.664048,303,11,5,6,NaN,NaN,NaN,10,4,6,NaN,NaN,NaN,1
22156.9487,0.7930975,303,11,5,6,NaN,NaN,NaN,10,6,4,NaN,NaN,NaN,1
13750.0024,0.02048405,303,11,5,6,NaN,NaN,NaN,10,8,2,NaN,NaN,NaN,1
43525.2379,-0.001387818,303,11,7,4,NaN,NaN,NaN,10,0,10,NaN,NaN,NaN,1
37791.457,-0.02853772,303,11,7,4,NaN,NaN,NaN,10,2,8,NaN,NaN,NaN,1
34569.2122,-0.1302149,303,11,7,4,NaN,NaN,NaN,10,4,6,NaN,NaN,NaN,1
29089.402,-2.77411,303,11,7,4,NaN,NaN,NaN,10,6,4,NaN,NaN,NaN,1
20682.4557,0.491008,303,11,7,4,NaN,NaN,NaN,10,8,2,NaN,NaN,NaN,1
9771.0037,0.003346281,303,11,7,4,NaN,NaN,NaN,10,10,0,NaN,NaN,NaN,1
47425.664,-0.0006241147,303,11,9,2,NaN,NaN,NaN,10,2,8,NaN,NaN,NaN,1
44203.4191,-0.002845712,303,11,9,2,NaN,NaN,NaN,10,4,6,NaN,NaN,NaN,1
38723.6089,-0.05277295,303,11,9,2,NaN,NaN,NaN,10,6,4,NaN,NaN,NaN,1
30316.6626,-2.999647,303,11,9,2,NaN,NaN,NaN,10,8,2,NaN,NaN,NaN,1
19405.2106,0.1993601,303,11,9,2,NaN,NaN,NaN,10,10,0,NaN,NaN,NaN,1
50851.2929,-0.000318194,303,11,11,0,NaN,NaN,NaN,10,6,4,NaN,NaN,NaN,1
42444.3467,-0.01639841,303,11,11,0,NaN,NaN,NaN,10,8,2,NaN,NaN,NaN,1
31532.8946,-3.251008,303,11,11,0,NaN,NaN,NaN,10,10,0,NaN,NaN,NaN,1
7.0949,-3.953041,303,11,2,10,NaN,NaN,NaN,11,1,10,NaN,NaN,NaN,1
5814.3363,-0.4383561,303,11,4,8,NaN,NaN,NaN,11,1,10,NaN,NaN,NaN,1
11821.9935,-0.03666225,303,11,6,6,NaN,NaN,NaN,11,1,10,NaN,NaN,NaN,1
20183.0233,-0.001331053,303,11,8,4,NaN,NaN,NaN,11,1,10,NaN,NaN,NaN,1
5079.8109,0.4865343,303,11,3,8,NaN,NaN,NaN,11,2,10,NaN,NaN,NaN,1
727.4306,-2.418403,303,11,4,8,NaN,NaN,NaN,11,3,8,NaN,NaN,NaN,1
6735.0877,-0.3045827,303,11,6,6,NaN,NaN,NaN,11,3,8,NaN,NaN,NaN,1
15096.1175,-0.01108784,303,11,8,4,NaN,NaN,NaN,11,3,8,NaN,NaN,NaN,1
8742.0231,0.1190573,303,11,5,6,NaN,NaN,NaN,11,2,10,NaN,NaN,NaN,1
2934.7816,1.608255,303,11,5,6,NaN,NaN,NaN,11,4,8,NaN,NaN,NaN,1
3072.8755,-1.819597,303,11,6,6,NaN,NaN,NaN,11,5,6,NaN,NaN,NaN,1
11433.9053,-0.07075862,303,11,8,4,NaN,NaN,NaN,11,5,6,NaN,NaN,NaN,1
22321.7021,-0.0008855287,303,11,10,2,NaN,NaN,NaN,11,5,6,NaN,NaN,NaN,1
15674.4764,0.007964754,303,11,7,4,NaN,NaN,NaN,11,2,10,NaN,NaN,NaN,1
9867.2349,0.1154758,303,11,7,4,NaN,NaN,NaN,11,4,8,NaN,NaN,NaN,1
3859.5778,1.761792,303,11,7,4,NaN,NaN,NaN,11,6,6,NaN,NaN,NaN,1
4501.452,-1.649043,303,11,8,4,NaN,NaN,NaN,11,7,4,NaN,NaN,NaN,1
15389.2488,-0.02114304,303,11,10,2,NaN,NaN,NaN,11,7,4,NaN,NaN,NaN,1
19501.4419,0.002526033,303,11,9,2,NaN,NaN,NaN,11,4,8,NaN,NaN,NaN,1
13493.7847,0.04004674,303,11,9,2,NaN,NaN,NaN,11,6,6,NaN,NaN,NaN,1
5132.7549,1.481524,303,11,9,2,NaN,NaN,NaN,11,8,4,NaN,NaN,NaN,1
5755.0419,-1.248733,303,11,10,2,NaN,NaN,NaN,11,9,2,NaN,NaN,NaN,1
17260.4389,0.009066759,303,11,11,0,NaN,NaN,NaN,11,8,4,NaN,NaN,NaN,1
6372.6421,0.9085032,303,11,11,0,NaN,NaN,NaN,11,10,2,NaN,NaN,NaN,1
21116.7503,-0.5168924,303,11,1,11,NaN,NaN,NaN,10,2,9,NaN,NaN,NaN,1
15845.4902,-0.03122152,303,11,1,11,NaN,NaN,NaN,10,4,7,NaN,NaN,NaN,1
9878.6652,-0.002222511,303,11,1,11,NaN,NaN,NaN,10,6,5,NaN,NaN,NaN,1
27730.3509,2.0185,303,11,3,9,NaN,NaN,NaN,10,2,9,NaN,NaN,NaN,1
22459.0909,-0.9080357,303,11,3,9,NaN,NaN,NaN,10,4,7,NaN,NaN,NaN,1
16492.2658,-0.06237907,303,11,3,9,NaN,NaN,NaN,10,6,5,NaN,NaN,NaN,1
8081.2326,-0.001640332,303,11,3,9,NaN,NaN,NaN,10,8,3,NaN,NaN,NaN,1
33241.4877,0.1477226,303,11,5,7,NaN,NaN,NaN,10,2,9,NaN,NaN,NaN,1
27970.2277,2.574369,303,11,5,7,NaN,NaN,NaN,10,4,7,NaN,NaN,NaN,1
22003.4026,-0.786864,303,11,5,7,NaN,NaN,NaN,10,6,5,NaN,NaN,NaN,1
13592.3694,-0.020305,303,11,5,7,NaN,NaN,NaN,10,8,3,NaN,NaN,NaN,1
40330.9526,0.008682132,303,11,7,5,NaN,NaN,NaN,10,2,9,NaN,NaN,NaN,1
35059.6925,0.1224372,303,11,7,5,NaN,NaN,NaN,10,4,7,NaN,NaN,NaN,1
29092.8675,2.77388,303,11,7,5,NaN,NaN,NaN,10,6,5,NaN,NaN,NaN,1
20681.8342,-0.4910026,303,11,7,5,NaN,NaN,NaN,10,8,3,NaN,NaN,NaN,1
9770.3794,-0.003346242,303,11,7,5,NaN,NaN,NaN,10,10,1,NaN,NaN,NaN,1
44694.5235,0.002675153,303,11,9,3,NaN,NaN,NaN,10,4,7,NaN,NaN,NaN,1
38727.6984,0.05276733,303,11,9,3,NaN,NaN,NaN,10,6,5,NaN,NaN,NaN,1
30316.6652,2.999647,303,11,9,3,NaN,NaN,NaN,10,8,3,NaN,NaN,NaN,1
19405.2103,-0.1993601,303,11,9,3,NaN,NaN,NaN,10,10,1,NaN,NaN,NaN,1
50855.3827,0.0003181601,303,11,11,1,NaN,NaN,NaN,10,6,5,NaN,NaN,NaN,1
42444.3495,0.01639841,303,11,11,1,NaN,NaN,NaN,10,8,3,NaN,NaN,NaN,1
31532.8946,3.251008,303,11,11,1,NaN,NaN,NaN,10,10,1,NaN,NaN,NaN,1
21132.5668,0.5171169,303,11,0,11,NaN,NaN,NaN,10,1,9,NaN,NaN,NaN,1
16859.1182,0.03851614,303,11,0,11,NaN,NaN,NaN,10,3,7,NaN,NaN,NaN,1
13064.9369,0.008622748,303,11,0,11,NaN,NaN,NaN,10,5,5,NaN,NaN,NaN,1
5989.9233,0.0004140169,303,11,0,11,NaN,NaN,NaN,10,7,3,NaN,NaN,NaN,1
27631.687,-2.021685,303,11,2,9,NaN,NaN,NaN,10,1,9,NaN,NaN,NaN,1
23358.2384,1.065722,303,11,2,9,NaN,NaN,NaN,10,3,7,NaN,NaN,NaN,1
19564.0571,0.2186719,303,11,2,9,NaN,NaN,NaN,10,5,5,NaN,NaN,NaN,1
12489.0436,0.0104765,303,11,2,9,NaN,NaN,NaN,10,7,3,NaN,NaN,NaN,1
31319.1487,-0.2568666,303,11,4,7,NaN,NaN,NaN,10,1,9,NaN,NaN,NaN,1
27045.7001,-2.737176,303,11,4,7,NaN,NaN,NaN,10,3,7,NaN,NaN,NaN,1
23251.5188,1.018229,303,11,4,7,NaN,NaN,NaN,10,5,5,NaN,NaN,NaN,1
16176.5052,0.04570132,303,11,4,7,NaN,NaN,NaN,10,7,3,NaN,NaN,NaN,1
6507.4313,0.000665186,303,11,4,7,NaN,NaN,NaN,10,9,1,NaN,NaN,NaN,1
36501.244,-0.03911722,303,11,6,5,NaN,NaN,NaN,10,1,9,NaN,NaN,NaN,1
32227.7954,-0.2558061,303,11,6,5,NaN,NaN,NaN,10,3,7,NaN,NaN,NaN,1
28433.6141,-2.683278,303,11,6,5,NaN,NaN,NaN,10,5,5,NaN,NaN,NaN,1
21358.6005,0.6380353,303,11,6,5,NaN,NaN,NaN,10,7,3,NaN,NaN,NaN,1
11689.5266,0.00920373,303,11,6,5,NaN,NaN,NaN,10,9,1,NaN,NaN,NaN,1
44849.0252,-0.00143561,303,11,8,3,NaN,NaN,NaN,10,1,9,NaN,NaN,NaN,1
40575.5766,-0.009347988,303,11,8,3,NaN,NaN,NaN,10,3,7,NaN,NaN,NaN,1
36781.3953,-0.08182487,303,11,8,3,NaN,NaN,NaN,10,5,5,NaN,NaN,NaN,1
29706.3817,-2.882182,303,11,8,3,NaN,NaN,NaN,10,7,3,NaN,NaN,NaN,1
20037.3078,0.3459678,303,11,8,3,NaN,NaN,NaN,10,9,1,NaN,NaN,NaN,1
47669.1745,-0.001023795,303,11,10,1,NaN,NaN,NaN,10,5,5,NaN,NaN,NaN,1
40594.1609,-0.03216227,303,11,10,1,NaN,NaN,NaN,10,7,3,NaN,NaN,NaN,1
30925.087,-3.123225,303,11,10,1,NaN,NaN,NaN,10,9,1,NaN,NaN,NaN,1
0.1621,-4.528536,303,11,1,11,NaN,NaN,NaN,11,0,11,NaN,NaN,NaN,1
6613.7628,-0.2444521,303,11,3,9,NaN,NaN,NaN,11,0,11,NaN,NaN,NaN,1
12124.8996,-0.02040173,303,11,5,7,NaN,NaN,NaN,11,0,11,NaN,NaN,NaN,1
19214.3644,-0.001200075,303,11,7,5,NaN,NaN,NaN,11,0,11,NaN,NaN,NaN,1
6498.9582,0.2457726,303,11,2,9,NaN,NaN,NaN,11,1,11,NaN,NaN,NaN,1
114.6425,-3.26437,303,11,3,9,NaN,NaN,NaN,11,2,9,NaN,NaN,NaN,1
5625.7793,-0.5131578,303,11,5,7,NaN,NaN,NaN,11,2,9,NaN,NaN,NaN,1
12715.2442,-0.03036676,303,11,7,5,NaN,NaN,NaN,11,2,9,NaN,NaN,NaN,1
22350.0751,-0.0006638095,303,11,9,3,NaN,NaN,NaN,11,2,9,NaN,NaN,NaN,1
10186.4198,0.03596438,303,11,4,7,NaN,NaN,NaN,11,1,11,NaN,NaN,NaN,1
3572.8191,0.972957,303,11,4,7,NaN,NaN,NaN,11,3,9,NaN,NaN,NaN,1
1938.3177,-1.907955,303,11,5,7,NaN,NaN,NaN,11,4,7,NaN,NaN,NaN,1
9027.7825,-0.1323989,303,11,7,5,NaN,NaN,NaN,11,4,7,NaN,NaN,NaN,1
18662.6135,-0.002895437,303,11,9,3,NaN,NaN,NaN,11,4,7,NaN,NaN,NaN,1
15368.5151,0.005501643,303,11,6,5,NaN,NaN,NaN,11,1,11,NaN,NaN,NaN,1
8754.9145,0.154331,303,11,6,5,NaN,NaN,NaN,11,3,9,NaN,NaN,NaN,1
3243.7777,1.800716,303,11,6,5,NaN,NaN,NaN,11,5,7,NaN,NaN,NaN,1
3845.6872,-1.762546,303,11,7,5,NaN,NaN,NaN,11,6,5,NaN,NaN,NaN,1
13480.5181,-0.04006157,303,11,9,3,NaN,NaN,NaN,11,6,5,NaN,NaN,NaN,1
17102.6957,0.005666601,303,11,8,3,NaN,NaN,NaN,11,3,9,NaN,NaN,NaN,1
11591.5589,0.07013969,303,11,8,3,NaN,NaN,NaN,11,5,7,NaN,NaN,NaN,1
4502.094,1.649021,303,11,8,3,NaN,NaN,NaN,11,7,5,NaN,NaN,NaN,1
5132.7369,-1.481524,303,11,9,3,NaN,NaN,NaN,11,8,3,NaN,NaN,NaN,1
17260.4212,-0.009066761,303,11,11,1,NaN,NaN,NaN,11,8,3,NaN,NaN,NaN,1
22479.338,0.0008777877,303,11,10,1,NaN,NaN,NaN,11,5,7,NaN,NaN,NaN,1
15389.8732,0.0211428,303,11,10,1,NaN,NaN,NaN,11,7,5,NaN,NaN,NaN,1
5755.0422,1.248733,303,11,10,1,NaN,NaN,NaN,11,9,3,NaN,NaN,NaN,1
6372.6421,-0.9085032,303,11,11,1,NaN,NaN,NaN,11,10,1,NaN,NaN,NaN,1
22970.8738,-0.5160982,303,12,0,12,NaN,NaN,NaN,11,1,10,NaN,NaN,NaN,1
17883.9681,-0.03165796,303,12,0,12,NaN,NaN,NaN,11,3,8,NaN,NaN,NaN,1
14221.7558,-0.007691219,303,12,0,12,NaN,NaN,NaN,11,5,6,NaN,NaN,NaN,1
7289.3025,-0.0005143841,303,12,0,12,NaN,NaN,NaN,11,7,4,NaN,NaN,NaN,1
30211.5141,2.030491,303,12,2,10,NaN,NaN,NaN,11,1,10,NaN,NaN,NaN,1
25124.6083,-1.007427,303,12,2,10,NaN,NaN,NaN,11,3,8,NaN,NaN,NaN,1
21462.3961,-0.2298453,303,12,2,10,NaN,NaN,NaN,11,5,6,NaN,NaN,NaN,1
14529.9428,-0.01533506,303,12,2,10,NaN,NaN,NaN,11,7,4,NaN,NaN,NaN,1
4895.7359,-0.0003353828,303,12,2,10,NaN,NaN,NaN,11,9,2,NaN,NaN,NaN,1
34546.1957,0.2071239,303,12,4,8,NaN,NaN,NaN,11,1,10,NaN,NaN,NaN,1
29459.29,2.811829,303,12,4,8,NaN,NaN,NaN,11,3,8,NaN,NaN,NaN,1
25797.0777,-1.193965,303,12,4,8,NaN,NaN,NaN,11,5,6,NaN,NaN,NaN,1
18864.6244,-0.07203994,303,12,4,8,NaN,NaN,NaN,11,7,4,NaN,NaN,NaN,1
9230.4175,-0.001575116,303,12,4,8,NaN,NaN,NaN,11,9,2,NaN,NaN,NaN,1
39407.6632,0.04171354,303,12,6,6,NaN,NaN,NaN,11,1,10,NaN,NaN,NaN,1
34320.7574,0.3501239,303,12,6,6,NaN,NaN,NaN,11,3,8,NaN,NaN,NaN,1
30658.5452,2.77131,303,12,6,6,NaN,NaN,NaN,11,5,6,NaN,NaN,NaN,1
23726.0919,-0.7527073,303,12,6,6,NaN,NaN,NaN,11,7,4,NaN,NaN,NaN,1
14091.885,-0.0162314,303,12,6,6,NaN,NaN,NaN,11,9,2,NaN,NaN,NaN,1
47670.1249,0.002035443,303,12,8,4,NaN,NaN,NaN,11,1,10,NaN,NaN,NaN,1
42583.2191,0.01695576,303,12,8,4,NaN,NaN,NaN,11,3,8,NaN,NaN,NaN,1
38921.0069,0.108248,303,12,8,4,NaN,NaN,NaN,11,5,6,NaN,NaN,NaN,1
31988.5536,2.938371,303,12,8,4,NaN,NaN,NaN,11,7,4,NaN,NaN,NaN,1
22354.3467,-0.4695465,303,12,8,4,NaN,NaN,NaN,11,9,2,NaN,NaN,NaN,1
10226.6627,-0.002822648,303,12,8,4,NaN,NaN,NaN,11,11,0,NaN,NaN,NaN,1
53440.006,0.0003165617,303,12,10,2,NaN,NaN,NaN,11,3,8,NaN,NaN,NaN,1
49777.7938,0.002020317,303,12,10,2,NaN,NaN,NaN,11,5,6,NaN,NaN,NaN,1
42845.3404,0.0482392,303,12,10,2,NaN,NaN,NaN,11,7,4,NaN,NaN,NaN,1
33211.1335,3.159548,303,12,10,2,NaN,NaN,NaN,11,9,2,NaN,NaN,NaN,1
21083.4495,-0.1908459,303,12,10,2,NaN,NaN,NaN,11,11,0,NaN,NaN,NaN,1
46554.8297,0.01548068,303,12,12,0,NaN,NaN,NaN,11,9,2,NaN,NaN,NaN,1
34427.1457,3.401292,303,12,12,0,NaN,NaN,NaN,11,11,0,NaN,NaN,NaN,1
22963.8412,0.5160215,303,12,1,12,NaN,NaN,NaN,11,2,10,NaN,NaN,NaN,1
17156.5998,0.02862431,303,12,1,12,NaN,NaN,NaN,11,4,8,NaN,NaN,NaN,1
11148.9427,0.00238488,303,12,1,12,NaN,NaN,NaN,11,6,6,NaN,NaN,NaN,1
30262.5705,-2.029494,303,12,3,10,NaN,NaN,NaN,11,2,10,NaN,NaN,NaN,1
24455.329,0.9285327,303,12,3,10,NaN,NaN,NaN,11,4,8,NaN,NaN,NaN,1
18447.6719,0.07472264,303,12,3,10,NaN,NaN,NaN,11,6,6,NaN,NaN,NaN,1
10086.6421,0.002712323,303,12,3,10,NaN,NaN,NaN,11,8,4,NaN,NaN,NaN,1
36140.5882,-0.1455466,303,12,5,8,NaN,NaN,NaN,11,2,10,NaN,NaN,NaN,1
30333.3468,-2.642161,303,12,5,8,NaN,NaN,NaN,11,4,8,NaN,NaN,NaN,1
24325.6896,0.894046,303,12,5,8,NaN,NaN,NaN,11,6,6,NaN,NaN,NaN,1
15964.6598,0.03161389,303,12,5,8,NaN,NaN,NaN,11,8,4,NaN,NaN,NaN,1
5076.863,0.0003956038,303,12,5,8,NaN,NaN,NaN,11,10,2,NaN,NaN,NaN,1
43187.5273,-0.01056049,303,12,7,6,NaN,NaN,NaN,11,2,10,NaN,NaN,NaN,1
37380.2859,-0.153258,303,12,7,6,NaN,NaN,NaN,11,4,8,NaN,NaN,NaN,1
31372.6288,-2.84184,303,12,7,6,NaN,NaN,NaN,11,6,6,NaN,NaN,NaN,1
23011.5989,0.6091339,303,12,7,6,NaN,NaN,NaN,11,8,4,NaN,NaN,NaN,1
12123.8021,0.007572063,303,12,7,6,NaN,NaN,NaN,11,10,2,NaN,NaN,NaN,1
52777.5509,-0.0003163371,303,12,9,4,NaN,NaN,NaN,11,2,10,NaN,NaN,NaN,1
46970.3094,-0.004587313,303,12,9,4,NaN,NaN,NaN,11,4,8,NaN,NaN,NaN,1
40962.6523,-0.07273374,303,12,9,4,NaN,NaN,NaN,11,6,6,NaN,NaN,NaN,1
32601.6225,-3.045367,303,12,9,4,NaN,NaN,NaN,11,8,4,NaN,NaN,NaN,1
21713.8256,0.3310847,303,12,9,4,NaN,NaN,NaN,11,10,2,NaN,NaN,NaN,1
53068.2005,-0.0007977579,303,12,11,2,NaN,NaN,NaN,11,6,6,NaN,NaN,NaN,1
44707.1706,-0.02995387,303,12,11,2,NaN,NaN,NaN,11,8,4,NaN,NaN,NaN,1
33819.3738,-3.278658,303,12,11,2,NaN,NaN,NaN,11,10,2,NaN,NaN,NaN,1
0.0623,4.744254,303,12,1,12,NaN,NaN,NaN,12,0,12,NaN,NaN,NaN,1
7240.5779,-0.2335893,303,12,2,10,NaN,NaN,NaN,12,1,12,NaN,NaN,NaN,1
11575.2596,-0.02693854,303,12,4,8,NaN,NaN,NaN,12,1,12,NaN,NaN,NaN,1
16436.727,-0.005440727,303,12,6,6,NaN,NaN,NaN,12,1,12,NaN,NaN,NaN,1
7298.7915,0.233143,303,12,3,10,NaN,NaN,NaN,12,0,12,NaN,NaN,NaN,1
58.1513,3.567506,303,12,3,10,NaN,NaN,NaN,12,2,10,NaN,NaN,NaN,1
4276.5304,-0.8226477,303,12,4,8,NaN,NaN,NaN,12,3,10,NaN,NaN,NaN,1
9137.9978,-0.170351,303,12,6,6,NaN,NaN,NaN,12,3,10,NaN,NaN,NaN,1
17400.4595,-0.008317071,303,12,8,4,NaN,NaN,NaN,12,3,10,NaN,NaN,NaN,1
13176.8093,0.01883401,303,12,5,8,NaN,NaN,NaN,12,0,12,NaN,NaN,NaN,1
5936.169,0.557818,303,12,5,8,NaN,NaN,NaN,12,2,10,NaN,NaN,NaN,1
1601.4874,2.079497,303,12,5,8,NaN,NaN,NaN,12,4,8,NaN,NaN,NaN,1
3259.9801,-1.85118,303,12,6,6,NaN,NaN,NaN,12,5,8,NaN,NaN,NaN,1
11522.4418,-0.09692655,303,12,8,4,NaN,NaN,NaN,12,5,8,NaN,NaN,NaN,1
22379.2286,-0.001809853,303,12,10,2,NaN,NaN,NaN,12,5,8,NaN,NaN,NaN,1
20223.7484,0.001367613,303,12,7,6,NaN,NaN,NaN,12,0,12,NaN,NaN,NaN,1
12983.1082,0.04077063,303,12,7,6,NaN,NaN,NaN,12,2,10,NaN,NaN,NaN,1
8648.4265,0.1912883,303,12,7,6,NaN,NaN,NaN,12,4,8,NaN,NaN,NaN,1
3786.959,1.875853,303,12,7,6,NaN,NaN,NaN,12,6,6,NaN,NaN,NaN,1
4475.5027,-1.796867,303,12,8,4,NaN,NaN,NaN,12,7,6,NaN,NaN,NaN,1
15332.2895,-0.03464118,303,12,10,2,NaN,NaN,NaN,12,7,6,NaN,NaN,NaN,1
22573.1317,0.00122131,303,12,9,4,NaN,NaN,NaN,12,2,10,NaN,NaN,NaN,1
18238.45,0.005735841,303,12,9,4,NaN,NaN,NaN,12,4,8,NaN,NaN,NaN,1
13376.9826,0.05910488,303,12,9,4,NaN,NaN,NaN,12,6,6,NaN,NaN,NaN,1
5114.5209,1.669547,303,12,9,4,NaN,NaN,NaN,12,8,4,NaN,NaN,NaN,1
5742.266,-1.493253,303,12,10,2,NaN,NaN,NaN,12,9,4,NaN,NaN,NaN,1
19085.9622,-0.008152661,303,12,12,0,NaN,NaN,NaN,12,9,4,NaN,NaN,NaN,1
25482.5307,0.0006483618,303,12,11,2,NaN,NaN,NaN,12,6,6,NaN,NaN,NaN,1
17220.069,0.01869898,303,12,11,2,NaN,NaN,NaN,12,8,4,NaN,NaN,NaN,1
6363.2822,1.254517,303,12,11,2,NaN,NaN,NaN,12,10,2,NaN,NaN,NaN,1
6980.414,-0.9103478,303,12,12,0,NaN,NaN,NaN,12,11,2,NaN,NaN,NaN,1
30390.2185,1.468828,303,12,1,11,NaN,NaN,NaN,11,0,11,NaN,NaN,NaN,1
23891.0983,-0.753989,303,12,1,11,NaN,NaN,NaN,11,2,9,NaN,NaN,NaN,1
20203.6366,-0.1079867,303,12,1,11,NaN,NaN,NaN,11,4,7,NaN,NaN,NaN,1
15021.5413,-0.01650719,303,12,1,11,NaN,NaN,NaN,11,6,5,NaN,NaN,NaN,1
6673.7601,-0.0006058427,303,12,1,11,NaN,NaN,NaN,11,8,3,NaN,NaN,NaN,1
36317.7914,0.07395332,303,12,3,9,NaN,NaN,NaN,11,0,11,NaN,NaN,NaN,1
29818.6711,2.446635,303,12,3,9,NaN,NaN,NaN,11,2,9,NaN,NaN,NaN,1
26131.2095,-1.355132,303,12,3,9,NaN,NaN,NaN,11,4,7,NaN,NaN,NaN,1
20949.1142,-0.1780529,303,12,3,9,NaN,NaN,NaN,11,6,5,NaN,NaN,NaN,1
12601.333,-0.006524627,303,12,3,9,NaN,NaN,NaN,11,8,3,NaN,NaN,NaN,1
40012.3254,0.01713464,303,12,5,7,NaN,NaN,NaN,11,0,11,NaN,NaN,NaN,1
33513.2051,0.438395,303,12,5,7,NaN,NaN,NaN,11,2,9,NaN,NaN,NaN,1
29825.7435,2.813959,303,12,5,7,NaN,NaN,NaN,11,4,7,NaN,NaN,NaN,1
24643.6481,-0.9129869,303,12,5,7,NaN,NaN,NaN,11,6,5,NaN,NaN,NaN,1
16295.8669,-0.03237984,303,12,5,7,NaN,NaN,NaN,11,8,3,NaN,NaN,NaN,1
5408.0878,-0.0004051911,303,12,5,7,NaN,NaN,NaN,11,10,1,NaN,NaN,NaN,1
46730.3295,0.00158763,303,12,7,5,NaN,NaN,NaN,11,0,11,NaN,NaN,NaN,1
40231.2093,0.04017627,303,12,7,5,NaN,NaN,NaN,11,2,9,NaN,NaN,NaN,1
36543.7476,0.1755187,303,12,7,5,NaN,NaN,NaN,11,4,7,NaN,NaN,NaN,1
31361.6523,2.842615,303,12,7,5,NaN,NaN,NaN,11,6,5,NaN,NaN,NaN,1
23013.8711,-0.6091593,303,12,7,5,NaN,NaN,NaN,11,8,3,NaN,NaN,NaN,1
12126.0919,-0.007572398,303,12,7,5,NaN,NaN,NaN,11,10,1,NaN,NaN,NaN,1
49818.945,0.001205485,303,12,9,3,NaN,NaN,NaN,11,2,9,NaN,NaN,NaN,1
46131.4834,0.00525815,303,12,9,3,NaN,NaN,NaN,11,4,7,NaN,NaN,NaN,1
40949.388,0.07276064,303,12,9,3,NaN,NaN,NaN,11,6,5,NaN,NaN,NaN,1
32601.6068,3.045368,303,12,9,3,NaN,NaN,NaN,11,8,3,NaN,NaN,NaN,1
21713.8277,-0.3310847,303,12,9,3,NaN,NaN,NaN,11,10,1,NaN,NaN,NaN,1
53054.9341,0.0007980532,303,12,11,1,NaN,NaN,NaN,11,6,5,NaN,NaN,NaN,1
44707.1529,0.02995387,303,12,11,1,NaN,NaN,NaN,11,8,3,NaN,NaN,NaN,1
33819.3738,3.278658,303,12,11,1,NaN,NaN,NaN,11,10,1,NaN,NaN,NaN,1
30393.1169,-1.468812,303,12,2,11,NaN,NaN,NaN,11,1,11,NaN,NaN,NaN,1
23779.5162,0.7505467,303,12,2,11,NaN,NaN,NaN,11,3,9,NaN,NaN,NaN,1
18268.3794,0.06140954,303,12,2,11,NaN,NaN,NaN,11,5,7,NaN,NaN,NaN,1
11178.9146,0.003611765,303,12,2,11,NaN,NaN,NaN,11,7,5,NaN,NaN,NaN,1
36795.928,-0.07089006,303,12,4,9,NaN,NaN,NaN,11,1,11,NaN,NaN,NaN,1
30182.3273,-2.411227,303,12,4,9,NaN,NaN,NaN,11,3,9,NaN,NaN,NaN,1
24671.1905,0.985197,303,12,4,9,NaN,NaN,NaN,11,5,7,NaN,NaN,NaN,1
17581.7257,0.05572673,303,12,4,9,NaN,NaN,NaN,11,7,5,NaN,NaN,NaN,1
7946.8947,0.001218039,303,12,4,9,NaN,NaN,NaN,11,9,3,NaN,NaN,NaN,1
42903.5862,-0.006509974,303,12,6,7,NaN,NaN,NaN,11,1,11,NaN,NaN,NaN,1
36289.9856,-0.1829127,303,12,6,7,NaN,NaN,NaN,11,3,9,NaN,NaN,NaN,1
30778.8488,-2.755684,303,12,6,7,NaN,NaN,NaN,11,5,7,NaN,NaN,NaN,1
23689.3839,0.7519171,303,12,6,7,NaN,NaN,NaN,11,7,5,NaN,NaN,NaN,1
14054.553,0.01621275,303,12,6,7,NaN,NaN,NaN,11,9,3,NaN,NaN,NaN,1
44589.6931,-0.008666054,303,12,8,5,NaN,NaN,NaN,11,3,9,NaN,NaN,NaN,1
39078.5563,-0.1073039,303,12,8,5,NaN,NaN,NaN,11,5,7,NaN,NaN,NaN,1
31989.0915,-2.938344,303,12,8,5,NaN,NaN,NaN,11,7,5,NaN,NaN,NaN,1
22354.2605,0.469546,303,12,8,5,NaN,NaN,NaN,11,9,3,NaN,NaN,NaN,1
10226.5762,0.002822645,303,12,8,5,NaN,NaN,NaN,11,11,1,NaN,NaN,NaN,1
49935.4296,-0.002002656,303,12,10,3,NaN,NaN,NaN,11,5,7,NaN,NaN,NaN,1
42845.9648,-0.04823865,303,12,10,3,NaN,NaN,NaN,11,7,5,NaN,NaN,NaN,1
33211.1338,-3.159548,303,12,10,3,NaN,NaN,NaN,11,9,3,NaN,NaN,NaN,1
21083.4495,0.1908459,303,12,10,3,NaN,NaN,NaN,11,11,1,NaN,NaN,NaN,1
46554.83,-0.01548068,303,12,12,1,NaN,NaN,NaN,11,9,3,NaN,NaN,NaN,1
34427.1457,-3.401292,303,12,12,1,NaN,NaN,NaN,11,11,1,NaN,NaN,NaN,1
3.0604,4.198756,303,12,2,11,NaN,NaN,NaN,12,1,11,NaN,NaN,NaN,1
5924.5124,-0.4440014,303,12,3,9,NaN,NaN,NaN,12,2,11,NaN,NaN,NaN,1
9619.0464,-0.1033824,303,12,5,7,NaN,NaN,NaN,12,2,11,NaN,NaN,NaN,1
16337.0506,-0.00958133,303,12,7,5,NaN,NaN,NaN,12,2,11,NaN,NaN,NaN,1
6405.8716,0.4250403,303,12,4,9,NaN,NaN,NaN,12,1,11,NaN,NaN,NaN,1
478.2987,2.754712,303,12,4,9,NaN,NaN,NaN,12,3,9,NaN,NaN,NaN,1
3216.2353,-1.490962,303,12,5,7,NaN,NaN,NaN,12,4,9,NaN,NaN,NaN,1
9934.2394,-0.1477675,303,12,7,5,NaN,NaN,NaN,12,4,9,NaN,NaN,NaN,1
19521.9752,-0.004435529,303,12,9,3,NaN,NaN,NaN,12,4,9,NaN,NaN,NaN,1
12513.5298,0.03916624,303,12,6,7,NaN,NaN,NaN,12,1,11,NaN,NaN,NaN,1
6585.9569,0.4198771,303,12,6,7,NaN,NaN,NaN,12,3,9,NaN,NaN,NaN,1
2891.4229,1.905423,303,12,6,7,NaN,NaN,NaN,12,5,7,NaN,NaN,NaN,1
3826.5812,-1.873318,303,12,7,5,NaN,NaN,NaN,12,6,7,NaN,NaN,NaN,1
13414.317,-0.05903692,303,12,9,3,NaN,NaN,NaN,12,6,7,NaN,NaN,NaN,1
25519.863,-0.0006476165,303,12,11,1,NaN,NaN,NaN,12,6,7,NaN,NaN,NaN,1
20813.2374,0.001857905,303,12,8,5,NaN,NaN,NaN,12,1,11,NaN,NaN,NaN,1
14885.6645,0.02000854,303,12,8,5,NaN,NaN,NaN,12,3,9,NaN,NaN,NaN,1
11191.1305,0.09927814,303,12,8,5,NaN,NaN,NaN,12,5,7,NaN,NaN,NaN,1
4473.1264,1.796958,303,12,8,5,NaN,NaN,NaN,12,7,5,NaN,NaN,NaN,1
5114.6094,-1.669545,303,12,9,3,NaN,NaN,NaN,12,8,5,NaN,NaN,NaN,1
17220.1555,-0.01869896,303,12,11,1,NaN,NaN,NaN,12,8,5,NaN,NaN,NaN,1
25742.5378,0.0003735402,303,12,10,3,NaN,NaN,NaN,12,3,9,NaN,NaN,NaN,1
22048.0038,0.001853714,303,12,10,3,NaN,NaN,NaN,12,5,7,NaN,NaN,NaN,1
15329.9996,0.03464271,303,12,10,3,NaN,NaN,NaN,12,7,5,NaN,NaN,NaN,1
5742.2639,1.493253,303,12,10,3,NaN,NaN,NaN,12,9,3,NaN,NaN,NaN,1
6363.2822,-1.254517,303,12,11,1,NaN,NaN,NaN,12,10,3,NaN,NaN,NaN,1
19085.9601,0.008152661,303,12,12,1,NaN,NaN,NaN,12,9,3,NaN,NaN,NaN,1
6980.414,0.9103478,303,12,12,1,NaN,NaN,NaN,12,11,1,NaN,NaN,NaN,1
32936.357,1.471523,303,13,2,12,NaN,NaN,NaN,12,1,12,NaN,NaN,NaN,1
25637.6278,-0.7483939,303,13,2,12,NaN,NaN,NaN,12,3,10,NaN,NaN,NaN,1
19759.6101,-0.0594056,303,13,2,12,NaN,NaN,NaN,12,5,8,NaN,NaN,NaN,1
12712.6709,-0.004313159,303,13,2,12,NaN,NaN,NaN,12,7,6,NaN,NaN,NaN,1
39979.3354,0.06491634,303,13,4,10,NaN,NaN,NaN,12,1,12,NaN,NaN,NaN,1
32680.6062,2.434667,303,13,4,10,NaN,NaN,NaN,12,3,10,NaN,NaN,NaN,1
26802.5884,-1.039308,303,13,4,10,NaN,NaN,NaN,12,5,8,NaN,NaN,NaN,1
19755.6493,-0.07230892,303,13,4,10,NaN,NaN,NaN,12,7,6,NaN,NaN,NaN,1
10165.6258,-0.00216566,303,13,4,10,NaN,NaN,NaN,12,9,4,NaN,NaN,NaN,1
46263.15,0.006236396,303,13,6,8,NaN,NaN,NaN,12,1,12,NaN,NaN,NaN,1
38964.4207,0.1956279,303,13,6,8,NaN,NaN,NaN,12,3,10,NaN,NaN,NaN,1
33086.403,2.832536,303,13,6,8,NaN,NaN,NaN,12,5,8,NaN,NaN,NaN,1
26039.4639,-0.8596951,303,13,6,8,NaN,NaN,NaN,12,7,6,NaN,NaN,NaN,1
16449.4403,-0.02525425,303,13,6,8,NaN,NaN,NaN,12,9,4,NaN,NaN,NaN,1
54492.9551,0.000371668,303,13,8,6,NaN,NaN,NaN,12,1,12,NaN,NaN,NaN,1
47194.2259,0.01164298,303,13,8,6,NaN,NaN,NaN,12,3,10,NaN,NaN,NaN,1
41316.2081,0.1357716,303,13,8,6,NaN,NaN,NaN,12,5,8,NaN,NaN,NaN,1
34269.269,2.998926,303,13,8,6,NaN,NaN,NaN,12,7,6,NaN,NaN,NaN,1
24679.2454,-0.5841317,303,13,8,6,NaN,NaN,NaN,12,9,4,NaN,NaN,NaN,1
12573.6973,-0.006374687,303,13,8,6,NaN,NaN,NaN,12,11,2,NaN,NaN,NaN,1
52133.4313,0.003448402,303,13,10,4,NaN,NaN,NaN,12,5,8,NaN,NaN,NaN,1
45086.4922,0.06600866,303,13,10,4,NaN,NaN,NaN,12,7,6,NaN,NaN,NaN,1
35496.4686,3.201153,303,13,10,4,NaN,NaN,NaN,12,9,4,NaN,NaN,NaN,1
23390.9205,-0.3179826,303,13,10,4,NaN,NaN,NaN,12,11,2,NaN,NaN,NaN,1
58409.2216,0.0006442425,303,13,12,2,NaN,NaN,NaN,12,7,6,NaN,NaN,NaN,1
48819.1981,0.02813551,303,13,12,2,NaN,NaN,NaN,12,9,4,NaN,NaN,NaN,1
36713.6499,3.427164,303,13,12,2,NaN,NaN,NaN,12,11,2,NaN,NaN,NaN,1
32935.1295,-1.471528,303,13,1,12,NaN,NaN,NaN,12,0,12,NaN,NaN,NaN,1
25694.4892,0.7496099,303,13,1,12,NaN,NaN,NaN,12,2,10,NaN,NaN,NaN,1
21359.8076,0.08489396,303,13,1,12,NaN,NaN,NaN,12,4,8,NaN,NaN,NaN,1
16498.3401,0.01713827,303,13,1,12,NaN,NaN,NaN,12,6,6,NaN,NaN,NaN,1
8235.8784,0.0008363145,303,13,1,12,NaN,NaN,NaN,12,8,4,NaN,NaN,NaN,1
39691.3603,-0.06597794,303,13,3,10,NaN,NaN,NaN,12,0,12,NaN,NaN,NaN,1
32450.72,-2.448046,303,13,3,10,NaN,NaN,NaN,12,2,10,NaN,NaN,NaN,1
28116.0383,1.316653,303,13,3,10,NaN,NaN,NaN,12,4,8,NaN,NaN,NaN,1
23254.5709,0.2333095,303,13,3,10,NaN,NaN,NaN,12,6,6,NaN,NaN,NaN,1
14992.1092,0.01135736,303,13,3,10,NaN,NaN,NaN,12,8,4,NaN,NaN,NaN,1
43635.7345,-0.01317949,303,13,5,8,NaN,NaN,NaN,12,0,12,NaN,NaN,NaN,1
36395.0943,-0.3965799,303,13,5,8,NaN,NaN,NaN,12,2,10,NaN,NaN,NaN,1
32060.4126,-2.9639,303,13,5,8,NaN,NaN,NaN,12,4,8,NaN,NaN,NaN,1
27198.9452,1.04154,303,13,5,8,NaN,NaN,NaN,12,6,6,NaN,NaN,NaN,1
18936.4835,0.04819046,303,13,5,8,NaN,NaN,NaN,12,8,4,NaN,NaN,NaN,1
8079.6966,0.0008996419,303,13,5,8,NaN,NaN,NaN,12,10,2,NaN,NaN,NaN,1
50058.3827,-0.001684616,303,13,7,6,NaN,NaN,NaN,12,0,12,NaN,NaN,NaN,1
42817.7425,-0.05022622,303,13,7,6,NaN,NaN,NaN,12,2,10,NaN,NaN,NaN,1
38483.0608,-0.2366388,303,13,7,6,NaN,NaN,NaN,12,4,8,NaN,NaN,NaN,1
33621.5934,-2.915795,303,13,7,6,NaN,NaN,NaN,12,6,6,NaN,NaN,NaN,1
25359.1317,0.7200622,303,13,7,6,NaN,NaN,NaN,12,8,4,NaN,NaN,NaN,1
14502.3448,0.01330698,303,13,7,6,NaN,NaN,NaN,12,10,2,NaN,NaN,NaN,1
52343.7027,-0.001965407,303,13,9,4,NaN,NaN,NaN,12,2,10,NaN,NaN,NaN,1
48009.0211,-0.009230508,303,13,9,4,NaN,NaN,NaN,12,4,8,NaN,NaN,NaN,1
43147.5536,-0.09513692,303,13,9,4,NaN,NaN,NaN,12,6,6,NaN,NaN,NaN,1
34885.0919,-3.095903,303,13,9,4,NaN,NaN,NaN,12,8,4,NaN,NaN,NaN,1
24028.3051,0.4507327,303,13,9,4,NaN,NaN,NaN,12,10,2,NaN,NaN,NaN,1
10684.6089,0.002423068,303,13,9,4,NaN,NaN,NaN,12,12,0,NaN,NaN,NaN,1
55224.7845,-0.001548328,303,13,11,2,NaN,NaN,NaN,12,6,6,NaN,NaN,NaN,1
46962.3228,-0.04465551,303,13,11,2,NaN,NaN,NaN,12,8,4,NaN,NaN,NaN,1
36105.536,-3.312119,303,13,11,2,NaN,NaN,NaN,12,10,2,NaN,NaN,NaN,1
22761.8398,0.1833382,303,13,11,2,NaN,NaN,NaN,12,12,0,NaN,NaN,NaN,1
50665.0922,-0.0147003,303,13,13,0,NaN,NaN,NaN,12,10,2,NaN,NaN,NaN,1
37321.396,-3.545216,303,13,13,0,NaN,NaN,NaN,12,12,0,NaN,NaN,NaN,1
1.2898,-4.430413,303,13,2,12,NaN,NaN,NaN,13,1,12,NaN,NaN,NaN,1
7044.2682,-0.4087006,303,13,4,10,NaN,NaN,NaN,13,1,12,NaN,NaN,NaN,1
13328.0828,-0.03937557,303,13,6,8,NaN,NaN,NaN,13,1,12,NaN,NaN,NaN,1
21557.8879,-0.002346706,303,13,8,6,NaN,NaN,NaN,13,1,12,NaN,NaN,NaN,1
6754.9409,0.4155794,303,13,3,10,NaN,NaN,NaN,13,2,12,NaN,NaN,NaN,1
288.0375,-3.098506,303,13,4,10,NaN,NaN,NaN,13,3,10,NaN,NaN,NaN,1
6571.852,-0.5312546,303,13,6,8,NaN,NaN,NaN,13,3,10,NaN,NaN,NaN,1
14801.6571,-0.03186817,303,13,8,6,NaN,NaN,NaN,13,3,10,NaN,NaN,NaN,1
25618.8803,-0.0008098302,303,13,10,4,NaN,NaN,NaN,13,3,10,NaN,NaN,NaN,1
10699.3152,0.08330166,303,13,5,8,NaN,NaN,NaN,13,2,12,NaN,NaN,NaN,1
3656.3368,1.318553,303,13,5,8,NaN,NaN,NaN,13,4,10,NaN,NaN,NaN,1
2627.4777,-1.991343,303,13,6,8,NaN,NaN,NaN,13,5,8,NaN,NaN,NaN,1
10857.2829,-0.1351622,303,13,8,6,NaN,NaN,NaN,13,5,8,NaN,NaN,NaN,1
21674.506,-0.003435907,303,13,10,4,NaN,NaN,NaN,13,5,8,NaN,NaN,NaN,1
17121.9634,0.0106495,303,13,7,6,NaN,NaN,NaN,13,2,12,NaN,NaN,NaN,1
10078.985,0.1784167,303,13,7,6,NaN,NaN,NaN,13,4,10,NaN,NaN,NaN,1
3795.1704,1.960015,303,13,7,6,NaN,NaN,NaN,13,6,8,NaN,NaN,NaN,1
4434.6347,-1.919802,303,13,8,6,NaN,NaN,NaN,13,7,6,NaN,NaN,NaN,1
15251.8578,-0.05082074,303,13,10,4,NaN,NaN,NaN,13,7,6,NaN,NaN,NaN,1
28574.5873,-0.0004960533,303,13,12,2,NaN,NaN,NaN,13,7,6,NaN,NaN,NaN,1
26647.9236,0.0004167606,303,13,9,4,NaN,NaN,NaN,13,2,12,NaN,NaN,NaN,1
19604.9453,0.006985762,303,13,9,4,NaN,NaN,NaN,13,4,10,NaN,NaN,NaN,1
13321.1307,0.08145568,303,13,9,4,NaN,NaN,NaN,13,6,8,NaN,NaN,NaN,1
5091.3256,1.823983,303,13,9,4,NaN,NaN,NaN,13,8,6,NaN,NaN,NaN,1
5725.8976,-1.686263,303,13,10,4,NaN,NaN,NaN,13,9,4,NaN,NaN,NaN,1
19048.6271,-0.01676154,303,13,12,2,NaN,NaN,NaN,13,9,4,NaN,NaN,NaN,1
25398.3616,0.00132602,303,13,11,2,NaN,NaN,NaN,13,6,8,NaN,NaN,NaN,1
17168.5565,0.03051398,303,13,11,2,NaN,NaN,NaN,13,8,6,NaN,NaN,NaN,1
6351.3333,1.503018,303,13,11,2,NaN,NaN,NaN,13,10,4,NaN,NaN,NaN,1
6971.3961,-1.259394,303,13,12,2,NaN,NaN,NaN,13,11,2,NaN,NaN,NaN,1
20910.8895,0.007406195,303,13,13,0,NaN,NaN,NaN,13,10,4,NaN,NaN,NaN,1
7588.16,0.9119189,303,13,13,0,NaN,NaN,NaN,13,12,2,NaN,NaN,NaN,1
24809.432,-0.5152157,303,13,1,13,NaN,NaN,NaN,12,2,11,NaN,NaN,NaN,1
18406.6209,-0.02603696,303,13,1,13,NaN,NaN,NaN,12,4,9,NaN,NaN,NaN,1
12298.9627,-0.002391376,303,13,1,13,NaN,NaN,NaN,12,6,7,NaN,NaN,NaN,1
32802.4663,2.037914,303,13,3,11,NaN,NaN,NaN,12,2,11,NaN,NaN,NaN,1
26399.6552,-0.9368143,303,13,3,11,NaN,NaN,NaN,12,4,9,NaN,NaN,NaN,1
20291.997,-0.08329733,303,13,3,11,NaN,NaN,NaN,12,6,7,NaN,NaN,NaN,1
11992.2894,-0.00395036,303,13,3,11,NaN,NaN,NaN,12,8,5,NaN,NaN,NaN,1
39134.2234,0.1390341,303,13,5,9,NaN,NaN,NaN,12,2,11,NaN,NaN,NaN,1
32731.4123,2.698385,303,13,5,9,NaN,NaN,NaN,12,4,9,NaN,NaN,NaN,1
26623.7541,-0.9907132,303,13,5,9,NaN,NaN,NaN,12,6,7,NaN,NaN,NaN,1
18324.0465,-0.04542022,303,13,5,9,NaN,NaN,NaN,12,8,5,NaN,NaN,NaN,1
7467.1733,-0.0008478989,303,13,5,9,NaN,NaN,NaN,12,10,3,NaN,NaN,NaN,1
46162.107,0.01188341,303,13,7,7,NaN,NaN,NaN,12,2,11,NaN,NaN,NaN,1
39759.2959,0.1835396,303,13,7,7,NaN,NaN,NaN,12,4,9,NaN,NaN,NaN,1
33651.6376,2.913469,303,13,7,7,NaN,NaN,NaN,12,6,7,NaN,NaN,NaN,1
25351.9301,-0.7199627,303,13,7,7,NaN,NaN,NaN,12,8,5,NaN,NaN,NaN,1
14495.0568,-0.013305,303,13,7,7,NaN,NaN,NaN,12,10,3,NaN,NaN,NaN,1
55695.3442,0.0004626714,303,13,9,5,NaN,NaN,NaN,12,2,11,NaN,NaN,NaN,1
49292.533,0.007138002,303,13,9,5,NaN,NaN,NaN,12,4,9,NaN,NaN,NaN,1
43184.8748,0.09502776,303,13,9,5,NaN,NaN,NaN,12,6,7,NaN,NaN,NaN,1
34885.1672,3.0959,303,13,9,5,NaN,NaN,NaN,12,8,5,NaN,NaN,NaN,1
24028.294,-0.4507326,303,13,9,5,NaN,NaN,NaN,12,10,3,NaN,NaN,NaN,1
10684.5978,-0.002423067,303,13,9,5,NaN,NaN,NaN,12,12,1,NaN,NaN,NaN,1
55262.1168,0.001546548,303,13,11,3,NaN,NaN,NaN,12,6,7,NaN,NaN,NaN,1
46962.4093,0.04465545,303,13,11,3,NaN,NaN,NaN,12,8,5,NaN,NaN,NaN,1
36105.536,3.312119,303,13,11,3,NaN,NaN,NaN,12,10,3,NaN,NaN,NaN,1
22761.8398,-0.1833382,303,13,11,3,NaN,NaN,NaN,12,12,1,NaN,NaN,NaN,1
50665.0922,0.0147003,303,13,13,1,NaN,NaN,NaN,12,10,3,NaN,NaN,NaN,1
37321.396,3.545216,303,13,13,1,NaN,NaN,NaN,12,12,1,NaN,NaN,NaN,1
24812.4688,0.515242,303,13,0,13,NaN,NaN,NaN,12,1,11,NaN,NaN,NaN,1
18884.8959,0.02716466,303,13,0,13,NaN,NaN,NaN,12,3,9,NaN,NaN,NaN,1
15190.3619,0.006295253,303,13,0,13,NaN,NaN,NaN,12,5,7,NaN,NaN,NaN,1
8472.3578,0.0005833003,303,13,0,13,NaN,NaN,NaN,12,7,5,NaN,NaN,NaN,1
32777.4325,-2.038237,303,13,2,11,NaN,NaN,NaN,12,1,11,NaN,NaN,NaN,1
26849.8597,0.9705023,303,13,2,11,NaN,NaN,NaN,12,3,9,NaN,NaN,NaN,1
23155.3257,0.2148028,303,13,2,11,NaN,NaN,NaN,12,5,7,NaN,NaN,NaN,1
16437.3215,0.01985953,303,13,2,11,NaN,NaN,NaN,12,7,5,NaN,NaN,NaN,1
6849.5858,0.0005959091,303,13,2,11,NaN,NaN,NaN,12,9,3,NaN,NaN,NaN,1
37894.1656,-0.1697016,303,13,4,9,NaN,NaN,NaN,12,1,11,NaN,NaN,NaN,1
31966.5927,-2.834889,303,13,4,9,NaN,NaN,NaN,12,3,9,NaN,NaN,NaN,1
28272.0587,1.364983,303,13,4,9,NaN,NaN,NaN,12,5,7,NaN,NaN,NaN,1
21554.0546,0.109977,303,13,4,9,NaN,NaN,NaN,12,7,5,NaN,NaN,NaN,1
11966.3188,0.003297886,303,13,4,9,NaN,NaN,NaN,12,9,3,NaN,NaN,NaN,1
42470.1744,-0.04086959,303,13,6,7,NaN,NaN,NaN,12,1,11,NaN,NaN,NaN,1
36542.6016,-0.4451021,303,13,6,7,NaN,NaN,NaN,12,3,9,NaN,NaN,NaN,1
32848.0676,-2.872578,303,13,6,7,NaN,NaN,NaN,12,5,7,NaN,NaN,NaN,1
26130.0634,0.8622446,303,13,6,7,NaN,NaN,NaN,12,7,5,NaN,NaN,NaN,1
16542.3277,0.02533809,303,13,6,7,NaN,NaN,NaN,12,9,3,NaN,NaN,NaN,1
50607.4429,-0.002600045,303,13,8,5,NaN,NaN,NaN,12,1,11,NaN,NaN,NaN,1
44679.8701,-0.02800202,303,13,8,5,NaN,NaN,NaN,12,3,9,NaN,NaN,NaN,1
40985.3361,-0.1390497,303,13,8,5,NaN,NaN,NaN,12,5,7,NaN,NaN,NaN,1
34267.3319,-2.999027,303,13,8,5,NaN,NaN,NaN,12,7,5,NaN,NaN,NaN,1
24679.5962,0.5841345,303,13,8,5,NaN,NaN,NaN,12,9,3,NaN,NaN,NaN,1
12574.0501,0.006374719,303,13,8,5,NaN,NaN,NaN,12,11,1,NaN,NaN,NaN,1
55496.7407,-0.0007117245,303,13,10,3,NaN,NaN,NaN,12,3,9,NaN,NaN,NaN,1
51802.2067,-0.003531973,303,13,10,3,NaN,NaN,NaN,12,5,7,NaN,NaN,NaN,1
45084.2025,-0.06601157,303,13,10,3,NaN,NaN,NaN,12,7,5,NaN,NaN,NaN,1
35496.4668,-3.201153,303,13,10,3,NaN,NaN,NaN,12,9,3,NaN,NaN,NaN,1
23390.9207,0.3179826,303,13,10,3,NaN,NaN,NaN,12,11,1,NaN,NaN,NaN,1
58406.9318,-0.000644271,303,13,12,1,NaN,NaN,NaN,12,7,5,NaN,NaN,NaN,1
48819.196,-0.02813551,303,13,12,1,NaN,NaN,NaN,12,9,3,NaN,NaN,NaN,1
36713.6499,-3.427164,303,13,12,1,NaN,NaN,NaN,12,11,1,NaN,NaN,NaN,1
0.0237,-4.950546,303,13,1,13,NaN,NaN,NaN,13,0,13,NaN,NaN,NaN,1
7993.058,-0.2230307,303,13,3,11,NaN,NaN,NaN,13,0,13,NaN,NaN,NaN,1
14324.8151,-0.01695462,303,13,5,9,NaN,NaN,NaN,13,0,13,NaN,NaN,NaN,1
21352.6987,-0.001450115,303,13,7,7,NaN,NaN,NaN,13,0,13,NaN,NaN,NaN,1
7964.9401,0.2231845,303,13,2,11,NaN,NaN,NaN,13,1,13,NaN,NaN,NaN,1
28.0943,-3.843427,303,13,3,11,NaN,NaN,NaN,13,2,11,NaN,NaN,NaN,1
6359.8514,-0.5735447,303,13,5,9,NaN,NaN,NaN,13,2,11,NaN,NaN,NaN,1
13387.7349,-0.04936956,303,13,7,7,NaN,NaN,NaN,13,2,11,NaN,NaN,NaN,1
22920.9721,-0.001922241,303,13,9,5,NaN,NaN,NaN,13,2,11,NaN,NaN,NaN,1
13081.6731,0.020732,303,13,4,9,NaN,NaN,NaN,13,1,13,NaN,NaN,NaN,1
5088.6388,0.7098059,303,13,4,9,NaN,NaN,NaN,13,3,11,NaN,NaN,NaN,1
1243.1183,-2.306819,303,13,5,9,NaN,NaN,NaN,13,4,9,NaN,NaN,NaN,1
8271.0018,-0.272659,303,13,7,7,NaN,NaN,NaN,13,4,9,NaN,NaN,NaN,1
17804.239,-0.01063805,303,13,9,5,NaN,NaN,NaN,13,4,9,NaN,NaN,NaN,1
17657.682,0.005001492,303,13,6,7,NaN,NaN,NaN,13,1,13,NaN,NaN,NaN,1
9664.6476,0.1740815,303,13,6,7,NaN,NaN,NaN,13,3,11,NaN,NaN,NaN,1
3332.8905,1.851457,303,13,6,7,NaN,NaN,NaN,13,5,9,NaN,NaN,NaN,1
3694.993,-1.967781,303,13,7,7,NaN,NaN,NaN,13,6,7,NaN,NaN,NaN,1
13228.2302,-0.08172635,303,13,9,5,NaN,NaN,NaN,13,6,7,NaN,NaN,NaN,1
25305.4722,-0.001330423,303,13,11,3,NaN,NaN,NaN,13,6,7,NaN,NaN,NaN,1
25794.9505,0.0003182029,303,13,8,5,NaN,NaN,NaN,13,1,13,NaN,NaN,NaN,1
17801.9162,0.01108129,303,13,8,5,NaN,NaN,NaN,13,3,11,NaN,NaN,NaN,1
11470.1591,0.1273742,303,13,8,5,NaN,NaN,NaN,13,5,9,NaN,NaN,NaN,1
4442.2755,1.919469,303,13,8,5,NaN,NaN,NaN,13,7,7,NaN,NaN,NaN,1
5090.9617,-1.823994,303,13,9,5,NaN,NaN,NaN,13,8,5,NaN,NaN,NaN,1
17168.2037,-0.03051413,303,13,11,3,NaN,NaN,NaN,13,8,5,NaN,NaN,NaN,1
22287.0297,0.003238291,303,13,10,3,NaN,NaN,NaN,13,5,9,NaN,NaN,NaN,1
15259.1461,0.05081316,303,13,10,3,NaN,NaN,NaN,13,7,7,NaN,NaN,NaN,1
5725.9089,1.686263,303,13,10,3,NaN,NaN,NaN,13,9,5,NaN,NaN,NaN,1
6351.3331,-1.503018,303,13,11,3,NaN,NaN,NaN,13,10,3,NaN,NaN,NaN,1
20910.8893,-0.007406195,303,13,13,1,NaN,NaN,NaN,13,10,3,NaN,NaN,NaN,1
28581.8754,0.0004959793,303,13,12,1,NaN,NaN,NaN,13,7,7,NaN,NaN,NaN,1
19048.6382,0.01676154,303,13,12,1,NaN,NaN,NaN,13,9,5,NaN,NaN,NaN,1
6971.3961,1.259394,303,13,12,1,NaN,NaN,NaN,13,11,3,NaN,NaN,NaN,1
7588.16,-0.9119189,303,13,13,1,NaN,NaN,NaN,13,12,1,NaN,NaN,NaN,1
26655.7966,-0.5145066,303,14,0,14,NaN,NaN,NaN,13,1,12,NaN,NaN,NaN,1
19899.5659,-0.02406169,303,14,0,14,NaN,NaN,NaN,13,3,10,NaN,NaN,NaN,1
15955.1916,-0.004807123,303,14,0,14,NaN,NaN,NaN,13,5,8,NaN,NaN,NaN,1
9532.5434,-0.0006144551,303,14,0,14,NaN,NaN,NaN,13,7,6,NaN,NaN,NaN,1
35334.472,2.044809,303,14,2,12,NaN,NaN,NaN,13,1,12,NaN,NaN,NaN,1
28578.2413,-0.9509063,303,14,2,12,NaN,NaN,NaN,13,3,10,NaN,NaN,NaN,1
24633.867,-0.1833672,303,14,2,12,NaN,NaN,NaN,13,5,8,NaN,NaN,NaN,1
18211.2188,-0.02339845,303,14,2,12,NaN,NaN,NaN,13,7,6,NaN,NaN,NaN,1
8685.2586,-0.0009156666,303,14,2,12,NaN,NaN,NaN,13,9,4,NaN,NaN,NaN,1
41313.1482,0.1438879,303,14,4,10,NaN,NaN,NaN,13,1,12,NaN,NaN,NaN,1
34556.9174,2.827134,303,14,4,10,NaN,NaN,NaN,13,3,10,NaN,NaN,NaN,1
30612.5431,-1.485691,303,14,4,10,NaN,NaN,NaN,13,5,8,NaN,NaN,NaN,1
24189.8949,-0.1612296,303,14,4,10,NaN,NaN,NaN,13,7,6,NaN,NaN,NaN,1
14663.9347,-0.00630131,303,14,4,10,NaN,NaN,NaN,13,9,4,NaN,NaN,NaN,1
45711.0175,0.03694313,303,14,6,8,NaN,NaN,NaN,13,1,12,NaN,NaN,NaN,1
38954.7867,0.5085996,303,14,6,8,NaN,NaN,NaN,13,3,10,NaN,NaN,NaN,1
35010.4124,2.994886,303,14,6,8,NaN,NaN,NaN,13,5,8,NaN,NaN,NaN,1
28587.7643,-0.9693789,303,14,6,8,NaN,NaN,NaN,13,7,6,NaN,NaN,NaN,1
19061.804,-0.03680398,303,14,6,8,NaN,NaN,NaN,13,9,4,NaN,NaN,NaN,1
6984.5731,-0.0005990696,303,14,6,8,NaN,NaN,NaN,13,11,2,NaN,NaN,NaN,1
53663.9187,0.003060287,303,14,8,6,NaN,NaN,NaN,13,1,12,NaN,NaN,NaN,1
46907.688,0.04156178,303,14,8,6,NaN,NaN,NaN,13,3,10,NaN,NaN,NaN,1
42963.3137,0.1765524,303,14,8,6,NaN,NaN,NaN,13,5,8,NaN,NaN,NaN,1
36540.6655,3.063583,303,14,8,6,NaN,NaN,NaN,13,7,6,NaN,NaN,NaN,1
27014.7053,-0.6918845,303,14,8,6,NaN,NaN,NaN,13,9,4,NaN,NaN,NaN,1
14937.4743,-0.01117469,303,14,8,6,NaN,NaN,NaN,13,11,2,NaN,NaN,NaN,1
57673.6915,0.001364767,303,14,10,4,NaN,NaN,NaN,13,3,10,NaN,NaN,NaN,1
53729.3172,0.005790372,303,14,10,4,NaN,NaN,NaN,13,5,8,NaN,NaN,NaN,1
47306.669,0.08565829,303,14,10,4,NaN,NaN,NaN,13,7,6,NaN,NaN,NaN,1
37780.7088,3.247133,303,14,10,4,NaN,NaN,NaN,13,9,4,NaN,NaN,NaN,1
25703.4778,-0.4340503,303,14,10,4,NaN,NaN,NaN,13,11,2,NaN,NaN,NaN,1
11143.9217,-0.002109874,303,14,10,4,NaN,NaN,NaN,13,13,0,NaN,NaN,NaN,1
60603.0869,0.001235207,303,14,12,2,NaN,NaN,NaN,13,7,6,NaN,NaN,NaN,1
51077.1267,0.04173822,303,14,12,2,NaN,NaN,NaN,13,9,4,NaN,NaN,NaN,1
38999.8957,3.458246,303,14,12,2,NaN,NaN,NaN,13,11,2,NaN,NaN,NaN,1
24440.3396,-0.1766528,303,14,12,2,NaN,NaN,NaN,13,13,0,NaN,NaN,NaN,1
54775.2019,0.01402631,303,14,14,0,NaN,NaN,NaN,13,11,2,NaN,NaN,NaN,1
40215.6457,3.683526,303,14,14,0,NaN,NaN,NaN,13,13,0,NaN,NaN,NaN,1
26654.5157,0.5144975,303,14,1,14,NaN,NaN,NaN,13,2,12,NaN,NaN,NaN,1
19611.5373,0.02367378,303,14,1,14,NaN,NaN,NaN,13,4,10,NaN,NaN,NaN,1
13327.7228,0.002274553,303,14,1,14,NaN,NaN,NaN,13,6,8,NaN,NaN,NaN,1
35346.258,-2.044701,303,14,3,12,NaN,NaN,NaN,13,2,12,NaN,NaN,NaN,1
28303.2796,0.9379973,303,14,3,12,NaN,NaN,NaN,13,4,10,NaN,NaN,NaN,1
22019.4651,0.08750144,303,14,3,12,NaN,NaN,NaN,13,6,8,NaN,NaN,NaN,1
13789.6599,0.005213537,303,14,3,12,NaN,NaN,NaN,13,8,6,NaN,NaN,NaN,1
42209.0127,-0.1303623,303,14,5,10,NaN,NaN,NaN,13,2,12,NaN,NaN,NaN,1
35166.0343,-2.742214,303,14,5,10,NaN,NaN,NaN,13,4,10,NaN,NaN,NaN,1
28882.2197,1.074098,303,14,5,10,NaN,NaN,NaN,13,6,8,NaN,NaN,NaN,1
20652.4146,0.06142851,303,14,5,10,NaN,NaN,NaN,13,8,6,NaN,NaN,NaN,1
9835.1914,0.001560824,303,14,5,10,NaN,NaN,NaN,13,10,4,NaN,NaN,NaN,1
49259.7401,-0.01253923,303,14,7,8,NaN,NaN,NaN,13,2,12,NaN,NaN,NaN,1
42216.7617,-0.210494,303,14,7,8,NaN,NaN,NaN,13,4,10,NaN,NaN,NaN,1
35932.9471,-2.987555,303,14,7,8,NaN,NaN,NaN,13,6,8,NaN,NaN,NaN,1
27703.142,0.8251422,303,14,7,8,NaN,NaN,NaN,13,8,6,NaN,NaN,NaN,1
16885.9188,0.02066588,303,14,7,8,NaN,NaN,NaN,13,10,4,NaN,NaN,NaN,1
58723.34,-0.0006127858,303,14,9,6,NaN,NaN,NaN,13,2,12,NaN,NaN,NaN,1
51680.3617,-0.01027158,303,14,9,6,NaN,NaN,NaN,13,4,10,NaN,NaN,NaN,1
45396.5471,-0.1198162,303,14,9,6,NaN,NaN,NaN,13,6,8,NaN,NaN,NaN,1
37166.742,-3.150476,303,14,9,6,NaN,NaN,NaN,13,8,6,NaN,NaN,NaN,1
26349.5188,0.5620976,303,14,9,6,NaN,NaN,NaN,13,10,4,NaN,NaN,NaN,1
13026.7894,0.005464071,303,14,9,6,NaN,NaN,NaN,13,12,2,NaN,NaN,NaN,1
57438.1628,-0.002639593,303,14,11,4,NaN,NaN,NaN,13,6,8,NaN,NaN,NaN,1
49208.3577,-0.06074486,303,14,11,4,NaN,NaN,NaN,13,8,6,NaN,NaN,NaN,1
38391.1345,-3.350351,303,14,11,4,NaN,NaN,NaN,13,10,4,NaN,NaN,NaN,1
25068.4051,0.3063301,303,14,11,4,NaN,NaN,NaN,13,12,2,NaN,NaN,NaN,1
63747.8717,-0.0005339014,303,14,13,2,NaN,NaN,NaN,13,8,6,NaN,NaN,NaN,1
52930.6485,-0.02660609,303,14,13,2,NaN,NaN,NaN,13,10,4,NaN,NaN,NaN,1
39607.919,-3.569585,303,14,13,2,NaN,NaN,NaN,13,12,2,NaN,NaN,NaN,1
0.0089,5.148561,303,14,1,14,NaN,NaN,NaN,14,0,14,NaN,NaN,NaN,1
8678.6665,-0.2140854,303,14,2,12,NaN,NaN,NaN,14,1,14,NaN,NaN,NaN,1
14657.3426,-0.01663714,303,14,4,10,NaN,NaN,NaN,14,1,14,NaN,NaN,NaN,1
19055.2119,-0.004275984,303,14,6,8,NaN,NaN,NaN,14,1,14,NaN,NaN,NaN,1
27008.1132,-0.0003542298,303,14,8,6,NaN,NaN,NaN,14,1,14,NaN,NaN,NaN,1
8691.7512,0.2140317,303,14,3,12,NaN,NaN,NaN,14,0,14,NaN,NaN,NaN,1
13.0758,4.098125,303,14,3,12,NaN,NaN,NaN,14,2,12,NaN,NaN,NaN,1
5965.6003,-0.6326615,303,14,4,10,NaN,NaN,NaN,14,3,12,NaN,NaN,NaN,1
10363.4696,-0.1643738,303,14,6,8,NaN,NaN,NaN,14,3,12,NaN,NaN,NaN,1
18316.3709,-0.0136238,303,14,8,6,NaN,NaN,NaN,14,3,12,NaN,NaN,NaN,1
29082.3744,-0.0004473936,303,14,10,4,NaN,NaN,NaN,14,3,12,NaN,NaN,NaN,1
15554.5059,0.01506365,303,14,5,10,NaN,NaN,NaN,14,0,14,NaN,NaN,NaN,1
6875.8305,0.5702469,303,14,5,10,NaN,NaN,NaN,14,2,12,NaN,NaN,NaN,1
897.1543,2.590803,303,14,5,10,NaN,NaN,NaN,14,4,10,NaN,NaN,NaN,1
3500.715,-1.787302,303,14,6,8,NaN,NaN,NaN,14,5,10,NaN,NaN,NaN,1
11453.6162,-0.1604462,303,14,8,6,NaN,NaN,NaN,14,5,10,NaN,NaN,NaN,1
22219.6197,-0.005270865,303,14,10,4,NaN,NaN,NaN,14,5,10,NaN,NaN,NaN,1
22605.2333,0.001449749,303,14,7,8,NaN,NaN,NaN,14,0,14,NaN,NaN,NaN,1
13926.5579,0.05520326,303,14,7,8,NaN,NaN,NaN,14,2,12,NaN,NaN,NaN,1
7947.8817,0.3784655,303,14,7,8,NaN,NaN,NaN,14,4,10,NaN,NaN,NaN,1
3550.0124,2.042201,303,14,7,8,NaN,NaN,NaN,14,6,8,NaN,NaN,NaN,1
4402.8888,-2.021355,303,14,8,6,NaN,NaN,NaN,14,7,8,NaN,NaN,NaN,1
15168.8923,-0.06978464,303,14,10,4,NaN,NaN,NaN,14,7,8,NaN,NaN,NaN,1
28465.3102,-0.001006476,303,14,12,2,NaN,NaN,NaN,14,7,8,NaN,NaN,NaN,1
23390.1579,0.002697882,303,14,9,6,NaN,NaN,NaN,14,2,12,NaN,NaN,NaN,1
17411.4817,0.01856577,303,14,9,6,NaN,NaN,NaN,14,4,10,NaN,NaN,NaN,1
13013.6124,0.1084171,303,14,9,6,NaN,NaN,NaN,14,6,8,NaN,NaN,NaN,1
5060.7111,1.954005,303,14,9,6,NaN,NaN,NaN,14,8,6,NaN,NaN,NaN,1
5705.2923,-1.845948,303,14,10,4,NaN,NaN,NaN,14,9,6,NaN,NaN,NaN,1
19001.7102,-0.02726398,303,14,12,2,NaN,NaN,NaN,14,9,6,NaN,NaN,NaN,1
29453.0974,0.0004091457,303,14,11,4,NaN,NaN,NaN,14,4,10,NaN,NaN,NaN,1
25055.2281,0.002389613,303,14,11,4,NaN,NaN,NaN,14,6,8,NaN,NaN,NaN,1
17102.3269,0.04457375,303,14,11,4,NaN,NaN,NaN,14,8,6,NaN,NaN,NaN,1
6336.3234,1.700203,303,14,11,4,NaN,NaN,NaN,14,10,4,NaN,NaN,NaN,1
6960.0945,-1.511287,303,14,12,2,NaN,NaN,NaN,14,11,4,NaN,NaN,NaN,1
22735.4007,-0.0067851,303,14,14,0,NaN,NaN,NaN,14,11,4,NaN,NaN,NaN,1
31641.8408,0.0003917943,303,14,13,2,NaN,NaN,NaN,14,8,6,NaN,NaN,NaN,1
20875.8373,0.01518807,303,14,13,2,NaN,NaN,NaN,14,10,4,NaN,NaN,NaN,1
7579.4194,1.263563,303,14,13,2,NaN,NaN,NaN,14,12,2,NaN,NaN,NaN,1
8195.8868,-0.9132734,303,14,14,0,NaN,NaN,NaN,14,13,2,NaN,NaN,NaN,1
35479.1473,1.473809,303,14,1,13,NaN,NaN,NaN,13,0,13,NaN,NaN,NaN,1
27514.1835,-0.7463913,303,14,1,13,NaN,NaN,NaN,13,2,11,NaN,NaN,NaN,1
22397.4504,-0.0682452,303,14,1,13,NaN,NaN,NaN,13,4,9,NaN,NaN,NaN,1
17821.4416,-0.01645954,303,14,1,13,NaN,NaN,NaN,13,6,7,NaN,NaN,NaN,1
9684.1731,-0.001047174,303,14,1,13,NaN,NaN,NaN,13,8,5,NaN,NaN,NaN,1
43032.7893,0.05995828,303,14,3,11,NaN,NaN,NaN,13,0,13,NaN,NaN,NaN,1
35067.8256,2.456006,303,14,3,11,NaN,NaN,NaN,13,2,11,NaN,NaN,NaN,1
29951.0925,-1.245398,303,14,3,11,NaN,NaN,NaN,13,4,9,NaN,NaN,NaN,1
25375.0836,-0.2714546,303,14,3,11,NaN,NaN,NaN,13,6,7,NaN,NaN,NaN,1
17237.8151,-0.01721667,303,14,3,11,NaN,NaN,NaN,13,8,5,NaN,NaN,NaN,1
6420.9445,-0.0004376041,303,14,3,11,NaN,NaN,NaN,13,10,3,NaN,NaN,NaN,1
47456.3966,0.00975069,303,14,5,9,NaN,NaN,NaN,13,0,13,NaN,NaN,NaN,1
39491.4328,0.3342401,303,14,5,9,NaN,NaN,NaN,13,2,11,NaN,NaN,NaN,1
34374.6997,3.082594,303,14,5,9,NaN,NaN,NaN,13,4,9,NaN,NaN,NaN,1
29798.6909,-1.18951,303,14,5,9,NaN,NaN,NaN,13,6,7,NaN,NaN,NaN,1
21661.4224,-0.06981177,303,14,5,9,NaN,NaN,NaN,13,8,5,NaN,NaN,NaN,1
10844.5518,-0.001774071,303,14,5,9,NaN,NaN,NaN,13,10,3,NaN,NaN,NaN,1
53518.3582,0.001675768,303,14,7,7,NaN,NaN,NaN,13,0,13,NaN,NaN,NaN,1
45553.3944,0.05705967,303,14,7,7,NaN,NaN,NaN,13,2,11,NaN,NaN,NaN,1
40436.6613,0.3176409,303,14,7,7,NaN,NaN,NaN,13,4,9,NaN,NaN,NaN,1
35860.6525,2.993992,303,14,7,7,NaN,NaN,NaN,13,6,7,NaN,NaN,NaN,1
27723.384,-0.8254843,303,14,7,7,NaN,NaN,NaN,13,8,5,NaN,NaN,NaN,1
16906.5134,-0.02067531,303,14,7,7,NaN,NaN,NaN,13,10,3,NaN,NaN,NaN,1
54996.4495,0.002826263,303,14,9,5,NaN,NaN,NaN,13,2,11,NaN,NaN,NaN,1
49879.7164,0.0156413,303,14,9,5,NaN,NaN,NaN,13,4,9,NaN,NaN,NaN,1
45303.7076,0.1202129,303,14,9,5,NaN,NaN,NaN,13,6,7,NaN,NaN,NaN,1
37166.4391,3.150488,303,14,9,5,NaN,NaN,NaN,13,8,5,NaN,NaN,NaN,1
26349.5685,-0.5620979,303,14,9,5,NaN,NaN,NaN,13,10,3,NaN,NaN,NaN,1
13026.8392,-0.005464074,303,14,9,5,NaN,NaN,NaN,13,12,1,NaN,NaN,NaN,1
61921.2823,0.0003447023,303,14,11,3,NaN,NaN,NaN,13,4,9,NaN,NaN,NaN,1
57345.2735,0.002648357,303,14,11,3,NaN,NaN,NaN,13,6,7,NaN,NaN,NaN,1
49208.0049,0.06074517,303,14,11,3,NaN,NaN,NaN,13,8,5,NaN,NaN,NaN,1
38391.1343,3.350351,303,14,11,3,NaN,NaN,NaN,13,10,3,NaN,NaN,NaN,1
25068.4051,-0.3063301,303,14,11,3,NaN,NaN,NaN,13,12,1,NaN,NaN,NaN,1
63747.5189,0.0005339041,303,14,13,1,NaN,NaN,NaN,13,8,5,NaN,NaN,NaN,1
52930.6482,0.02660609,303,14,13,1,NaN,NaN,NaN,13,10,3,NaN,NaN,NaN,1
39607.919,3.569585,303,14,13,1,NaN,NaN,NaN,13,12,1,NaN,NaN,NaN,1
35479.6569,-1.473807,303,14,2,13,NaN,NaN,NaN,13,1,13,NaN,NaN,NaN,1
27486.6226,0.7459541,303,14,2,13,NaN,NaN,NaN,13,3,11,NaN,NaN,NaN,1
21154.8655,0.05582794,303,14,2,13,NaN,NaN,NaN,13,5,9,NaN,NaN,NaN,1
14126.9819,0.00477443,303,14,2,13,NaN,NaN,NaN,13,7,7,NaN,NaN,NaN,1
43193.3334,-0.05959948,303,14,4,11,NaN,NaN,NaN,13,1,13,NaN,NaN,NaN,1
35200.2991,-2.451482,303,14,4,11,NaN,NaN,NaN,13,3,11,NaN,NaN,NaN,1
28868.542,1.073761,303,14,4,11,NaN,NaN,NaN,13,5,9,NaN,NaN,NaN,1
21840.6585,0.08790328,303,14,4,11,NaN,NaN,NaN,13,7,7,NaN,NaN,NaN,1
12307.4213,0.003421657,303,14,4,11,NaN,NaN,NaN,13,9,5,NaN,NaN,NaN,1
49741.4843,-0.005733992,303,14,6,9,NaN,NaN,NaN,13,1,13,NaN,NaN,NaN,1
41748.45,-0.1999611,303,14,6,9,NaN,NaN,NaN,13,3,11,NaN,NaN,NaN,1
35416.6929,-2.904689,303,14,6,9,NaN,NaN,NaN,13,5,9,NaN,NaN,NaN,1
28388.8093,0.9617058,303,14,6,9,NaN,NaN,NaN,13,7,7,NaN,NaN,NaN,1
18855.5721,0.03647093,303,14,6,9,NaN,NaN,NaN,13,9,5,NaN,NaN,NaN,1
6778.3301,0.0005936466,303,14,6,9,NaN,NaN,NaN,13,11,3,NaN,NaN,NaN,1
57899.3811,-0.0004154012,303,14,8,7,NaN,NaN,NaN,13,1,13,NaN,NaN,NaN,1
49906.3468,-0.01446628,303,14,8,7,NaN,NaN,NaN,13,3,11,NaN,NaN,NaN,1
43574.5897,-0.1664539,303,14,8,7,NaN,NaN,NaN,13,5,9,NaN,NaN,NaN,1
36546.7061,-3.063249,303,14,8,7,NaN,NaN,NaN,13,7,7,NaN,NaN,NaN,1
27013.4689,0.6918725,303,14,8,7,NaN,NaN,NaN,13,9,5,NaN,NaN,NaN,1
14936.2269,0.01117448,303,14,8,7,NaN,NaN,NaN,13,11,3,NaN,NaN,NaN,1
60673.5964,-0.0004746702,303,14,10,5,NaN,NaN,NaN,13,3,11,NaN,NaN,NaN,1
54341.8393,-0.005457341,303,14,10,5,NaN,NaN,NaN,13,5,9,NaN,NaN,NaN,1
47313.9557,-0.08564553,303,14,10,5,NaN,NaN,NaN,13,7,7,NaN,NaN,NaN,1
37780.7185,-3.247133,303,14,10,5,NaN,NaN,NaN,13,9,5,NaN,NaN,NaN,1
25703.4765,0.4340503,303,14,10,5,NaN,NaN,NaN,13,11,3,NaN,NaN,NaN,1
11143.9203,0.002109874,303,14,10,5,NaN,NaN,NaN,13,13,1,NaN,NaN,NaN,1
60610.375,-0.001235022,303,14,12,3,NaN,NaN,NaN,13,7,7,NaN,NaN,NaN,1
51077.1378,-0.04173822,303,14,12,3,NaN,NaN,NaN,13,9,5,NaN,NaN,NaN,1
38999.8957,-3.458246,303,14,12,3,NaN,NaN,NaN,13,11,3,NaN,NaN,NaN,1
24440.3396,0.1766528,303,14,12,3,NaN,NaN,NaN,13,13,1,NaN,NaN,NaN,1
54775.2019,-0.01402631,303,14,14,1,NaN,NaN,NaN,13,11,3,NaN,NaN,NaN,1
40215.6457,-3.683526,303,14,14,1,NaN,NaN,NaN,13,13,1,NaN,NaN,NaN,1
0.5333,4.650321,303,14,2,13,NaN,NaN,NaN,14,1,13,NaN,NaN,NaN,1
7553.1087,-0.3945125,303,14,3,11,NaN,NaN,NaN,14,2,13,NaN,NaN,NaN,1
11976.7159,-0.06432365,303,14,5,9,NaN,NaN,NaN,14,2,13,NaN,NaN,NaN,1
18038.6776,-0.01105594,303,14,7,7,NaN,NaN,NaN,14,2,13,NaN,NaN,NaN,1
27481.7326,-0.000547675,303,14,9,5,NaN,NaN,NaN,14,2,13,NaN,NaN,NaN,1
7714.2098,0.3920864,303,14,4,11,NaN,NaN,NaN,14,1,13,NaN,NaN,NaN,1
160.5678,3.423188,303,14,4,11,NaN,NaN,NaN,14,3,11,NaN,NaN,NaN,1
4263.0394,-1.13291,303,14,5,9,NaN,NaN,NaN,14,4,11,NaN,NaN,NaN,1
10325.001,-0.2033708,303,14,7,7,NaN,NaN,NaN,14,4,11,NaN,NaN,NaN,1
19768.0561,-0.01008101,303,14,9,5,NaN,NaN,NaN,14,4,11,NaN,NaN,NaN,1
14262.3607,0.03781166,303,14,6,9,NaN,NaN,NaN,14,1,13,NaN,NaN,NaN,1
6708.7187,0.6167315,303,14,6,9,NaN,NaN,NaN,14,3,11,NaN,NaN,NaN,1
2285.1114,2.100787,303,14,6,9,NaN,NaN,NaN,14,5,9,NaN,NaN,NaN,1
3776.8502,-2.01991,303,14,7,7,NaN,NaN,NaN,14,6,9,NaN,NaN,NaN,1
13219.9052,-0.1074344,303,14,9,5,NaN,NaN,NaN,14,6,9,NaN,NaN,NaN,1
25261.4711,-0.002367981,303,14,11,3,NaN,NaN,NaN,14,6,9,NaN,NaN,NaN,1
22420.2575,0.002739339,303,14,8,7,NaN,NaN,NaN,14,1,13,NaN,NaN,NaN,1
14866.6155,0.04503593,303,14,8,7,NaN,NaN,NaN,14,3,11,NaN,NaN,NaN,1
10443.0083,0.1824435,303,14,8,7,NaN,NaN,NaN,14,5,9,NaN,NaN,NaN,1
4381.0466,2.022445,303,14,8,7,NaN,NaN,NaN,14,7,7,NaN,NaN,NaN,1
5062.0084,-1.953963,303,14,9,5,NaN,NaN,NaN,14,8,7,NaN,NaN,NaN,1
17103.5743,-0.04457292,303,14,11,3,NaN,NaN,NaN,14,8,7,NaN,NaN,NaN,1
31643.0882,-0.000391787,303,14,13,1,NaN,NaN,NaN,14,8,7,NaN,NaN,NaN,1
25633.8651,0.00147778,303,14,10,5,NaN,NaN,NaN,14,3,11,NaN,NaN,NaN,1
21210.2578,0.005990998,303,14,10,5,NaN,NaN,NaN,14,5,9,NaN,NaN,NaN,1
15148.2962,0.06981652,303,14,10,5,NaN,NaN,NaN,14,7,7,NaN,NaN,NaN,1
5705.2411,1.845949,303,14,10,5,NaN,NaN,NaN,14,9,5,NaN,NaN,NaN,1
6336.3247,-1.700203,303,14,11,3,NaN,NaN,NaN,14,10,5,NaN,NaN,NaN,1
20875.8386,-0.01518807,303,14,13,1,NaN,NaN,NaN,14,10,5,NaN,NaN,NaN,1
28444.7155,0.001006936,303,14,12,3,NaN,NaN,NaN,14,7,7,NaN,NaN,NaN,1
19001.6604,0.02726399,303,14,12,3,NaN,NaN,NaN,14,9,5,NaN,NaN,NaN,1
6960.0945,1.511287,303,14,12,3,NaN,NaN,NaN,14,11,3,NaN,NaN,NaN,1
7579.4194,-1.263563,303,14,13,1,NaN,NaN,NaN,14,12,3,NaN,NaN,NaN,1
22735.4007,0.0067851,303,14,14,1,NaN,NaN,NaN,14,11,3,NaN,NaN,NaN,1
8195.8868,0.9132734,303,14,14,1,NaN,NaN,NaN,14,13,1,NaN,NaN,NaN,1
