2544.2136,1,303,1,1,1,NaN,NaN,NaN,0,0,0,NaN,NaN,NaN,1
350.0343,-1.224745,303,1,1,0,NaN,NaN,NaN,1,0,1,NaN,NaN,NaN,1
4279.3733,0.8480686,303,2,0,2,NaN,NaN,NaN,1,1,1,NaN,NaN,NaN,1
5542.7506,1.131715,303,2,2,0,NaN,NaN,NaN,1,1,1,NaN,NaN,NaN,1
4738.393,1.224745,303,2,1,2,NaN,NaN,NaN,1,0,1,NaN,NaN,NaN,1
454.3233,-1.461038,303,2,1,1,NaN,NaN,NaN,2,0,2,NaN,NaN,NaN,1
809.054,-1.094852,303,2,2,0,NaN,NaN,NaN,2,1,1,NaN,NaN,NaN,1
5438.4616,1.224745,303,2,2,1,NaN,NaN,NaN,1,1,0,NaN,NaN,NaN,1
1050.1029,-0.9128709,303,2,2,1,NaN,NaN,NaN,2,1,2,NaN,NaN,NaN,1
7632.6409,1.290994,303,3,2,2,NaN,NaN,NaN,2,1,1,NaN,NaN,NaN,1
6167.288,0.5264314,303,3,1,2,NaN,NaN,NaN,2,2,1,NaN,NaN,NaN,1
8388.5324,1.545813,303,3,3,0,NaN,NaN,NaN,2,2,1,NaN,NaN,NaN,1
6897.0992,1.461615,303,3,1,3,NaN,NaN,NaN,2,0,2,NaN,NaN,NaN,1
5633.7219,0.3324638,303,3,1,3,NaN,NaN,NaN,2,2,0,NaN,NaN,NaN,1
9631.5599,0.0991451,303,3,3,1,NaN,NaN,NaN,2,0,2,NaN,NaN,NaN,1
8368.1826,1.552413,303,3,3,1,NaN,NaN,NaN,2,2,0,NaN,NaN,NaN,1
1189.865,-1.148048,303,3,2,2,NaN,NaN,NaN,3,1,3,NaN,NaN,NaN,1
1544.5957,-1.007631,303,3,3,1,NaN,NaN,NaN,3,2,2,NaN,NaN,NaN,1
6579.0009,1.287735,303,3,0,3,NaN,NaN,NaN,2,1,2,NaN,NaN,NaN,1
7976.8196,1.004194,303,3,2,1,NaN,NaN,NaN,2,1,2,NaN,NaN,NaN,1
638.3901,-1.527943,303,3,1,2,NaN,NaN,NaN,3,0,3,NaN,NaN,NaN,1
2859.6345,-0.1159042,303,3,3,0,NaN,NaN,NaN,3,0,3,NaN,NaN,NaN,1
759.4286,-1.558978,303,3,2,1,NaN,NaN,NaN,3,1,2,NaN,NaN,NaN,1
1461.8158,-1.027072,303,3,3,0,NaN,NaN,NaN,3,2,1,NaN,NaN,NaN,1
8852.9447,1.652123,303,4,0,4,NaN,NaN,NaN,3,1,3,NaN,NaN,NaN,1
6118.4841,0.06097405,303,4,0,4,NaN,NaN,NaN,3,3,1,NaN,NaN,NaN,1
10529.0488,0.8392363,303,4,2,2,NaN,NaN,NaN,3,1,3,NaN,NaN,NaN,1
7794.5881,0.3911267,303,4,2,2,NaN,NaN,NaN,3,3,1,NaN,NaN,NaN,1
14008.7038,0.03617885,303,4,4,0,NaN,NaN,NaN,3,1,3,NaN,NaN,NaN,1
11274.2431,1.846122,303,4,4,0,NaN,NaN,NaN,3,3,1,NaN,NaN,NaN,1
9042.3136,1.718457,303,4,1,4,NaN,NaN,NaN,3,0,3,NaN,NaN,NaN,1
7644.495,0.3842996,303,4,1,4,NaN,NaN,NaN,3,2,1,NaN,NaN,NaN,1
12009.1455,0.2014934,303,4,3,2,NaN,NaN,NaN,3,0,3,NaN,NaN,NaN,1
10611.3268,1.53578,303,4,3,2,NaN,NaN,NaN,3,2,1,NaN,NaN,NaN,1
8576.6788,0.8676001,303,4,1,3,NaN,NaN,NaN,3,2,2,NaN,NaN,NaN,1
10712.8383,1.49909,303,4,3,1,NaN,NaN,NaN,3,2,2,NaN,NaN,NaN,1
913.5991,-1.49538,303,4,1,3,NaN,NaN,NaN,4,0,4,NaN,NaN,NaN,1
762.505,-1.89867,303,4,2,2,NaN,NaN,NaN,4,1,3,NaN,NaN,NaN,1
4242.16,-0.06304854,303,4,4,0,NaN,NaN,NaN,4,1,3,NaN,NaN,NaN,1
3049.7585,-0.2098275,303,4,3,1,NaN,NaN,NaN,4,0,4,NaN,NaN,NaN,1
1373.6545,-1.432451,303,4,3,1,NaN,NaN,NaN,4,2,2,NaN,NaN,NaN,1
2106.0005,-1.029064,303,4,4,0,NaN,NaN,NaN,4,3,1,NaN,NaN,NaN,1
9782.1939,1.398146,303,4,2,3,NaN,NaN,NaN,3,1,2,NaN,NaN,NaN,1
7560.9495,0.3637673,303,4,2,3,NaN,NaN,NaN,3,3,0,NaN,NaN,NaN,1
13492.8283,0.05508769,303,4,4,1,NaN,NaN,NaN,3,1,2,NaN,NaN,NaN,1
11271.5838,1.846571,303,4,4,1,NaN,NaN,NaN,3,3,0,NaN,NaN,NaN,1
1378.2703,-1.271839,303,4,2,3,NaN,NaN,NaN,4,1,4,NaN,NaN,NaN,1
1588.5615,-1.351139,303,4,3,2,NaN,NaN,NaN,4,2,3,NaN,NaN,NaN,1
5088.9047,-0.03192793,303,4,4,1,NaN,NaN,NaN,4,1,4,NaN,NaN,NaN,1
2122.0728,-1.027537,303,4,4,1,NaN,NaN,NaN,4,3,2,NaN,NaN,NaN,1
11894.082,1.544836,303,5,2,4,NaN,NaN,NaN,4,1,3,NaN,NaN,NaN,1
9757.9226,0.5258759,303,5,2,4,NaN,NaN,NaN,4,3,1,NaN,NaN,NaN,1
15684.2138,0.1251601,303,5,4,2,NaN,NaN,NaN,4,1,3,NaN,NaN,NaN,1
13548.0543,1.822435,303,5,4,2,NaN,NaN,NaN,4,3,1,NaN,NaN,NaN,1
10983.4894,1.209552,303,5,1,4,NaN,NaN,NaN,4,2,3,NaN,NaN,NaN,1
7272.8551,0.03703098,303,5,1,4,NaN,NaN,NaN,4,4,1,NaN,NaN,NaN,1
13093.9399,1.416163,303,5,3,2,NaN,NaN,NaN,4,2,3,NaN,NaN,NaN,1
9383.3055,0.3404111,303,5,3,2,NaN,NaN,NaN,4,4,1,NaN,NaN,NaN,1
17878.0734,0.03433389,303,5,5,0,NaN,NaN,NaN,4,2,3,NaN,NaN,NaN,1
14167.439,2.100723,303,5,5,0,NaN,NaN,NaN,4,4,1,NaN,NaN,NaN,1
11195.3061,1.975432,303,5,1,5,NaN,NaN,NaN,4,0,4,NaN,NaN,NaN,1
9519.2021,0.3451174,303,5,1,5,NaN,NaN,NaN,4,2,2,NaN,NaN,NaN,1
6039.5471,0.01409002,303,5,1,5,NaN,NaN,NaN,4,4,0,NaN,NaN,NaN,1
14476.8536,0.2902061,303,5,3,3,NaN,NaN,NaN,4,0,4,NaN,NaN,NaN,1
12800.7496,1.537978,303,5,3,3,NaN,NaN,NaN,4,2,2,NaN,NaN,NaN,1
9321.0946,0.3379522,303,5,3,3,NaN,NaN,NaN,4,4,0,NaN,NaN,NaN,1
19322.9078,0.005693324,303,5,5,1,NaN,NaN,NaN,4,0,4,NaN,NaN,NaN,1
17646.8038,0.03680498,303,5,5,1,NaN,NaN,NaN,4,2,2,NaN,NaN,NaN,1
14167.1488,2.100754,303,5,5,1,NaN,NaN,NaN,4,4,0,NaN,NaN,NaN,1
1612.3749,-1.338071,303,5,2,4,NaN,NaN,NaN,5,1,5,NaN,NaN,NaN,1
5402.5067,-0.05687838,303,5,4,2,NaN,NaN,NaN,5,1,5,NaN,NaN,NaN,1
1669.1725,-1.578951,303,5,3,3,NaN,NaN,NaN,5,2,4,NaN,NaN,NaN,1
2120.9593,-1.404729,303,5,4,2,NaN,NaN,NaN,5,3,3,NaN,NaN,NaN,1
6515.2268,-0.02934775,303,5,5,1,NaN,NaN,NaN,5,2,4,NaN,NaN,NaN,1
2725.095,-1.035593,303,5,5,1,NaN,NaN,NaN,5,4,2,NaN,NaN,NaN,1
11096.3595,1.953402,303,5,0,5,NaN,NaN,NaN,4,1,4,NaN,NaN,NaN,1
8129.5277,0.105135,303,5,0,5,NaN,NaN,NaN,4,3,2,NaN,NaN,NaN,1
13209.8817,0.6788642,303,5,2,3,NaN,NaN,NaN,4,1,4,NaN,NaN,NaN,1
10243.0498,0.6317693,303,5,2,3,NaN,NaN,NaN,4,3,2,NaN,NaN,NaN,1
16533.5578,0.06316767,303,5,4,1,NaN,NaN,NaN,4,1,4,NaN,NaN,NaN,1
13566.7259,1.819118,303,5,4,1,NaN,NaN,NaN,4,3,2,NaN,NaN,NaN,1
1265.4003,-1.443289,303,5,1,4,NaN,NaN,NaN,5,0,5,NaN,NaN,NaN,1
3375.8507,-0.2601776,303,5,3,2,NaN,NaN,NaN,5,0,5,NaN,NaN,NaN,1
8159.9842,-0.005616958,303,5,5,0,NaN,NaN,NaN,5,0,5,NaN,NaN,NaN,1
848.1219,-2.092055,303,5,2,3,NaN,NaN,NaN,5,1,4,NaN,NaN,NaN,1
1262.3286,-1.792239,303,5,3,2,NaN,NaN,NaN,5,2,3,NaN,NaN,NaN,1
6046.462,-0.03471251,303,5,5,0,NaN,NaN,NaN,5,2,3,NaN,NaN,NaN,1
4171.798,-0.1489222,303,5,4,1,NaN,NaN,NaN,5,1,4,NaN,NaN,NaN,1
2061.3476,-1.413374,303,5,4,1,NaN,NaN,NaN,5,3,2,NaN,NaN,NaN,1
2722.7859,-1.035713,303,5,5,0,NaN,NaN,NaN,5,4,1,NaN,NaN,NaN,1
13316.807,2.207527,303,6,0,6,NaN,NaN,NaN,5,1,5,NaN,NaN,NaN,1
10035.2595,0.1328186,303,6,0,6,NaN,NaN,NaN,5,3,3,NaN,NaN,NaN,1
5189.2053,0.002596245,303,6,0,6,NaN,NaN,NaN,5,5,1,NaN,NaN,NaN,1
16010.7175,0.5518404,303,6,2,4,NaN,NaN,NaN,5,1,5,NaN,NaN,NaN,1
12729.17,0.8724353,303,6,2,4,NaN,NaN,NaN,5,3,3,NaN,NaN,NaN,1
7883.1158,0.01820747,303,6,2,4,NaN,NaN,NaN,5,5,1,NaN,NaN,NaN,1
19155.2329,0.0836122,303,6,4,2,NaN,NaN,NaN,5,1,5,NaN,NaN,NaN,1
15873.6855,1.786104,303,6,4,2,NaN,NaN,NaN,5,3,3,NaN,NaN,NaN,1
11027.6312,0.3104722,303,6,4,2,NaN,NaN,NaN,5,5,1,NaN,NaN,NaN,1
25189.2105,0.001239984,303,6,6,0,NaN,NaN,NaN,5,1,5,NaN,NaN,NaN,1
21907.663,0.02982742,303,6,6,0,NaN,NaN,NaN,5,3,3,NaN,NaN,NaN,1
17061.6088,2.327101,303,6,6,0,NaN,NaN,NaN,5,5,1,NaN,NaN,NaN,1
13363.7664,2.214574,303,6,1,6,NaN,NaN,NaN,5,0,5,NaN,NaN,NaN,1
11250.2443,0.2801375,303,6,1,6,NaN,NaN,NaN,5,2,3,NaN,NaN,NaN,1
7926.5682,0.02511761,303,6,1,6,NaN,NaN,NaN,5,4,1,NaN,NaN,NaN,1
17043.9633,0.3433179,303,6,3,4,NaN,NaN,NaN,5,0,5,NaN,NaN,NaN,1
14930.4412,1.570213,303,6,3,4,NaN,NaN,NaN,5,2,3,NaN,NaN,NaN,1
11606.7651,0.5261896,303,6,3,4,NaN,NaN,NaN,5,4,1,NaN,NaN,NaN,1
21888.7331,0.01247961,303,6,5,2,NaN,NaN,NaN,5,0,5,NaN,NaN,NaN,1
19775.211,0.07709894,303,6,5,2,NaN,NaN,NaN,5,2,3,NaN,NaN,NaN,1
16451.5349,2.077693,303,6,5,2,NaN,NaN,NaN,5,4,1,NaN,NaN,NaN,1
13362.8443,1.553249,303,6,1,5,NaN,NaN,NaN,5,2,4,NaN,NaN,NaN,1
9572.7125,0.08656373,303,6,1,5,NaN,NaN,NaN,5,4,2,NaN,NaN,NaN,1
15568.1625,1.278954,303,6,3,3,NaN,NaN,NaN,5,2,4,NaN,NaN,NaN,1
11778.0307,0.5394567,303,6,3,3,NaN,NaN,NaN,5,4,2,NaN,NaN,NaN,1
20244.287,0.06516637,303,6,5,1,NaN,NaN,NaN,5,2,4,NaN,NaN,NaN,1
16454.1552,2.077404,303,6,5,1,NaN,NaN,NaN,5,4,2,NaN,NaN,NaN,1
1658.4122,-1.412255,303,6,1,5,NaN,NaN,NaN,6,0,6,NaN,NaN,NaN,1
1035.4983,-2.141844,303,6,2,4,NaN,NaN,NaN,6,1,5,NaN,NaN,NaN,1
4180.0137,-0.2577836,303,6,4,2,NaN,NaN,NaN,6,1,5,NaN,NaN,NaN,1
10213.9913,-0.003815957,303,6,6,0,NaN,NaN,NaN,6,1,5,NaN,NaN,NaN,1
3863.7304,-0.2555383,303,6,3,3,NaN,NaN,NaN,6,0,6,NaN,NaN,NaN,1
1169.8199,-2.137512,303,6,3,3,NaN,NaN,NaN,6,2,4,NaN,NaN,NaN,1
1974.6955,-1.711665,303,6,4,2,NaN,NaN,NaN,6,3,3,NaN,NaN,NaN,1
8008.6731,-0.0240328,303,6,6,0,NaN,NaN,NaN,6,3,3,NaN,NaN,NaN,1
8539.855,-0.01165433,303,6,5,1,NaN,NaN,NaN,6,0,6,NaN,NaN,NaN,1
5845.9445,-0.08174717,303,6,5,1,NaN,NaN,NaN,6,2,4,NaN,NaN,NaN,1
2701.429,-1.424786,303,6,5,1,NaN,NaN,NaN,6,4,2,NaN,NaN,NaN,1
3332.5485,-1.040885,303,6,6,0,NaN,NaN,NaN,6,5,1,NaN,NaN,NaN,1
13983.9593,1.73324,303,6,2,5,NaN,NaN,NaN,5,1,4,NaN,NaN,NaN,1
11873.5089,0.5983768,303,6,2,5,NaN,NaN,NaN,5,3,2,NaN,NaN,NaN,1
7089.3754,0.01315834,303,6,2,5,NaN,NaN,NaN,5,5,0,NaN,NaN,NaN,1
17910.8594,0.2225419,303,6,4,3,NaN,NaN,NaN,5,1,4,NaN,NaN,NaN,1
15800.409,1.800613,303,6,4,3,NaN,NaN,NaN,5,3,2,NaN,NaN,NaN,1
11016.2755,0.3102656,303,6,4,3,NaN,NaN,NaN,5,5,0,NaN,NaN,NaN,1
23956.164,0.0032573,303,6,6,1,NaN,NaN,NaN,5,1,4,NaN,NaN,NaN,1
21845.7135,0.03003792,303,6,6,1,NaN,NaN,NaN,5,3,2,NaN,NaN,NaN,1
17061.5801,2.327103,303,6,6,1,NaN,NaN,NaN,5,5,0,NaN,NaN,NaN,1
1885.5931,-1.371892,303,6,2,5,NaN,NaN,NaN,6,1,6,NaN,NaN,NaN,1
1794.6038,-1.735775,303,6,3,4,NaN,NaN,NaN,6,2,5,NaN,NaN,NaN,1
6639.3736,-0.05909622,303,6,5,2,NaN,NaN,NaN,6,2,5,NaN,NaN,NaN,1
5812.4933,-0.07615211,303,6,4,3,NaN,NaN,NaN,6,1,6,NaN,NaN,NaN,1
2132.2964,-1.678506,303,6,4,3,NaN,NaN,NaN,6,3,4,NaN,NaN,NaN,1
2712.4734,-1.423967,303,6,5,2,NaN,NaN,NaN,6,4,3,NaN,NaN,NaN,1
11857.7978,-0.001111176,303,6,6,1,NaN,NaN,NaN,6,1,6,NaN,NaN,NaN,1
8177.6009,-0.02347363,303,6,6,1,NaN,NaN,NaN,6,3,4,NaN,NaN,NaN,1
3332.8311,-1.040875,303,6,6,1,NaN,NaN,NaN,6,5,2,NaN,NaN,NaN,1
16075.0328,1.954218,303,7,2,6,NaN,NaN,NaN,6,1,5,NaN,NaN,NaN,1
13869.7146,0.5864372,303,7,2,6,NaN,NaN,NaN,6,3,3,NaN,NaN,NaN,1
9193.59,0.02727636,303,7,2,6,NaN,NaN,NaN,6,5,1,NaN,NaN,NaN,1
20211.3481,0.3353199,303,7,4,4,NaN,NaN,NaN,6,1,5,NaN,NaN,NaN,1
18006.0299,1.778004,303,7,4,4,NaN,NaN,NaN,6,3,3,NaN,NaN,NaN,1
13329.9053,0.495552,303,7,4,4,NaN,NaN,NaN,6,5,1,NaN,NaN,NaN,1
26228.8664,0.009294723,303,7,6,2,NaN,NaN,NaN,6,1,5,NaN,NaN,NaN,1
24023.5482,0.05853196,303,7,6,2,NaN,NaN,NaN,6,3,3,NaN,NaN,NaN,1
19347.4236,2.305116,303,7,6,2,NaN,NaN,NaN,6,5,1,NaN,NaN,NaN,1
15695.4644,1.87432,303,7,1,6,NaN,NaN,NaN,6,2,5,NaN,NaN,NaN,1
11768.5642,0.1433665,303,7,1,6,NaN,NaN,NaN,6,4,3,NaN,NaN,NaN,1
5723.2597,0.002093801,303,7,1,6,NaN,NaN,NaN,6,6,1,NaN,NaN,NaN,1
18166.577,1.103016,303,7,3,4,NaN,NaN,NaN,6,2,5,NaN,NaN,NaN,1
14239.6768,0.7154389,303,7,3,4,NaN,NaN,NaN,6,4,3,NaN,NaN,NaN,1
8194.3723,0.01070883,303,7,3,4,NaN,NaN,NaN,6,6,1,NaN,NaN,NaN,1
22669.1862,0.09714678,303,7,5,2,NaN,NaN,NaN,6,2,5,NaN,NaN,NaN,1
18742.2861,2.05622,303,7,5,2,NaN,NaN,NaN,6,4,3,NaN,NaN,NaN,1
12696.9815,0.2875705,303,7,5,2,NaN,NaN,NaN,6,6,1,NaN,NaN,NaN,1
29928.0744,0.001112778,303,7,7,0,NaN,NaN,NaN,6,2,5,NaN,NaN,NaN,1
26001.1743,0.02628568,303,7,7,0,NaN,NaN,NaN,6,4,3,NaN,NaN,NaN,1
19955.8697,2.533158,303,7,7,0,NaN,NaN,NaN,6,6,1,NaN,NaN,NaN,1
15544.5489,2.432447,303,7,1,7,NaN,NaN,NaN,6,0,6,NaN,NaN,NaN,1
12850.6384,0.2233952,303,7,1,7,NaN,NaN,NaN,6,2,4,NaN,NaN,NaN,1
9706.1229,0.03308109,303,7,1,7,NaN,NaN,NaN,6,4,2,NaN,NaN,NaN,1
3672.1454,0.0004904992,303,7,1,7,NaN,NaN,NaN,6,6,0,NaN,NaN,NaN,1
19702.1939,0.3634684,303,7,3,5,NaN,NaN,NaN,6,0,6,NaN,NaN,NaN,1
17008.2833,1.64403,303,7,3,5,NaN,NaN,NaN,6,2,4,NaN,NaN,NaN,1
13863.7679,0.6664446,303,7,3,5,NaN,NaN,NaN,6,4,2,NaN,NaN,NaN,1
7829.7903,0.01003391,303,7,3,5,NaN,NaN,NaN,6,6,0,NaN,NaN,NaN,1
24567.7084,0.01921136,303,7,5,3,NaN,NaN,NaN,6,0,6,NaN,NaN,NaN,1
21873.7979,0.134595,303,7,5,3,NaN,NaN,NaN,6,2,4,NaN,NaN,NaN,1
18729.2825,2.05773,303,7,5,3,NaN,NaN,NaN,6,4,2,NaN,NaN,NaN,1
12695.3049,0.2875531,303,7,5,3,NaN,NaN,NaN,6,6,0,NaN,NaN,NaN,1
29134.3601,0.001539721,303,7,7,1,NaN,NaN,NaN,6,2,4,NaN,NaN,NaN,1
25989.8446,0.02630276,303,7,7,1,NaN,NaN,NaN,6,4,2,NaN,NaN,NaN,1
19955.8671,2.533158,303,7,7,1,NaN,NaN,NaN,6,6,0,NaN,NaN,NaN,1
2188.8961,-1.388429,303,7,2,6,NaN,NaN,NaN,7,1,7,NaN,NaN,NaN,1
6325.2114,-0.08739582,303,7,4,4,NaN,NaN,NaN,7,1,7,NaN,NaN,NaN,1
12342.7297,-0.002408072,303,7,6,2,NaN,NaN,NaN,7,1,7,NaN,NaN,NaN,1
1968.7488,-1.839092,303,7,3,5,NaN,NaN,NaN,7,2,6,NaN,NaN,NaN,1
2167.5665,-1.895211,303,7,4,4,NaN,NaN,NaN,7,3,5,NaN,NaN,NaN,1
8185.0847,-0.04926232,303,7,6,2,NaN,NaN,NaN,7,3,5,NaN,NaN,NaN,1
6834.2634,-0.09063942,303,7,5,3,NaN,NaN,NaN,7,2,6,NaN,NaN,NaN,1
2697.9481,-1.710695,303,7,5,3,NaN,NaN,NaN,7,4,4,NaN,NaN,NaN,1
3319.5702,-1.435754,303,7,6,2,NaN,NaN,NaN,7,5,3,NaN,NaN,NaN,1
14094.8255,-0.001035705,303,7,7,1,NaN,NaN,NaN,7,2,6,NaN,NaN,NaN,1
9958.5102,-0.01891882,303,7,7,1,NaN,NaN,NaN,7,4,4,NaN,NaN,NaN,1
3940.992,-1.044831,303,7,7,1,NaN,NaN,NaN,7,6,2,NaN,NaN,NaN,1
15523.6738,2.430169,303,7,0,7,NaN,NaN,NaN,6,1,6,NaN,NaN,NaN,1
11843.4769,0.1446582,303,7,0,7,NaN,NaN,NaN,6,3,4,NaN,NaN,NaN,1
6998.7071,0.005234509,303,7,0,7,NaN,NaN,NaN,6,5,2,NaN,NaN,NaN,1
18909.679,0.4628083,303,7,2,5,NaN,NaN,NaN,6,1,6,NaN,NaN,NaN,1
15229.4821,1.137904,303,7,2,5,NaN,NaN,NaN,6,3,4,NaN,NaN,NaN,1
10384.7123,0.04646284,303,7,2,5,NaN,NaN,NaN,6,5,2,NaN,NaN,NaN,1
21894.6539,0.09352956,303,7,4,3,NaN,NaN,NaN,6,1,6,NaN,NaN,NaN,1
18214.457,1.729109,303,7,4,3,NaN,NaN,NaN,6,3,4,NaN,NaN,NaN,1
13369.6872,0.4968528,303,7,4,3,NaN,NaN,NaN,6,5,2,NaN,NaN,NaN,1
27872.7069,0.002706441,303,7,6,1,NaN,NaN,NaN,6,1,6,NaN,NaN,NaN,1
24192.51,0.05716902,303,7,6,1,NaN,NaN,NaN,6,3,4,NaN,NaN,NaN,1
19347.7402,2.305091,303,7,6,1,NaN,NaN,NaN,6,5,2,NaN,NaN,NaN,1
2057.3837,-1.401998,303,7,1,6,NaN,NaN,NaN,7,0,7,NaN,NaN,NaN,1
4528.4963,-0.2158387,303,7,3,4,NaN,NaN,NaN,7,0,7,NaN,NaN,NaN,1
9031.1055,-0.0173495,303,7,5,2,NaN,NaN,NaN,7,0,7,NaN,NaN,NaN,1
1328.6215,-2.099233,303,7,2,5,NaN,NaN,NaN,7,1,6,NaN,NaN,NaN,1
1142.4911,-2.420953,303,7,3,4,NaN,NaN,NaN,7,2,5,NaN,NaN,NaN,1
5645.1003,-0.154111,303,7,5,2,NaN,NaN,NaN,7,2,5,NaN,NaN,NaN,1
12903.9885,-0.001763674,303,7,7,0,NaN,NaN,NaN,7,2,5,NaN,NaN,NaN,1
4313.5964,-0.35631,303,7,4,3,NaN,NaN,NaN,7,1,6,NaN,NaN,NaN,1
1842.4838,-1.993362,303,7,4,3,NaN,NaN,NaN,7,3,4,NaN,NaN,NaN,1
2660.1254,-1.714355,303,7,5,2,NaN,NaN,NaN,7,4,3,NaN,NaN,NaN,1
9919.0136,-0.01896629,303,7,7,0,NaN,NaN,NaN,7,4,3,NaN,NaN,NaN,1
10291.6494,-0.01027895,303,7,6,1,NaN,NaN,NaN,7,1,6,NaN,NaN,NaN,1
7820.5368,-0.05257464,303,7,6,1,NaN,NaN,NaN,7,3,4,NaN,NaN,NaN,1
3317.9275,-1.435829,303,7,6,1,NaN,NaN,NaN,7,5,2,NaN,NaN,NaN,1
3940.9607,-1.044832,303,7,7,0,NaN,NaN,NaN,7,6,1,NaN,NaN,NaN,1
17723.5543,2.631424,303,8,0,8,NaN,NaN,NaN,7,1,7,NaN,NaN,NaN,1
13565.9094,0.1458402,303,8,0,8,NaN,NaN,NaN,7,3,5,NaN,NaN,NaN,1
8700.3948,0.007673025,303,8,0,8,NaN,NaN,NaN,7,5,3,NaN,NaN,NaN,1
21874.1991,0.4050257,303,8,2,6,NaN,NaN,NaN,7,1,7,NaN,NaN,NaN,1
17716.5541,1.434387,303,8,2,6,NaN,NaN,NaN,7,3,5,NaN,NaN,NaN,1
12851.0396,0.09098542,303,8,2,6,NaN,NaN,NaN,7,5,3,NaN,NaN,NaN,1
5590.4774,0.001040172,303,8,2,6,NaN,NaN,NaN,7,7,1,NaN,NaN,NaN,1
24777.2935,0.09148591,303,8,4,4,NaN,NaN,NaN,7,1,7,NaN,NaN,NaN,1
20619.6485,1.630267,303,8,4,4,NaN,NaN,NaN,7,3,5,NaN,NaN,NaN,1
15754.1339,0.6555533,303,8,4,4,NaN,NaN,NaN,7,5,3,NaN,NaN,NaN,1
8493.5718,0.007584191,303,8,4,4,NaN,NaN,NaN,7,7,1,NaN,NaN,NaN,1
30656.1699,0.004314949,303,8,6,2,NaN,NaN,NaN,7,1,7,NaN,NaN,NaN,1
26498.5249,0.08825176,303,8,6,2,NaN,NaN,NaN,7,3,5,NaN,NaN,NaN,1
21633.0104,2.286886,303,8,6,2,NaN,NaN,NaN,7,5,3,NaN,NaN,NaN,1
14372.4482,0.2690661,303,8,6,2,NaN,NaN,NaN,7,7,1,NaN,NaN,NaN,1
34976.208,0.0008256056,303,8,8,0,NaN,NaN,NaN,7,3,5,NaN,NaN,NaN,1
30110.6934,0.02368863,303,8,8,0,NaN,NaN,NaN,7,5,3,NaN,NaN,NaN,1
22850.1313,2.723588,303,8,8,0,NaN,NaN,NaN,7,7,1,NaN,NaN,NaN,1
17732.427,2.632171,303,8,1,8,NaN,NaN,NaN,7,0,7,NaN,NaN,NaN,1
14346.4218,0.1830555,303,8,1,8,NaN,NaN,NaN,7,2,5,NaN,NaN,NaN,1
11361.4469,0.03649556,303,8,1,8,NaN,NaN,NaN,7,4,3,NaN,NaN,NaN,1
5383.394,0.001055791,303,8,1,8,NaN,NaN,NaN,7,6,1,NaN,NaN,NaN,1
22435.8847,0.3632074,303,8,3,6,NaN,NaN,NaN,7,0,7,NaN,NaN,NaN,1
19049.8795,1.765536,303,8,3,6,NaN,NaN,NaN,7,2,5,NaN,NaN,NaN,1
16064.9046,0.7552202,303,8,3,6,NaN,NaN,NaN,7,4,3,NaN,NaN,NaN,1
10086.8517,0.02233095,303,8,3,6,NaN,NaN,NaN,7,6,1,NaN,NaN,NaN,1
27361.3213,0.02439019,303,8,5,4,NaN,NaN,NaN,7,0,7,NaN,NaN,NaN,1
23975.3161,0.2159433,303,8,5,4,NaN,NaN,NaN,7,2,5,NaN,NaN,NaN,1
20990.3412,2.034839,303,8,5,4,NaN,NaN,NaN,7,4,3,NaN,NaN,NaN,1
15012.2883,0.4651611,303,8,5,4,NaN,NaN,NaN,7,6,1,NaN,NaN,NaN,1
34591.0844,0.0005230074,303,8,7,2,NaN,NaN,NaN,7,0,7,NaN,NaN,NaN,1
31205.0792,0.004642834,303,8,7,2,NaN,NaN,NaN,7,2,5,NaN,NaN,NaN,1
28220.1043,0.04992592,303,8,7,2,NaN,NaN,NaN,7,4,3,NaN,NaN,NaN,1
22242.0513,2.512022,303,8,7,2,NaN,NaN,NaN,7,6,1,NaN,NaN,NaN,1
17978.5966,2.154715,303,8,1,7,NaN,NaN,NaN,7,2,6,NaN,NaN,NaN,1
13842.2813,0.1917147,303,8,1,7,NaN,NaN,NaN,7,4,4,NaN,NaN,NaN,1
7824.763,0.005289995,303,8,1,7,NaN,NaN,NaN,7,6,2,NaN,NaN,NaN,1
20900.3958,0.9270687,303,8,3,5,NaN,NaN,NaN,7,2,6,NaN,NaN,NaN,1
16764.0805,0.8936113,303,8,3,5,NaN,NaN,NaN,7,4,4,NaN,NaN,NaN,1
10746.5623,0.02590366,303,8,3,5,NaN,NaN,NaN,7,6,2,NaN,NaN,NaN,1
25173.1751,0.12612,303,8,5,3,NaN,NaN,NaN,7,2,6,NaN,NaN,NaN,1
21036.8598,2.028945,303,8,5,3,NaN,NaN,NaN,7,4,4,NaN,NaN,NaN,1
15019.3416,0.4652872,303,8,5,3,NaN,NaN,NaN,7,6,2,NaN,NaN,NaN,1
32395.9197,0.002726463,303,8,7,1,NaN,NaN,NaN,7,2,6,NaN,NaN,NaN,1
28259.6044,0.0498009,303,8,7,1,NaN,NaN,NaN,7,4,4,NaN,NaN,NaN,1
22242.0861,2.51202,303,8,7,1,NaN,NaN,NaN,7,6,2,NaN,NaN,NaN,1
2443.9384,-1.400873,303,8,1,7,NaN,NaN,NaN,8,0,8,NaN,NaN,NaN,1
1706.7064,-2.035774,303,8,2,6,NaN,NaN,NaN,8,1,7,NaN,NaN,NaN,1
4609.8007,-0.4058514,303,8,4,4,NaN,NaN,NaN,8,1,7,NaN,NaN,NaN,1
10488.6772,-0.01907058,303,8,6,2,NaN,NaN,NaN,8,1,7,NaN,NaN,NaN,1
5365.7376,-0.1688602,303,8,3,5,NaN,NaN,NaN,8,0,8,NaN,NaN,NaN,1
1215.0929,-2.586438,303,8,3,5,NaN,NaN,NaN,8,2,6,NaN,NaN,NaN,1
1688.0015,-2.291543,303,8,4,4,NaN,NaN,NaN,8,3,5,NaN,NaN,NaN,1
7566.8779,-0.09340217,303,8,6,2,NaN,NaN,NaN,8,3,5,NaN,NaN,NaN,1
16044.561,-0.0008734588,303,8,8,0,NaN,NaN,NaN,8,3,5,NaN,NaN,NaN,1
9638.5169,-0.02149296,303,8,5,3,NaN,NaN,NaN,8,0,8,NaN,NaN,NaN,1
5487.8722,-0.2553628,303,8,5,3,NaN,NaN,NaN,8,2,6,NaN,NaN,NaN,1
2584.7778,-1.961049,303,8,5,3,NaN,NaN,NaN,8,4,4,NaN,NaN,NaN,1
3294.0986,-1.727619,303,8,6,2,NaN,NaN,NaN,8,5,3,NaN,NaN,NaN,1
11771.7817,-0.01574678,303,8,8,0,NaN,NaN,NaN,8,5,3,NaN,NaN,NaN,1
16861.2615,-0.0004644076,303,8,7,1,NaN,NaN,NaN,8,0,8,NaN,NaN,NaN,1
12710.6167,-0.005508951,303,8,7,1,NaN,NaN,NaN,8,2,6,NaN,NaN,NaN,1
9807.5223,-0.04016803,303,8,7,1,NaN,NaN,NaN,8,4,4,NaN,NaN,NaN,1
3928.6459,-1.444736,303,8,7,1,NaN,NaN,NaN,8,6,2,NaN,NaN,NaN,1
4549.0371,-1.047929,303,8,8,0,NaN,NaN,NaN,8,7,1,NaN,NaN,NaN,1
18187.9239,2.185457,303,8,2,7,NaN,NaN,NaN,7,1,6,NaN,NaN,NaN,1
15716.8113,0.5157963,303,8,2,7,NaN,NaN,NaN,7,3,4,NaN,NaN,NaN,1
11214.202,0.04215593,303,8,2,7,NaN,NaN,NaN,7,5,2,NaN,NaN,NaN,1
3955.3138,0.0004827652,303,8,2,7,NaN,NaN,NaN,7,7,0,NaN,NaN,NaN,1
22616.912,0.4363076,303,8,4,5,NaN,NaN,NaN,7,1,6,NaN,NaN,NaN,1
20145.7993,1.76426,303,8,4,5,NaN,NaN,NaN,7,3,4,NaN,NaN,NaN,1
15643.1901,0.6498294,303,8,4,5,NaN,NaN,NaN,7,5,2,NaN,NaN,NaN,1
8384.3019,0.007522199,303,8,4,5,NaN,NaN,NaN,7,7,0,NaN,NaN,NaN,1
28604.8412,0.01842336,303,8,6,3,NaN,NaN,NaN,7,1,6,NaN,NaN,NaN,1
26133.7286,0.09419792,303,8,6,3,NaN,NaN,NaN,7,3,4,NaN,NaN,NaN,1
21631.1193,2.287037,303,8,6,3,NaN,NaN,NaN,7,5,2,NaN,NaN,NaN,1
14372.2312,0.2690647,303,8,6,3,NaN,NaN,NaN,7,7,0,NaN,NaN,NaN,1
34611.6284,0.0008811364,303,8,8,1,NaN,NaN,NaN,7,3,4,NaN,NaN,NaN,1
30109.0192,0.02369003,303,8,8,1,NaN,NaN,NaN,7,5,2,NaN,NaN,NaN,1
22850.131,2.723588,303,8,8,1,NaN,NaN,NaN,7,7,0,NaN,NaN,NaN,1
2512.8805,-1.396487,303,8,2,7,NaN,NaN,NaN,8,1,8,NaN,NaN,NaN,1
2190.5772,-1.902383,303,8,3,6,NaN,NaN,NaN,8,2,7,NaN,NaN,NaN,1
7116.0138,-0.1192618,303,8,5,4,NaN,NaN,NaN,8,2,7,NaN,NaN,NaN,1
14345.7768,-0.002556826,303,8,7,2,NaN,NaN,NaN,8,2,7,NaN,NaN,NaN,1
6941.8686,-0.09095021,303,8,4,5,NaN,NaN,NaN,8,1,8,NaN,NaN,NaN,1
2238.4109,-2.066449,303,8,4,5,NaN,NaN,NaN,8,3,6,NaN,NaN,NaN,1
2687.0257,-1.947906,303,8,5,4,NaN,NaN,NaN,8,4,5,NaN,NaN,NaN,1
9916.7887,-0.03983977,303,8,7,2,NaN,NaN,NaN,8,4,5,NaN,NaN,NaN,1
12929.7978,-0.003807176,303,8,6,3,NaN,NaN,NaN,8,1,8,NaN,NaN,NaN,1
8226.3402,-0.08053274,303,8,6,3,NaN,NaN,NaN,8,3,6,NaN,NaN,NaN,1
3300.9035,-1.727228,303,8,6,3,NaN,NaN,NaN,8,5,4,NaN,NaN,NaN,1
3928.8595,-1.444729,303,8,7,2,NaN,NaN,NaN,8,6,3,NaN,NaN,NaN,1
16704.24,-0.0007530073,303,8,8,1,NaN,NaN,NaN,8,3,6,NaN,NaN,NaN,1
11778.8034,-0.01574267,303,8,8,1,NaN,NaN,NaN,8,5,4,NaN,NaN,NaN,1
4549.0404,-1.047929,303,8,8,1,NaN,NaN,NaN,8,7,2,NaN,NaN,NaN,1
20329.4317,2.40709,303,9,2,8,NaN,NaN,NaN,8,1,7,NaN,NaN,NaN,1
17407.6324,0.427341,303,9,2,8,NaN,NaN,NaN,8,3,5,NaN,NaN,NaN,1
13134.8531,0.05504527,303,9,2,8,NaN,NaN,NaN,8,5,3,NaN,NaN,NaN,1
5912.1086,0.001189488,303,9,2,8,NaN,NaN,NaN,8,7,1,NaN,NaN,NaN,1
25137.9868,0.503586,303,9,4,6,NaN,NaN,NaN,8,1,7,NaN,NaN,NaN,1
22216.1875,1.777814,303,9,4,6,NaN,NaN,NaN,8,3,5,NaN,NaN,NaN,1
17943.4082,0.7772135,303,9,4,6,NaN,NaN,NaN,8,5,3,NaN,NaN,NaN,1
10720.6637,0.01708933,303,9,4,6,NaN,NaN,NaN,8,7,1,NaN,NaN,NaN,1
31104.2004,0.02891448,303,9,6,4,NaN,NaN,NaN,8,1,7,NaN,NaN,NaN,1
28182.4011,0.1414678,303,9,6,4,NaN,NaN,NaN,8,3,5,NaN,NaN,NaN,1
23909.6218,2.268397,303,9,6,4,NaN,NaN,NaN,8,5,3,NaN,NaN,NaN,1
16686.8773,0.4390234,303,9,6,4,NaN,NaN,NaN,8,7,1,NaN,NaN,NaN,1
39553.7729,0.0005021879,303,9,8,2,NaN,NaN,NaN,8,1,7,NaN,NaN,NaN,1
36631.9737,0.002459139,303,9,8,2,NaN,NaN,NaN,8,3,5,NaN,NaN,NaN,1
32359.1944,0.04433222,303,9,8,2,NaN,NaN,NaN,8,5,3,NaN,NaN,NaN,1
25136.4498,2.703178,303,9,8,2,NaN,NaN,NaN,8,7,1,NaN,NaN,NaN,1
20223.221,2.395935,303,9,1,8,NaN,NaN,NaN,8,2,7,NaN,NaN,NaN,1
15794.2329,0.2224571,303,9,1,8,NaN,NaN,NaN,8,4,5,NaN,NaN,NaN,1
9806.3037,0.009328702,303,9,1,8,NaN,NaN,NaN,8,6,3,NaN,NaN,NaN,1
23759.1188,0.781247,303,9,3,6,NaN,NaN,NaN,8,2,7,NaN,NaN,NaN,1
19330.1307,1.094947,303,9,3,6,NaN,NaN,NaN,8,4,5,NaN,NaN,NaN,1
13342.2015,0.05014869,303,9,3,6,NaN,NaN,NaN,8,6,3,NaN,NaN,NaN,1
4864.3016,0.0004689961,303,9,3,6,NaN,NaN,NaN,8,8,1,NaN,NaN,NaN,1
27778.6846,0.1470111,303,9,5,4,NaN,NaN,NaN,8,2,7,NaN,NaN,NaN,1
23349.6965,1.986453,303,9,5,4,NaN,NaN,NaN,8,4,5,NaN,NaN,NaN,1
17361.7672,0.6188282,303,9,5,4,NaN,NaN,NaN,8,6,3,NaN,NaN,NaN,1
8883.8674,0.00583068,303,9,5,4,NaN,NaN,NaN,8,8,1,NaN,NaN,NaN,1
34944.3269,0.004925309,303,9,7,2,NaN,NaN,NaN,8,2,7,NaN,NaN,NaN,1
30515.3388,0.07673466,303,9,7,2,NaN,NaN,NaN,8,4,5,NaN,NaN,NaN,1
24527.4096,2.49495,303,9,7,2,NaN,NaN,NaN,8,6,3,NaN,NaN,NaN,1
16049.5097,0.2537082,303,9,7,2,NaN,NaN,NaN,8,8,1,NaN,NaN,NaN,1
40210.2174,0.0006066188,303,9,9,0,NaN,NaN,NaN,8,4,5,NaN,NaN,NaN,1
34222.2882,0.02171693,303,9,9,0,NaN,NaN,NaN,8,6,3,NaN,NaN,NaN,1
25744.3883,2.9015,303,9,9,0,NaN,NaN,NaN,8,8,1,NaN,NaN,NaN,1
19923.8006,2.817343,303,9,1,9,NaN,NaN,NaN,8,0,8,NaN,NaN,NaN,1
15773.1558,0.1568961,303,9,1,9,NaN,NaN,NaN,8,2,6,NaN,NaN,NaN,1
12870.0615,0.0351534,303,9,1,9,NaN,NaN,NaN,8,4,4,NaN,NaN,NaN,1
6991.185,0.00165759,303,9,1,9,NaN,NaN,NaN,8,6,2,NaN,NaN,NaN,1
25227.8916,0.3531119,303,9,3,7,NaN,NaN,NaN,8,0,8,NaN,NaN,NaN,1
21077.2468,1.93446,303,9,3,7,NaN,NaN,NaN,8,2,6,NaN,NaN,NaN,1
18174.1525,0.7811926,303,9,3,7,NaN,NaN,NaN,8,4,4,NaN,NaN,NaN,1
12295.276,0.03779577,303,9,3,7,NaN,NaN,NaN,8,6,2,NaN,NaN,NaN,1
3817.593,0.0003535265,303,9,3,7,NaN,NaN,NaN,8,8,0,NaN,NaN,NaN,1
30270.7499,0.02734289,303,9,5,5,NaN,NaN,NaN,8,0,8,NaN,NaN,NaN,1
26120.1051,0.3225833,303,9,5,5,NaN,NaN,NaN,8,2,6,NaN,NaN,NaN,1
23217.0108,2.005831,303,9,5,5,NaN,NaN,NaN,8,4,4,NaN,NaN,NaN,1
17338.1343,0.6182107,303,9,5,5,NaN,NaN,NaN,8,6,2,NaN,NaN,NaN,1
8860.4513,0.005825176,303,9,5,5,NaN,NaN,NaN,8,8,0,NaN,NaN,NaN,1
37459.7826,0.0008946318,303,9,7,3,NaN,NaN,NaN,8,0,8,NaN,NaN,NaN,1
33309.1378,0.01061236,303,9,7,3,NaN,NaN,NaN,8,2,6,NaN,NaN,NaN,1
30406.0435,0.07736772,303,9,7,3,NaN,NaN,NaN,8,4,4,NaN,NaN,NaN,1
24527.1671,2.494964,303,9,7,3,NaN,NaN,NaN,8,6,2,NaN,NaN,NaN,1
16049.484,0.2537081,303,9,7,3,NaN,NaN,NaN,8,8,0,NaN,NaN,NaN,1
40100.9478,0.000611618,303,9,9,1,NaN,NaN,NaN,8,4,4,NaN,NaN,NaN,1
34222.0713,0.02171704,303,9,9,1,NaN,NaN,NaN,8,6,2,NaN,NaN,NaN,1
25744.3883,2.9015,303,9,9,1,NaN,NaN,NaN,8,8,0,NaN,NaN,NaN,1
2849.5695,-1.40066,303,9,2,8,NaN,NaN,NaN,9,1,9,NaN,NaN,NaN,1
7658.1246,-0.08885745,303,9,4,6,NaN,NaN,NaN,9,1,9,NaN,NaN,NaN,1
13624.3381,-0.005050062,303,9,6,4,NaN,NaN,NaN,9,1,9,NaN,NaN,NaN,1
2454.5215,-1.938253,303,9,3,7,NaN,NaN,NaN,9,2,8,NaN,NaN,NaN,1
2354.0336,-2.195616,303,9,4,6,NaN,NaN,NaN,9,3,7,NaN,NaN,NaN,1
8320.2471,-0.1151733,303,9,6,4,NaN,NaN,NaN,9,3,7,NaN,NaN,NaN,1
16769.8197,-0.001999949,303,9,8,2,NaN,NaN,NaN,9,3,7,NaN,NaN,NaN,1
7497.3798,-0.1407631,303,9,5,5,NaN,NaN,NaN,9,2,8,NaN,NaN,NaN,1
2688.8247,-2.152141,303,9,5,5,NaN,NaN,NaN,9,4,6,NaN,NaN,NaN,1
3277.3888,-1.969177,303,9,6,4,NaN,NaN,NaN,9,5,5,NaN,NaN,NaN,1
11726.9614,-0.03295413,303,9,8,2,NaN,NaN,NaN,9,5,5,NaN,NaN,NaN,1
14686.4126,-0.004604278,303,9,7,3,NaN,NaN,NaN,9,2,8,NaN,NaN,NaN,1
9877.8574,-0.06615286,303,9,7,3,NaN,NaN,NaN,9,4,6,NaN,NaN,NaN,1
3911.6439,-1.739643,303,9,7,3,NaN,NaN,NaN,9,6,4,NaN,NaN,NaN,1
4537.9287,-1.451947,303,9,8,2,NaN,NaN,NaN,9,7,3,NaN,NaN,NaN,1
19572.7617,-0.0005228667,303,9,9,1,NaN,NaN,NaN,9,4,6,NaN,NaN,NaN,1
13606.5481,-0.01346731,303,9,9,1,NaN,NaN,NaN,9,6,4,NaN,NaN,NaN,1
5156.9756,-1.050422,303,9,9,1,NaN,NaN,NaN,9,8,2,NaN,NaN,NaN,1
19920.1489,2.817096,303,9,0,9,NaN,NaN,NaN,8,1,8,NaN,NaN,NaN,1
15216.6913,0.1413914,303,9,0,9,NaN,NaN,NaN,8,3,6,NaN,NaN,NaN,1
10291.2546,0.009455364,303,9,0,9,NaN,NaN,NaN,8,5,4,NaN,NaN,NaN,1
24865.27,0.3687313,303,9,2,7,NaN,NaN,NaN,8,1,8,NaN,NaN,NaN,1
20161.8123,1.748161,303,9,2,7,NaN,NaN,NaN,8,3,6,NaN,NaN,NaN,1
15236.3757,0.1501861,303,9,2,7,NaN,NaN,NaN,8,5,4,NaN,NaN,NaN,1
8006.6126,0.003223395,303,9,2,7,NaN,NaN,NaN,8,7,2,NaN,NaN,NaN,1
27830.2895,0.07966331,303,9,4,5,NaN,NaN,NaN,8,1,8,NaN,NaN,NaN,1
23126.8318,1.481023,303,9,4,5,NaN,NaN,NaN,8,3,6,NaN,NaN,NaN,1
18201.3952,0.797829,303,9,4,5,NaN,NaN,NaN,8,5,4,NaN,NaN,NaN,1
10971.6322,0.01750408,303,9,4,5,NaN,NaN,NaN,8,7,2,NaN,NaN,NaN,1
33546.596,0.005765226,303,9,6,3,NaN,NaN,NaN,8,1,8,NaN,NaN,NaN,1
28843.1383,0.121893,303,9,6,3,NaN,NaN,NaN,8,3,6,NaN,NaN,NaN,1
23917.7017,2.267723,303,9,6,3,NaN,NaN,NaN,8,5,4,NaN,NaN,NaN,1
16687.9386,0.4390353,303,9,6,3,NaN,NaN,NaN,8,7,2,NaN,NaN,NaN,1
37291.6531,0.002120019,303,9,8,1,NaN,NaN,NaN,8,3,6,NaN,NaN,NaN,1
32366.2164,0.04432065,303,9,8,1,NaN,NaN,NaN,8,5,4,NaN,NaN,NaN,1
25136.4534,2.703178,303,9,8,1,NaN,NaN,NaN,8,7,2,NaN,NaN,NaN,1
2815.9526,-1.402099,303,9,1,8,NaN,NaN,NaN,9,0,9,NaN,NaN,NaN,1
6351.8504,-0.1302305,303,9,3,6,NaN,NaN,NaN,9,0,9,NaN,NaN,NaN,1
10371.4161,-0.02344017,303,9,5,4,NaN,NaN,NaN,9,0,9,NaN,NaN,NaN,1
17537.0585,-0.0007847911,303,9,7,2,NaN,NaN,NaN,9,0,9,NaN,NaN,NaN,1
2129.1685,-1.994297,303,9,2,7,NaN,NaN,NaN,9,1,8,NaN,NaN,NaN,1
1406.7293,-2.622054,303,9,3,6,NaN,NaN,NaN,9,2,7,NaN,NaN,NaN,1
5426.2951,-0.3737954,303,9,5,4,NaN,NaN,NaN,9,2,7,NaN,NaN,NaN,1
12591.9374,-0.01247681,303,9,7,2,NaN,NaN,NaN,9,2,7,NaN,NaN,NaN,1
5094.188,-0.393628,303,9,4,5,NaN,NaN,NaN,9,1,8,NaN,NaN,NaN,1
1558.2902,-2.596572,303,9,4,5,NaN,NaN,NaN,9,3,6,NaN,NaN,NaN,1
2461.2756,-2.192879,303,9,5,4,NaN,NaN,NaN,9,4,5,NaN,NaN,NaN,1
9626.9179,-0.06775748,303,9,7,2,NaN,NaN,NaN,9,4,5,NaN,NaN,NaN,1
19321.7965,-0.0005355554,303,9,9,0,NaN,NaN,NaN,9,4,5,NaN,NaN,NaN,1
10810.4945,-0.02838548,303,9,6,3,NaN,NaN,NaN,9,1,8,NaN,NaN,NaN,1
7274.5967,-0.1526905,303,9,6,3,NaN,NaN,NaN,9,3,6,NaN,NaN,NaN,1
3255.0309,-1.970737,303,9,6,3,NaN,NaN,NaN,9,5,4,NaN,NaN,NaN,1
3910.6114,-1.739683,303,9,7,2,NaN,NaN,NaN,9,6,3,NaN,NaN,NaN,1
13605.49,-0.01346767,303,9,9,0,NaN,NaN,NaN,9,6,3,NaN,NaN,NaN,1
19259.0092,-0.0004934927,303,9,8,1,NaN,NaN,NaN,9,1,8,NaN,NaN,NaN,1
15723.1114,-0.002653176,303,9,8,1,NaN,NaN,NaN,9,3,6,NaN,NaN,NaN,1
11703.5457,-0.03298526,303,9,8,1,NaN,NaN,NaN,9,5,4,NaN,NaN,NaN,1
4537.9033,-1.451947,303,9,8,1,NaN,NaN,NaN,9,7,2,NaN,NaN,NaN,1
5156.9753,-1.050422,303,9,9,0,NaN,NaN,NaN,9,8,1,NaN,NaN,NaN,1
22115.2945,2.99065,303,10,0,10,NaN,NaN,NaN,9,1,9,NaN,NaN,NaN,1
16811.2035,0.1346879,303,10,0,10,NaN,NaN,NaN,9,3,7,NaN,NaN,NaN,1
11768.3452,0.01039281,303,10,0,10,NaN,NaN,NaN,9,5,5,NaN,NaN,NaN,1
4579.3125,0.0003400365,303,10,0,10,NaN,NaN,NaN,9,7,3,NaN,NaN,NaN,1
27849.0753,0.344822,303,10,2,8,NaN,NaN,NaN,9,1,9,NaN,NaN,NaN,1
22544.9843,2.051098,303,10,2,8,NaN,NaN,NaN,9,3,7,NaN,NaN,NaN,1
17502.126,0.213351,303,10,2,8,NaN,NaN,NaN,9,5,5,NaN,NaN,NaN,1
10313.0933,0.006991955,303,10,2,8,NaN,NaN,NaN,9,7,3,NaN,NaN,NaN,1
31071.3202,0.06335876,303,10,4,6,NaN,NaN,NaN,9,1,9,NaN,NaN,NaN,1
25767.2292,1.296676,303,10,4,6,NaN,NaN,NaN,9,3,7,NaN,NaN,NaN,1
20724.3709,0.9360834,303,10,4,6,NaN,NaN,NaN,9,5,5,NaN,NaN,NaN,1
13535.3381,0.03187955,303,10,4,6,NaN,NaN,NaN,9,7,3,NaN,NaN,NaN,1
36551.1304,0.006817331,303,10,6,4,NaN,NaN,NaN,9,1,9,NaN,NaN,NaN,1
31247.0394,0.1553488,303,10,6,4,NaN,NaN,NaN,9,3,7,NaN,NaN,NaN,1
26204.1811,2.243412,303,10,6,4,NaN,NaN,NaN,9,5,5,NaN,NaN,NaN,1
19015.1484,0.5880732,303,10,6,4,NaN,NaN,NaN,9,7,3,NaN,NaN,NaN,1
9320.2441,0.004672908,303,10,6,4,NaN,NaN,NaN,9,9,1,NaN,NaN,NaN,1
39653.9856,0.004103212,303,10,8,2,NaN,NaN,NaN,9,3,7,NaN,NaN,NaN,1
34611.1273,0.06760516,303,10,8,2,NaN,NaN,NaN,9,5,5,NaN,NaN,NaN,1
27422.0946,2.686723,303,10,8,2,NaN,NaN,NaN,9,7,3,NaN,NaN,NaN,1
17727.1904,0.2407015,303,10,8,2,NaN,NaN,NaN,9,9,1,NaN,NaN,NaN,1
45522.5794,0.0004625904,303,10,10,0,NaN,NaN,NaN,9,5,5,NaN,NaN,NaN,1
38333.5467,0.02016041,303,10,10,0,NaN,NaN,NaN,9,7,3,NaN,NaN,NaN,1
28638.6424,3.069087,303,10,10,0,NaN,NaN,NaN,9,9,1,NaN,NaN,NaN,1
22116.7614,2.990733,303,10,1,10,NaN,NaN,NaN,9,0,9,NaN,NaN,NaN,1
17171.6403,0.1404118,303,10,1,10,NaN,NaN,NaN,9,2,7,NaN,NaN,NaN,1
14206.6208,0.03018127,303,10,1,10,NaN,NaN,NaN,9,4,5,NaN,NaN,NaN,1
8490.3143,0.002183756,303,10,1,10,NaN,NaN,NaN,9,6,3,NaN,NaN,NaN,1
28061.9516,0.3394488,303,10,3,8,NaN,NaN,NaN,9,0,9,NaN,NaN,NaN,1
23116.8306,2.139348,303,10,3,8,NaN,NaN,NaN,9,2,7,NaN,NaN,NaN,1
20151.8111,0.7405148,303,10,3,8,NaN,NaN,NaN,9,4,5,NaN,NaN,NaN,1
14435.5046,0.05495821,303,10,3,8,NaN,NaN,NaN,9,6,3,NaN,NaN,NaN,1
5986.9898,0.0009555502,303,10,3,8,NaN,NaN,NaN,9,8,1,NaN,NaN,NaN,1
33296.1941,0.02811477,303,10,5,6,NaN,NaN,NaN,9,0,9,NaN,NaN,NaN,1
28351.073,0.4429465,303,10,5,6,NaN,NaN,NaN,9,2,7,NaN,NaN,NaN,1
25386.0535,1.972715,303,10,5,6,NaN,NaN,NaN,9,4,5,NaN,NaN,NaN,1
19669.747,0.7527473,303,10,5,6,NaN,NaN,NaN,9,6,3,NaN,NaN,NaN,1
11221.2323,0.0132503,303,10,5,6,NaN,NaN,NaN,9,8,1,NaN,NaN,NaN,1
40436.5286,0.001273124,303,10,7,4,NaN,NaN,NaN,9,0,9,NaN,NaN,NaN,1
35491.4075,0.02024013,303,10,7,4,NaN,NaN,NaN,9,2,7,NaN,NaN,NaN,1
32526.388,0.1098763,303,10,7,4,NaN,NaN,NaN,9,4,5,NaN,NaN,NaN,1
26810.0815,2.478692,303,10,7,4,NaN,NaN,NaN,9,6,3,NaN,NaN,NaN,1
18361.5668,0.4166902,303,10,7,4,NaN,NaN,NaN,9,8,1,NaN,NaN,NaN,1
42195.6044,0.001599746,303,10,9,2,NaN,NaN,NaN,9,4,5,NaN,NaN,NaN,1
36479.298,0.0402282,303,10,9,2,NaN,NaN,NaN,9,6,3,NaN,NaN,NaN,1
28030.7832,2.881739,303,10,9,2,NaN,NaN,NaN,9,8,1,NaN,NaN,NaN,1
22443.4074,2.608082,303,10,1,9,NaN,NaN,NaN,9,2,8,NaN,NaN,NaN,1
17634.8523,0.235825,303,10,1,9,NaN,NaN,NaN,9,4,6,NaN,NaN,NaN,1
11668.6387,0.01342799,303,10,1,9,NaN,NaN,NaN,9,6,4,NaN,NaN,NaN,1
26716.856,0.6748739,303,10,3,7,NaN,NaN,NaN,9,2,8,NaN,NaN,NaN,1
21908.3009,1.332869,303,10,3,7,NaN,NaN,NaN,9,4,6,NaN,NaN,NaN,1
15942.0873,0.0874067,303,10,3,7,NaN,NaN,NaN,9,6,4,NaN,NaN,NaN,1
7492.5148,0.001518565,303,10,3,7,NaN,NaN,NaN,9,8,2,NaN,NaN,NaN,1
30511.0373,0.1554221,303,10,5,5,NaN,NaN,NaN,9,2,8,NaN,NaN,NaN,1
25702.4822,1.916521,303,10,5,5,NaN,NaN,NaN,9,4,6,NaN,NaN,NaN,1
19736.2686,0.7551854,303,10,5,5,NaN,NaN,NaN,9,6,4,NaN,NaN,NaN,1
11286.6961,0.01329014,303,10,5,5,NaN,NaN,NaN,9,8,2,NaN,NaN,NaN,1
37586.0509,0.007468133,303,10,7,3,NaN,NaN,NaN,9,2,8,NaN,NaN,NaN,1
32777.4957,0.1072679,303,10,7,3,NaN,NaN,NaN,9,4,6,NaN,NaN,NaN,1
26811.2822,2.478619,303,10,7,3,NaN,NaN,NaN,9,6,4,NaN,NaN,NaN,1
18361.7096,0.4166913,303,10,7,3,NaN,NaN,NaN,9,8,2,NaN,NaN,NaN,1
42446.5697,0.001561844,303,10,9,1,NaN,NaN,NaN,9,4,6,NaN,NaN,NaN,1
36480.3561,0.04022714,303,10,9,1,NaN,NaN,NaN,9,6,4,NaN,NaN,NaN,1
28030.7836,2.881739,303,10,9,1,NaN,NaN,NaN,9,8,2,NaN,NaN,NaN,1
3177.6824,-1.40358,303,10,1,9,NaN,NaN,NaN,10,0,10,NaN,NaN,NaN,1
2556.0985,-1.977925,303,10,2,8,NaN,NaN,NaN,10,1,9,NaN,NaN,NaN,1
5778.3433,-0.3391623,303,10,4,6,NaN,NaN,NaN,10,1,9,NaN,NaN,NaN,1
11258.1535,-0.03639203,303,10,6,4,NaN,NaN,NaN,10,1,9,NaN,NaN,NaN,1
19665.0998,-0.0009605671,303,10,8,2,NaN,NaN,NaN,10,1,9,NaN,NaN,NaN,1
7451.1309,-0.1030251,303,10,3,7,NaN,NaN,NaN,10,0,10,NaN,NaN,NaN,1
1717.3501,-2.57017,303,10,3,7,NaN,NaN,NaN,10,2,8,NaN,NaN,NaN,1
1504.8947,-2.853509,303,10,4,6,NaN,NaN,NaN,10,3,7,NaN,NaN,NaN,1
6984.7049,-0.2372764,303,10,6,4,NaN,NaN,NaN,10,3,7,NaN,NaN,NaN,1
15391.6512,-0.006254719,303,10,8,2,NaN,NaN,NaN,10,3,7,NaN,NaN,NaN,1
11245.3122,-0.02306083,303,10,5,5,NaN,NaN,NaN,10,0,10,NaN,NaN,NaN,1
5511.5314,-0.476327,303,10,5,5,NaN,NaN,NaN,10,2,8,NaN,NaN,NaN,1
2289.2866,-2.435211,303,10,5,5,NaN,NaN,NaN,10,4,6,NaN,NaN,NaN,1
3190.5237,-2.186969,303,10,6,4,NaN,NaN,NaN,10,5,5,NaN,NaN,NaN,1
11597.4699,-0.05474144,303,10,8,2,NaN,NaN,NaN,10,5,5,NaN,NaN,NaN,1
22508.9219,-0.0003745329,303,10,10,0,NaN,NaN,NaN,10,5,5,NaN,NaN,NaN,1
18320.3258,-0.00110725,303,10,7,3,NaN,NaN,NaN,10,0,10,NaN,NaN,NaN,1
12586.545,-0.02276785,303,10,7,3,NaN,NaN,NaN,10,2,8,NaN,NaN,NaN,1
9364.3002,-0.1038293,303,10,7,3,NaN,NaN,NaN,10,4,6,NaN,NaN,NaN,1
3884.4899,-1.98368,303,10,7,3,NaN,NaN,NaN,10,6,4,NaN,NaN,NaN,1
4522.4563,-1.749952,303,10,8,2,NaN,NaN,NaN,10,7,3,NaN,NaN,NaN,1
15433.9084,-0.01176571,303,10,10,0,NaN,NaN,NaN,10,7,3,NaN,NaN,NaN,1
22255.6189,-0.0003314185,303,10,9,1,NaN,NaN,NaN,10,2,8,NaN,NaN,NaN,1
19033.3741,-0.001511135,303,10,9,1,NaN,NaN,NaN,10,4,6,NaN,NaN,NaN,1
13553.5638,-0.02802239,303,10,9,1,NaN,NaN,NaN,10,6,4,NaN,NaN,NaN,1
5146.6176,-1.457888,303,10,9,1,NaN,NaN,NaN,10,8,2,NaN,NaN,NaN,1
5764.8344,-1.052472,303,10,10,0,NaN,NaN,NaN,10,9,1,NaN,NaN,NaN,1
22494.0537,2.612106,303,10,2,9,NaN,NaN,NaN,9,1,8,NaN,NaN,NaN,1
18958.1559,0.3500676,303,10,2,9,NaN,NaN,NaN,9,3,6,NaN,NaN,NaN,1
14938.5901,0.06349582,303,10,2,9,NaN,NaN,NaN,9,5,4,NaN,NaN,NaN,1
7772.9478,0.00212612,303,10,2,9,NaN,NaN,NaN,9,7,2,NaN,NaN,NaN,1
27765.3137,0.5352476,303,10,4,7,NaN,NaN,NaN,9,1,8,NaN,NaN,NaN,1
24229.4159,1.834491,303,10,4,7,NaN,NaN,NaN,9,3,6,NaN,NaN,NaN,1
20209.8501,0.8734792,303,10,4,7,NaN,NaN,NaN,9,5,4,NaN,NaN,NaN,1
13044.2078,0.02996844,303,10,4,7,NaN,NaN,NaN,9,7,2,NaN,NaN,NaN,1
33732.1388,0.03849665,303,10,6,5,NaN,NaN,NaN,9,1,8,NaN,NaN,NaN,1
30196.241,0.2065421,303,10,6,5,NaN,NaN,NaN,9,3,6,NaN,NaN,NaN,1
26176.6752,2.245875,303,10,6,5,NaN,NaN,NaN,9,5,4,NaN,NaN,NaN,1
19011.0329,0.5880075,303,10,6,5,NaN,NaN,NaN,9,7,2,NaN,NaN,NaN,1
9316.1543,0.00467241,303,10,6,5,NaN,NaN,NaN,9,9,0,NaN,NaN,NaN,1
42143.172,0.001012481,303,10,8,3,NaN,NaN,NaN,9,1,8,NaN,NaN,NaN,1
38607.2742,0.005443421,303,10,8,3,NaN,NaN,NaN,9,3,6,NaN,NaN,NaN,1
34587.7085,0.06766908,303,10,8,3,NaN,NaN,NaN,9,5,4,NaN,NaN,NaN,1
27422.0661,2.686724,303,10,8,3,NaN,NaN,NaN,9,7,2,NaN,NaN,NaN,1
17727.1875,0.2407015,303,10,8,3,NaN,NaN,NaN,9,9,0,NaN,NaN,NaN,1
45499.1633,0.0004630275,303,10,10,1,NaN,NaN,NaN,9,5,4,NaN,NaN,NaN,1
38333.521,0.02016042,303,10,10,1,NaN,NaN,NaN,9,7,2,NaN,NaN,NaN,1
28638.6424,3.069087,303,10,10,1,NaN,NaN,NaN,9,9,0,NaN,NaN,NaN,1
3193.2449,-1.403097,303,10,2,9,NaN,NaN,NaN,10,1,10,NaN,NaN,NaN,1
2751.9454,-1.957348,303,10,3,8,NaN,NaN,NaN,10,2,9,NaN,NaN,NaN,1
7986.1878,-0.1529623,303,10,5,6,NaN,NaN,NaN,10,2,9,NaN,NaN,NaN,1
15126.5223,-0.006924261,303,10,7,4,NaN,NaN,NaN,10,2,9,NaN,NaN,NaN,1
8464.5049,-0.08353285,303,10,4,7,NaN,NaN,NaN,10,1,10,NaN,NaN,NaN,1
2519.3147,-2.286288,303,10,4,7,NaN,NaN,NaN,10,3,8,NaN,NaN,NaN,1
2714.9278,-2.327508,303,10,5,6,NaN,NaN,NaN,10,4,7,NaN,NaN,NaN,1
9855.2623,-0.09761215,303,10,7,4,NaN,NaN,NaN,10,4,7,NaN,NaN,NaN,1
19524.4787,-0.001420564,303,10,9,2,NaN,NaN,NaN,10,4,7,NaN,NaN,NaN,1
14431.33,-0.005945937,303,10,6,5,NaN,NaN,NaN,10,1,10,NaN,NaN,NaN,1
8486.1397,-0.1496949,303,10,6,5,NaN,NaN,NaN,10,3,8,NaN,NaN,NaN,1
3251.8973,-2.181664,303,10,6,5,NaN,NaN,NaN,10,5,6,NaN,NaN,NaN,1
3888.4372,-1.9835,303,10,7,4,NaN,NaN,NaN,10,6,5,NaN,NaN,NaN,1
13557.6537,-0.0280194,303,10,9,2,NaN,NaN,NaN,10,6,5,NaN,NaN,NaN,1
16897.173,-0.003935761,303,10,8,3,NaN,NaN,NaN,10,3,8,NaN,NaN,NaN,1
11662.9305,-0.05457742,303,10,8,3,NaN,NaN,NaN,10,5,6,NaN,NaN,NaN,1
4522.596,-1.749948,303,10,8,3,NaN,NaN,NaN,10,7,4,NaN,NaN,NaN,1
5146.6204,-1.457888,303,10,9,2,NaN,NaN,NaN,10,8,3,NaN,NaN,NaN,1
22574.3854,-0.0003734103,303,10,10,1,NaN,NaN,NaN,10,5,6,NaN,NaN,NaN,1
15434.0509,-0.01176568,303,10,10,1,NaN,NaN,NaN,10,7,4,NaN,NaN,NaN,1
5764.8345,-1.052472,303,10,10,1,NaN,NaN,NaN,10,9,2,NaN,NaN,NaN,1
24673.0791,2.80145,303,11,2,10,NaN,NaN,NaN,10,1,9,NaN,NaN,NaN,1
20399.6305,0.2932815,303,11,2,10,NaN,NaN,NaN,10,3,7,NaN,NaN,NaN,1
16605.4492,0.06595961,303,11,2,10,NaN,NaN,NaN,10,5,5,NaN,NaN,NaN,1
9530.4357,0.003167399,303,11,2,10,NaN,NaN,NaN,10,7,3,NaN,NaN,NaN,1
30480.3206,0.5416013,303,11,4,8,NaN,NaN,NaN,10,1,9,NaN,NaN,NaN,1
26206.872,1.9421,303,11,4,8,NaN,NaN,NaN,10,3,7,NaN,NaN,NaN,1
22412.6907,0.9281226,303,11,4,8,NaN,NaN,NaN,10,5,5,NaN,NaN,NaN,1
15337.6771,0.04592936,303,11,4,8,NaN,NaN,NaN,10,7,3,NaN,NaN,NaN,1
5668.6032,0.0006686032,303,11,4,8,NaN,NaN,NaN,10,9,1,NaN,NaN,NaN,1
36487.9777,0.04555685,303,11,6,6,NaN,NaN,NaN,10,1,9,NaN,NaN,NaN,1
32214.5291,0.295364,303,11,6,6,NaN,NaN,NaN,10,3,7,NaN,NaN,NaN,1
28420.3478,2.216792,303,11,6,6,NaN,NaN,NaN,10,5,5,NaN,NaN,NaN,1
21345.3342,0.7217468,303,11,6,6,NaN,NaN,NaN,10,7,3,NaN,NaN,NaN,1
11676.2603,0.01059991,303,11,6,6,NaN,NaN,NaN,10,9,1,NaN,NaN,NaN,1
44849.0075,0.001654029,303,11,8,4,NaN,NaN,NaN,10,1,9,NaN,NaN,NaN,1
40575.5589,0.01077013,303,11,8,4,NaN,NaN,NaN,10,3,7,NaN,NaN,NaN,1
36781.3776,0.09424279,303,11,8,4,NaN,NaN,NaN,10,5,5,NaN,NaN,NaN,1
29706.3641,2.671719,303,11,8,4,NaN,NaN,NaN,10,7,3,NaN,NaN,NaN,1
20037.2901,0.3973979,303,11,8,4,NaN,NaN,NaN,10,9,1,NaN,NaN,NaN,1
47669.1745,0.001179542,303,11,10,2,NaN,NaN,NaN,10,5,5,NaN,NaN,NaN,1
40594.1609,0.03705403,303,11,10,2,NaN,NaN,NaN,10,7,3,NaN,NaN,NaN,1
30925.087,3.049918,303,11,10,2,NaN,NaN,NaN,10,9,1,NaN,NaN,NaN,1
24650.0056,2.799991,303,11,1,10,NaN,NaN,NaN,10,2,9,NaN,NaN,NaN,1
19378.7456,0.2367082,303,11,1,10,NaN,NaN,NaN,10,4,7,NaN,NaN,NaN,1
13411.9205,0.01687905,303,11,1,10,NaN,NaN,NaN,10,6,5,NaN,NaN,NaN,1
5000.8873,0.0004439137,303,11,1,10,NaN,NaN,NaN,10,8,3,NaN,NaN,NaN,1
29736.9114,0.6038372,303,11,3,8,NaN,NaN,NaN,10,2,9,NaN,NaN,NaN,1
24465.6514,1.608767,303,11,3,8,NaN,NaN,NaN,10,4,7,NaN,NaN,NaN,1
18498.8263,0.1404903,303,11,3,8,NaN,NaN,NaN,10,6,5,NaN,NaN,NaN,1
10087.793,0.003697865,303,11,3,8,NaN,NaN,NaN,10,8,3,NaN,NaN,NaN,1
33399.1236,0.1493824,303,11,5,6,NaN,NaN,NaN,10,2,9,NaN,NaN,NaN,1
28127.8636,1.80537,303,11,5,6,NaN,NaN,NaN,10,4,7,NaN,NaN,NaN,1
22161.0385,0.8783902,303,11,5,6,NaN,NaN,NaN,10,6,5,NaN,NaN,NaN,1
13750.0053,0.02359976,303,11,5,6,NaN,NaN,NaN,10,8,3,NaN,NaN,NaN,1
40331.5769,0.009997815,303,11,7,4,NaN,NaN,NaN,10,2,9,NaN,NaN,NaN,1
35060.3169,0.1408598,303,11,7,4,NaN,NaN,NaN,10,4,7,NaN,NaN,NaN,1
29093.4918,2.460424,303,11,7,4,NaN,NaN,NaN,10,6,5,NaN,NaN,NaN,1
20682.4586,0.5612725,303,11,7,4,NaN,NaN,NaN,10,8,3,NaN,NaN,NaN,1
9771.0037,0.00385534,303,11,7,4,NaN,NaN,NaN,10,10,1,NaN,NaN,NaN,1
44694.5238,0.003082115,303,11,9,2,NaN,NaN,NaN,10,4,7,NaN,NaN,NaN,1
38727.6987,0.06078886,303,11,9,2,NaN,NaN,NaN,10,6,5,NaN,NaN,NaN,1
30316.6655,2.865704,303,11,9,2,NaN,NaN,NaN,10,8,3,NaN,NaN,NaN,1
19405.2106,0.2295048,303,11,9,2,NaN,NaN,NaN,10,10,1,NaN,NaN,NaN,1
50855.3827,0.0003665609,303,11,11,0,NaN,NaN,NaN,10,6,5,NaN,NaN,NaN,1
42444.3495,0.01889294,303,11,11,0,NaN,NaN,NaN,10,8,3,NaN,NaN,NaN,1
31532.8946,3.227967,303,11,11,0,NaN,NaN,NaN,10,10,1,NaN,NaN,NaN,1
24310.4112,3.154365,303,11,1,11,NaN,NaN,NaN,10,0,10,NaN,NaN,NaN,1
18576.6304,0.1295141,303,11,1,11,NaN,NaN,NaN,10,2,8,NaN,NaN,NaN,1
15354.3856,0.02371473,303,11,1,11,NaN,NaN,NaN,10,4,6,NaN,NaN,NaN,1
9874.5753,0.002551308,303,11,1,11,NaN,NaN,NaN,10,6,4,NaN,NaN,NaN,1
30924.0119,0.3252936,303,11,3,9,NaN,NaN,NaN,10,0,10,NaN,NaN,NaN,1
25190.2311,2.358007,303,11,3,9,NaN,NaN,NaN,10,2,8,NaN,NaN,NaN,1
21967.9862,0.6513543,303,11,3,9,NaN,NaN,NaN,10,4,6,NaN,NaN,NaN,1
16488.176,0.07158931,303,11,3,9,NaN,NaN,NaN,10,6,4,NaN,NaN,NaN,1
8081.2297,0.001889866,303,11,3,9,NaN,NaN,NaN,10,8,2,NaN,NaN,NaN,1
36435.1487,0.02719607,303,11,5,7,NaN,NaN,NaN,10,0,10,NaN,NaN,NaN,1
30701.3679,0.5523644,303,11,5,7,NaN,NaN,NaN,10,2,8,NaN,NaN,NaN,1
27479.123,1.947171,303,11,5,7,NaN,NaN,NaN,10,4,6,NaN,NaN,NaN,1
21999.3128,0.8699718,303,11,5,7,NaN,NaN,NaN,10,6,4,NaN,NaN,NaN,1
13592.3665,0.02339344,303,11,5,7,NaN,NaN,NaN,10,8,2,NaN,NaN,NaN,1
43524.6135,0.001599752,303,11,7,5,NaN,NaN,NaN,10,0,10,NaN,NaN,NaN,1
37790.8327,0.03289373,303,11,7,5,NaN,NaN,NaN,10,2,8,NaN,NaN,NaN,1
34568.5879,0.1498734,303,11,7,5,NaN,NaN,NaN,10,4,6,NaN,NaN,NaN,1
29088.7776,2.460725,303,11,7,5,NaN,NaN,NaN,10,6,4,NaN,NaN,NaN,1
20681.8314,0.5612658,303,11,7,5,NaN,NaN,NaN,10,8,2,NaN,NaN,NaN,1
9770.3794,0.003855295,303,11,7,5,NaN,NaN,NaN,10,10,0,NaN,NaN,NaN,1
47425.6637,0.0007190597,303,11,9,3,NaN,NaN,NaN,10,2,8,NaN,NaN,NaN,1
44203.4188,0.003278621,303,11,9,3,NaN,NaN,NaN,10,4,6,NaN,NaN,NaN,1
38723.6086,0.06079535,303,11,9,3,NaN,NaN,NaN,10,6,4,NaN,NaN,NaN,1
30316.6623,2.865704,303,11,9,3,NaN,NaN,NaN,10,8,2,NaN,NaN,NaN,1
19405.2103,0.2295048,303,11,9,3,NaN,NaN,NaN,10,10,0,NaN,NaN,NaN,1
50851.2929,0.0003666,303,11,11,1,NaN,NaN,NaN,10,6,4,NaN,NaN,NaN,1
42444.3467,0.01889294,303,11,11,1,NaN,NaN,NaN,10,8,2,NaN,NaN,NaN,1
31532.8946,3.227967,303,11,11,1,NaN,NaN,NaN,10,10,0,NaN,NaN,NaN,1
3540.3503,-1.404729,303,11,2,10,NaN,NaN,NaN,11,1,11,NaN,NaN,NaN,1
9347.5917,-0.07691516,303,11,4,8,NaN,NaN,NaN,11,1,11,NaN,NaN,NaN,1
15355.2488,-0.006407994,303,11,6,6,NaN,NaN,NaN,11,1,11,NaN,NaN,NaN,1
3073.2504,-1.967271,303,11,3,9,NaN,NaN,NaN,11,2,10,NaN,NaN,NaN,1
2733.991,-2.344763,303,11,4,8,NaN,NaN,NaN,11,3,9,NaN,NaN,NaN,1
8741.6482,-0.1799051,303,11,6,6,NaN,NaN,NaN,11,3,9,NaN,NaN,NaN,1
17102.678,-0.006528743,303,11,8,4,NaN,NaN,NaN,11,3,9,NaN,NaN,NaN,1
8584.3872,-0.1561335,303,11,5,7,NaN,NaN,NaN,11,2,10,NaN,NaN,NaN,1
2777.1458,-2.472906,303,11,5,7,NaN,NaN,NaN,11,4,8,NaN,NaN,NaN,1
3230.5113,-2.373242,303,11,6,6,NaN,NaN,NaN,11,5,7,NaN,NaN,NaN,1
11591.5412,-0.08082069,303,11,8,4,NaN,NaN,NaN,11,5,7,NaN,NaN,NaN,1
22479.338,-0.001011323,303,11,10,2,NaN,NaN,NaN,11,5,7,NaN,NaN,NaN,1
15673.852,-0.009181071,303,11,7,5,NaN,NaN,NaN,11,2,10,NaN,NaN,NaN,1
9866.6106,-0.1331652,303,11,7,5,NaN,NaN,NaN,11,4,8,NaN,NaN,NaN,1
3858.9535,-2.197242,303,11,7,5,NaN,NaN,NaN,11,6,6,NaN,NaN,NaN,1
4502.0764,-1.995588,303,11,8,4,NaN,NaN,NaN,11,7,5,NaN,NaN,NaN,1
15389.8732,-0.02435934,303,11,10,2,NaN,NaN,NaN,11,7,5,NaN,NaN,NaN,1
19501.4416,-0.002910312,303,11,9,3,NaN,NaN,NaN,11,4,8,NaN,NaN,NaN,1
13493.7844,-0.04614028,303,11,9,3,NaN,NaN,NaN,11,6,6,NaN,NaN,NaN,1
5132.7546,-1.758695,303,11,9,3,NaN,NaN,NaN,11,8,4,NaN,NaN,NaN,1
5755.0422,-1.462861,303,11,10,2,NaN,NaN,NaN,11,9,3,NaN,NaN,NaN,1
17260.4389,-0.01044607,303,11,11,1,NaN,NaN,NaN,11,8,4,NaN,NaN,NaN,1
6372.6421,-1.054188,303,11,11,1,NaN,NaN,NaN,11,10,2,NaN,NaN,NaN,1
24309.8331,3.154338,303,11,0,11,NaN,NaN,NaN,10,1,10,NaN,NaN,NaN,1
18364.6428,0.1275679,303,11,0,11,NaN,NaN,NaN,10,3,8,NaN,NaN,NaN,1
13130.4004,0.01053524,303,11,0,11,NaN,NaN,NaN,10,5,6,NaN,NaN,NaN,1
5990.0658,0.00047706,303,11,0,11,NaN,NaN,NaN,10,7,4,NaN,NaN,NaN,1
30808.9533,0.3270966,303,11,2,9,NaN,NaN,NaN,10,1,10,NaN,NaN,NaN,1
24863.763,2.321495,303,11,2,9,NaN,NaN,NaN,10,3,8,NaN,NaN,NaN,1
19629.5206,0.2659697,303,11,2,9,NaN,NaN,NaN,10,5,6,NaN,NaN,NaN,1
12489.1861,0.01207169,303,11,2,9,NaN,NaN,NaN,10,7,4,NaN,NaN,NaN,1
34496.415,0.04795539,303,11,4,7,NaN,NaN,NaN,10,1,10,NaN,NaN,NaN,1
28551.2247,1.111821,303,11,4,7,NaN,NaN,NaN,10,3,8,NaN,NaN,NaN,1
23316.9823,1.087287,303,11,4,7,NaN,NaN,NaN,10,5,6,NaN,NaN,NaN,1
16176.6477,0.05264983,303,11,4,7,NaN,NaN,NaN,10,7,4,NaN,NaN,NaN,1
6507.4313,0.0007663788,303,11,4,7,NaN,NaN,NaN,10,9,2,NaN,NaN,NaN,1
39678.5103,0.007336442,303,11,6,5,NaN,NaN,NaN,10,1,10,NaN,NaN,NaN,1
33733.32,0.1844741,303,11,6,5,NaN,NaN,NaN,10,3,8,NaN,NaN,NaN,1
28499.0776,2.208936,303,11,6,5,NaN,NaN,NaN,10,5,6,NaN,NaN,NaN,1
21358.7431,0.7220316,303,11,6,5,NaN,NaN,NaN,10,7,4,NaN,NaN,NaN,1
11689.5267,0.01060384,303,11,6,5,NaN,NaN,NaN,10,9,2,NaN,NaN,NaN,1
42081.1012,0.006776982,303,11,8,3,NaN,NaN,NaN,10,3,8,NaN,NaN,NaN,1
36846.8588,0.09395992,303,11,8,3,NaN,NaN,NaN,10,5,6,NaN,NaN,NaN,1
29706.5243,2.671712,303,11,8,3,NaN,NaN,NaN,10,7,4,NaN,NaN,NaN,1
20037.3079,0.397398,303,11,8,3,NaN,NaN,NaN,10,9,2,NaN,NaN,NaN,1
47734.6379,0.001176007,303,11,10,1,NaN,NaN,NaN,10,5,6,NaN,NaN,NaN,1
40594.3034,0.03705393,303,11,10,1,NaN,NaN,NaN,10,7,4,NaN,NaN,NaN,1
30925.087,3.049918,303,11,10,1,NaN,NaN,NaN,10,9,2,NaN,NaN,NaN,1
3533.4175,-1.404893,303,11,1,10,NaN,NaN,NaN,11,0,11,NaN,NaN,NaN,1
8620.3232,-0.08506012,303,11,3,8,NaN,NaN,NaN,11,0,11,NaN,NaN,NaN,1
12282.5354,-0.02066322,303,11,5,6,NaN,NaN,NaN,11,0,11,NaN,NaN,NaN,1
19214.9887,-0.001381939,303,11,7,4,NaN,NaN,NaN,11,0,11,NaN,NaN,NaN,1
2965.7028,-1.974456,303,11,2,9,NaN,NaN,NaN,11,1,10,NaN,NaN,NaN,1
2121.203,-2.497367,303,11,3,8,NaN,NaN,NaN,11,2,9,NaN,NaN,NaN,1
5783.4152,-0.5256348,303,11,5,6,NaN,NaN,NaN,11,2,9,NaN,NaN,NaN,1
12715.8685,-0.03496969,303,11,7,4,NaN,NaN,NaN,11,2,9,NaN,NaN,NaN,1
22350.0754,-0.0007647927,303,11,9,2,NaN,NaN,NaN,11,2,9,NaN,NaN,NaN,1
6653.1644,-0.2736379,303,11,4,7,NaN,NaN,NaN,11,1,10,NaN,NaN,NaN,1
1566.2587,-3.003332,303,11,4,7,NaN,NaN,NaN,11,3,8,NaN,NaN,NaN,1
2095.9535,-2.705603,303,11,5,6,NaN,NaN,NaN,11,4,7,NaN,NaN,NaN,1
9028.4068,-0.1525974,303,11,7,4,NaN,NaN,NaN,11,4,7,NaN,NaN,NaN,1
18662.6138,-0.003335911,303,11,9,2,NaN,NaN,NaN,11,4,7,NaN,NaN,NaN,1
11835.2598,-0.0417838,303,11,6,5,NaN,NaN,NaN,11,1,10,NaN,NaN,NaN,1
6748.354,-0.3489936,303,11,6,5,NaN,NaN,NaN,11,3,8,NaN,NaN,NaN,1
3086.1418,-2.389538,303,11,6,5,NaN,NaN,NaN,11,5,6,NaN,NaN,NaN,1
3846.3115,-2.197915,303,11,7,4,NaN,NaN,NaN,11,6,5,NaN,NaN,NaN,1
13480.5184,-0.04615735,303,11,9,2,NaN,NaN,NaN,11,6,5,NaN,NaN,NaN,1
20183.041,-0.00153352,303,11,8,3,NaN,NaN,NaN,11,1,10,NaN,NaN,NaN,1
15096.1352,-0.01277448,303,11,8,3,NaN,NaN,NaN,11,3,8,NaN,NaN,NaN,1
11433.923,-0.08153299,303,11,8,3,NaN,NaN,NaN,11,5,6,NaN,NaN,NaN,1
4501.4697,-1.995608,303,11,8,3,NaN,NaN,NaN,11,7,4,NaN,NaN,NaN,1
5132.7372,-1.758695,303,11,9,2,NaN,NaN,NaN,11,8,3,NaN,NaN,NaN,1
17260.4212,-0.01044607,303,11,11,0,NaN,NaN,NaN,11,8,3,NaN,NaN,NaN,1
22321.7021,-0.001020242,303,11,10,1,NaN,NaN,NaN,11,5,6,NaN,NaN,NaN,1
15389.2488,-0.02435962,303,11,10,1,NaN,NaN,NaN,11,7,4,NaN,NaN,NaN,1
5755.0419,-1.462861,303,11,10,1,NaN,NaN,NaN,11,9,2,NaN,NaN,NaN,1
6372.6421,-1.054188,303,11,11,0,NaN,NaN,NaN,11,10,1,NaN,NaN,NaN,1
26504.1292,3.309742,303,12,0,12,NaN,NaN,NaN,11,1,11,NaN,NaN,NaN,1
19890.5285,0.1208548,303,12,0,12,NaN,NaN,NaN,11,3,9,NaN,NaN,NaN,1
14379.3917,0.01008018,303,12,0,12,NaN,NaN,NaN,11,5,7,NaN,NaN,NaN,1
7289.9269,0.000592936,303,12,0,12,NaN,NaN,NaN,11,7,5,NaN,NaN,NaN,1
33744.7694,0.3125235,303,12,2,10,NaN,NaN,NaN,11,1,11,NaN,NaN,NaN,1
27131.1688,2.556187,303,12,2,10,NaN,NaN,NaN,11,3,9,NaN,NaN,NaN,1
21620.032,0.299686,303,12,2,10,NaN,NaN,NaN,11,5,7,NaN,NaN,NaN,1
14530.5671,0.01767664,303,12,2,10,NaN,NaN,NaN,11,7,5,NaN,NaN,NaN,1
4895.7362,0.0003864037,303,12,2,10,NaN,NaN,NaN,11,9,3,NaN,NaN,NaN,1
38079.4511,0.03609502,303,12,4,8,NaN,NaN,NaN,11,1,11,NaN,NaN,NaN,1
31465.8504,0.9558057,303,12,4,8,NaN,NaN,NaN,11,3,9,NaN,NaN,NaN,1
25954.7136,1.268572,303,12,4,8,NaN,NaN,NaN,11,5,7,NaN,NaN,NaN,1
18865.2488,0.08299558,303,12,4,8,NaN,NaN,NaN,11,7,5,NaN,NaN,NaN,1
9230.4178,0.001814733,303,12,4,8,NaN,NaN,NaN,11,9,3,NaN,NaN,NaN,1
42940.9185,0.007290312,303,12,6,6,NaN,NaN,NaN,11,1,11,NaN,NaN,NaN,1
36327.3179,0.2043514,303,12,6,6,NaN,NaN,NaN,11,3,9,NaN,NaN,NaN,1
30816.1811,2.156935,303,12,6,6,NaN,NaN,NaN,11,5,7,NaN,NaN,NaN,1
23726.7162,0.8436597,303,12,6,6,NaN,NaN,NaN,11,7,5,NaN,NaN,NaN,1
14091.8853,0.01870045,303,12,6,6,NaN,NaN,NaN,11,9,3,NaN,NaN,NaN,1
51203.3802,0.0003557565,303,12,8,4,NaN,NaN,NaN,11,1,11,NaN,NaN,NaN,1
44589.7796,0.009983713,303,12,8,4,NaN,NaN,NaN,11,3,9,NaN,NaN,NaN,1
39078.6428,0.123547,303,12,8,4,NaN,NaN,NaN,11,5,7,NaN,NaN,NaN,1
31989.1779,2.656228,303,12,8,4,NaN,NaN,NaN,11,7,5,NaN,NaN,NaN,1
22354.347,0.5376956,303,12,8,4,NaN,NaN,NaN,11,9,3,NaN,NaN,NaN,1
10226.6627,0.003252049,303,12,8,4,NaN,NaN,NaN,11,11,1,NaN,NaN,NaN,1
49935.4296,0.002307314,303,12,10,2,NaN,NaN,NaN,11,5,7,NaN,NaN,NaN,1
42845.9648,0.05557335,303,12,10,2,NaN,NaN,NaN,11,7,5,NaN,NaN,NaN,1
33211.1338,3.034216,303,12,10,2,NaN,NaN,NaN,11,9,3,NaN,NaN,NaN,1
21083.4495,0.2197352,303,12,10,2,NaN,NaN,NaN,11,11,1,NaN,NaN,NaN,1
46554.83,0.01783563,303,12,12,0,NaN,NaN,NaN,11,9,3,NaN,NaN,NaN,1
34427.1457,3.379372,303,12,12,0,NaN,NaN,NaN,11,11,1,NaN,NaN,NaN,1
26504.3536,3.309751,303,12,1,12,NaN,NaN,NaN,11,0,11,NaN,NaN,NaN,1
20005.2334,0.1215013,303,12,1,12,NaN,NaN,NaN,11,2,9,NaN,NaN,NaN,1
16317.7717,0.01776757,303,12,1,12,NaN,NaN,NaN,11,4,7,NaN,NaN,NaN,1
11135.6764,0.002717928,303,12,1,12,NaN,NaN,NaN,11,6,5,NaN,NaN,NaN,1
33803.0828,0.3119112,303,12,3,10,NaN,NaN,NaN,11,0,11,NaN,NaN,NaN,1
27303.9626,2.570371,303,12,3,10,NaN,NaN,NaN,11,2,9,NaN,NaN,NaN,1
23616.5009,0.5477609,303,12,3,10,NaN,NaN,NaN,11,4,7,NaN,NaN,NaN,1
18434.4056,0.08512711,303,12,3,10,NaN,NaN,NaN,11,6,5,NaN,NaN,NaN,1
10086.6244,0.003124895,303,12,3,10,NaN,NaN,NaN,11,8,3,NaN,NaN,NaN,1
39681.1006,0.02523328,303,12,5,8,NaN,NaN,NaN,11,0,11,NaN,NaN,NaN,1
33181.9803,0.6294669,303,12,5,8,NaN,NaN,NaN,11,2,9,NaN,NaN,NaN,1
29494.5187,1.94858,303,12,5,8,NaN,NaN,NaN,11,4,7,NaN,NaN,NaN,1
24312.4233,0.9674508,303,12,5,8,NaN,NaN,NaN,11,6,5,NaN,NaN,NaN,1
15964.6421,0.03642087,303,12,5,8,NaN,NaN,NaN,11,8,3,NaN,NaN,NaN,1
5076.863,0.0004557858,303,12,5,8,NaN,NaN,NaN,11,10,1,NaN,NaN,NaN,1
46728.0397,0.001832309,303,12,7,6,NaN,NaN,NaN,11,0,11,NaN,NaN,NaN,1
40228.9194,0.046363,303,12,7,6,NaN,NaN,NaN,11,2,9,NaN,NaN,NaN,1
36541.4578,0.2019106,303,12,7,6,NaN,NaN,NaN,11,4,7,NaN,NaN,NaN,1
31359.3624,2.438942,303,12,7,6,NaN,NaN,NaN,11,6,5,NaN,NaN,NaN,1
23011.5812,0.6925346,303,12,7,6,NaN,NaN,NaN,11,8,3,NaN,NaN,NaN,1
12123.8021,0.008723964,303,12,7,6,NaN,NaN,NaN,11,10,1,NaN,NaN,NaN,1
49818.943,0.001388874,303,12,9,4,NaN,NaN,NaN,11,2,9,NaN,NaN,NaN,1
46131.4813,0.006058052,303,12,9,4,NaN,NaN,NaN,11,4,7,NaN,NaN,NaN,1
40949.386,0.08381269,303,12,9,4,NaN,NaN,NaN,11,6,5,NaN,NaN,NaN,1
32601.6048,2.851428,303,12,9,4,NaN,NaN,NaN,11,8,3,NaN,NaN,NaN,1
21713.8256,0.380534,303,12,9,4,NaN,NaN,NaN,11,10,1,NaN,NaN,NaN,1
53054.9341,0.0009194587,303,12,11,2,NaN,NaN,NaN,11,6,5,NaN,NaN,NaN,1
44707.1529,0.03450997,303,12,11,2,NaN,NaN,NaN,11,8,3,NaN,NaN,NaN,1
33819.3738,3.209342,303,12,11,2,NaN,NaN,NaN,11,10,1,NaN,NaN,NaN,1
26849.7062,2.977307,303,12,1,11,NaN,NaN,NaN,11,2,10,NaN,NaN,NaN,1
21042.4647,0.2304136,303,12,1,11,NaN,NaN,NaN,11,4,8,NaN,NaN,NaN,1
15034.8076,0.0192263,303,12,1,11,NaN,NaN,NaN,11,6,6,NaN,NaN,NaN,1
6673.7778,0.0006980177,303,12,1,11,NaN,NaN,NaN,11,8,4,NaN,NaN,NaN,1
32777.279,0.5585291,303,12,3,9,NaN,NaN,NaN,11,2,10,NaN,NaN,NaN,1
26970.0376,1.907278,303,12,3,9,NaN,NaN,NaN,11,4,8,NaN,NaN,NaN,1
20962.3805,0.2067298,303,12,3,9,NaN,NaN,NaN,11,6,6,NaN,NaN,NaN,1
12601.3506,0.007517283,303,12,3,9,NaN,NaN,NaN,11,8,4,NaN,NaN,NaN,1
36471.813,0.1310077,303,12,5,7,NaN,NaN,NaN,11,2,10,NaN,NaN,NaN,1
30664.5716,1.647044,303,12,5,7,NaN,NaN,NaN,11,4,8,NaN,NaN,NaN,1
24656.9145,0.9936619,303,12,5,7,NaN,NaN,NaN,11,6,6,NaN,NaN,NaN,1
16295.8846,0.03730376,303,12,5,7,NaN,NaN,NaN,11,8,4,NaN,NaN,NaN,1
5408.0878,0.0004668317,303,12,5,7,NaN,NaN,NaN,11,10,2,NaN,NaN,NaN,1
43189.8172,0.01214599,303,12,7,5,NaN,NaN,NaN,11,2,10,NaN,NaN,NaN,1
37382.5757,0.175999,303,12,7,5,NaN,NaN,NaN,11,4,8,NaN,NaN,NaN,1
31374.9186,2.437891,303,12,7,5,NaN,NaN,NaN,11,6,6,NaN,NaN,NaN,1
23013.8888,0.692567,303,12,7,5,NaN,NaN,NaN,11,8,4,NaN,NaN,NaN,1
12126.0919,0.00872435,303,12,7,5,NaN,NaN,NaN,11,10,2,NaN,NaN,NaN,1
52777.5529,0.00036446,303,12,9,3,NaN,NaN,NaN,11,2,10,NaN,NaN,NaN,1
46970.3115,0.005285154,303,12,9,3,NaN,NaN,NaN,11,4,8,NaN,NaN,NaN,1
40962.6544,0.08378164,303,12,9,3,NaN,NaN,NaN,11,6,6,NaN,NaN,NaN,1
32601.6245,2.851427,303,12,9,3,NaN,NaN,NaN,11,8,4,NaN,NaN,NaN,1
21713.8277,0.380534,303,12,9,3,NaN,NaN,NaN,11,10,2,NaN,NaN,NaN,1
53068.2005,0.0009191184,303,12,11,1,NaN,NaN,NaN,11,6,6,NaN,NaN,NaN,1
44707.1706,0.03450996,303,12,11,1,NaN,NaN,NaN,11,8,4,NaN,NaN,NaN,1
33819.3738,3.209342,303,12,11,1,NaN,NaN,NaN,11,10,2,NaN,NaN,NaN,1
3885.9272,-1.406004,303,12,1,11,NaN,NaN,NaN,12,0,12,NaN,NaN,NaN,1
3354.713,-1.975152,303,12,2,10,NaN,NaN,NaN,12,1,11,NaN,NaN,NaN,1
7689.3947,-0.217422,303,12,4,8,NaN,NaN,NaN,12,1,11,NaN,NaN,NaN,1
12550.8621,-0.04386309,303,12,6,6,NaN,NaN,NaN,12,1,11,NaN,NaN,NaN,1
20813.3238,-0.002140405,303,12,8,4,NaN,NaN,NaN,12,1,11,NaN,NaN,NaN,1
9813.5001,-0.07325749,303,12,3,9,NaN,NaN,NaN,12,0,12,NaN,NaN,NaN,1
2572.8599,-2.447054,303,12,3,9,NaN,NaN,NaN,12,2,10,NaN,NaN,NaN,1
1761.8218,-3.029852,303,12,4,8,NaN,NaN,NaN,12,3,9,NaN,NaN,NaN,1
6623.2892,-0.4744934,303,12,6,6,NaN,NaN,NaN,12,3,9,NaN,NaN,NaN,1
14885.7509,-0.02305124,303,12,8,4,NaN,NaN,NaN,12,3,9,NaN,NaN,NaN,1
25742.5378,-0.0004303658,303,12,10,2,NaN,NaN,NaN,12,3,9,NaN,NaN,NaN,1
13508.0341,-0.01697606,303,12,5,7,NaN,NaN,NaN,12,0,12,NaN,NaN,NaN,1
6267.3939,-0.5086484,303,12,5,7,NaN,NaN,NaN,12,2,10,NaN,NaN,NaN,1
1932.7122,-2.988918,303,12,5,7,NaN,NaN,NaN,12,4,8,NaN,NaN,NaN,1
2928.7553,-2.592276,303,12,6,6,NaN,NaN,NaN,12,5,7,NaN,NaN,NaN,1
11191.217,-0.1144107,303,12,8,4,NaN,NaN,NaN,12,5,7,NaN,NaN,NaN,1
22048.0038,-0.002135714,303,12,10,2,NaN,NaN,NaN,12,5,7,NaN,NaN,NaN,1
20226.0382,-0.00157295,303,12,7,5,NaN,NaN,NaN,12,0,12,NaN,NaN,NaN,1
12985.398,-0.04689435,303,12,7,5,NaN,NaN,NaN,12,2,10,NaN,NaN,NaN,1
8650.7163,-0.2204563,303,12,7,5,NaN,NaN,NaN,12,4,8,NaN,NaN,NaN,1
3789.2489,-2.39345,303,12,7,5,NaN,NaN,NaN,12,6,6,NaN,NaN,NaN,1
4473.2128,-2.209995,303,12,8,4,NaN,NaN,NaN,12,7,5,NaN,NaN,NaN,1
15329.9997,-0.03991353,303,12,10,2,NaN,NaN,NaN,12,7,5,NaN,NaN,NaN,1
22573.1338,-0.001407102,303,12,9,3,NaN,NaN,NaN,12,2,10,NaN,NaN,NaN,1
18238.4521,-0.006608417,303,12,9,3,NaN,NaN,NaN,12,4,8,NaN,NaN,NaN,1
13376.9846,-0.06810108,303,12,9,3,NaN,NaN,NaN,12,6,6,NaN,NaN,NaN,1
5114.5229,-2.006198,303,12,9,3,NaN,NaN,NaN,12,8,4,NaN,NaN,NaN,1
5742.2639,-1.766197,303,12,10,2,NaN,NaN,NaN,12,9,3,NaN,NaN,NaN,1
19085.9601,-0.009392908,303,12,12,0,NaN,NaN,NaN,12,9,3,NaN,NaN,NaN,1
25482.5307,-0.0007469952,303,12,11,1,NaN,NaN,NaN,12,6,6,NaN,NaN,NaN,1
17220.069,-0.02154369,303,12,11,1,NaN,NaN,NaN,12,8,4,NaN,NaN,NaN,1
6363.2822,-1.467082,303,12,11,1,NaN,NaN,NaN,12,10,2,NaN,NaN,NaN,1
6980.414,-1.055643,303,12,12,0,NaN,NaN,NaN,12,11,1,NaN,NaN,NaN,1
26859.8615,2.977838,303,12,2,11,NaN,NaN,NaN,11,1,10,NaN,NaN,NaN,1
21772.9557,0.2552194,303,12,2,11,NaN,NaN,NaN,11,3,8,NaN,NaN,NaN,1
18110.7435,0.06218113,303,12,2,11,NaN,NaN,NaN,11,5,6,NaN,NaN,NaN,1
11178.2902,0.004159103,303,12,2,11,NaN,NaN,NaN,11,7,4,NaN,NaN,NaN,1
33262.6726,0.5337983,303,12,4,9,NaN,NaN,NaN,11,1,10,NaN,NaN,NaN,1
28175.7669,2.09975,303,12,4,9,NaN,NaN,NaN,11,3,8,NaN,NaN,NaN,1
24513.5547,0.9283009,303,12,4,9,NaN,NaN,NaN,11,5,6,NaN,NaN,NaN,1
17581.1014,0.06415972,303,12,4,9,NaN,NaN,NaN,11,7,4,NaN,NaN,NaN,1
7946.8944,0.001403336,303,12,4,9,NaN,NaN,NaN,11,9,2,NaN,NaN,NaN,1
39370.3309,0.04943793,303,12,6,7,NaN,NaN,NaN,11,1,10,NaN,NaN,NaN,1
34283.4251,0.4086472,303,12,6,7,NaN,NaN,NaN,11,3,8,NaN,NaN,NaN,1
30621.2129,2.179794,303,12,6,7,NaN,NaN,NaN,11,5,6,NaN,NaN,NaN,1
23688.7596,0.8426085,303,12,6,7,NaN,NaN,NaN,11,7,4,NaN,NaN,NaN,1
14054.5527,0.01867895,303,12,6,7,NaN,NaN,NaN,11,9,2,NaN,NaN,NaN,1
47670.0384,0.002345239,303,12,8,5,NaN,NaN,NaN,11,1,10,NaN,NaN,NaN,1
42583.1327,0.01953594,303,12,8,5,NaN,NaN,NaN,11,3,8,NaN,NaN,NaN,1
38920.9205,0.1246391,303,12,8,5,NaN,NaN,NaN,11,5,6,NaN,NaN,NaN,1
31988.4671,2.656263,303,12,8,5,NaN,NaN,NaN,11,7,4,NaN,NaN,NaN,1
22354.2602,0.537695,303,12,8,5,NaN,NaN,NaN,11,9,2,NaN,NaN,NaN,1
10226.5762,0.003252045,303,12,8,5,NaN,NaN,NaN,11,11,0,NaN,NaN,NaN,1
53440.0059,0.0003647193,303,12,10,3,NaN,NaN,NaN,11,3,8,NaN,NaN,NaN,1
49777.7937,0.002327662,303,12,10,3,NaN,NaN,NaN,11,5,6,NaN,NaN,NaN,1
42845.3404,0.05557399,303,12,10,3,NaN,NaN,NaN,11,7,4,NaN,NaN,NaN,1
33211.1335,3.034216,303,12,10,3,NaN,NaN,NaN,11,9,2,NaN,NaN,NaN,1
21083.4495,0.2197352,303,12,10,3,NaN,NaN,NaN,11,11,0,NaN,NaN,NaN,1
46554.8297,0.01783563,303,12,12,1,NaN,NaN,NaN,11,9,2,NaN,NaN,NaN,1
34427.1457,3.379372,303,12,12,1,NaN,NaN,NaN,11,11,0,NaN,NaN,NaN,1
3888.9254,-1.405948,303,12,2,11,NaN,NaN,NaN,12,1,12,NaN,NaN,NaN,1
3409.8039,-1.972627,303,12,3,10,NaN,NaN,NaN,12,2,11,NaN,NaN,NaN,1
9287.8216,-0.1523311,303,12,5,8,NaN,NaN,NaN,12,2,11,NaN,NaN,NaN,1
16334.7607,-0.01105799,303,12,7,6,NaN,NaN,NaN,12,2,11,NaN,NaN,NaN,1
25924.7843,-0.0003312403,303,12,9,4,NaN,NaN,NaN,12,2,11,NaN,NaN,NaN,1
10291.7365,-0.07021812,303,12,4,9,NaN,NaN,NaN,12,1,12,NaN,NaN,NaN,1
2993.0073,-2.379343,303,12,4,9,NaN,NaN,NaN,12,3,10,NaN,NaN,NaN,1
2885.0105,-2.586454,303,12,5,8,NaN,NaN,NaN,12,4,9,NaN,NaN,NaN,1
9931.9496,-0.1706593,303,12,7,6,NaN,NaN,NaN,12,4,9,NaN,NaN,NaN,1
19521.9731,-0.005110304,303,12,9,4,NaN,NaN,NaN,12,4,9,NaN,NaN,NaN,1
16399.3947,-0.006448968,303,12,6,7,NaN,NaN,NaN,12,1,12,NaN,NaN,NaN,1
9100.6655,-0.2021268,303,12,6,7,NaN,NaN,NaN,12,3,10,NaN,NaN,NaN,1
3222.6478,-2.546362,303,12,6,7,NaN,NaN,NaN,12,5,8,NaN,NaN,NaN,1
3824.2914,-2.391246,303,12,7,6,NaN,NaN,NaN,12,6,7,NaN,NaN,NaN,1
13414.3149,-0.06802284,303,12,9,4,NaN,NaN,NaN,12,6,7,NaN,NaN,NaN,1
25519.863,-0.0007461366,303,12,11,2,NaN,NaN,NaN,12,6,7,NaN,NaN,NaN,1
17400.3731,-0.009582956,303,12,8,5,NaN,NaN,NaN,12,3,10,NaN,NaN,NaN,1
11522.3553,-0.1117065,303,12,8,5,NaN,NaN,NaN,12,5,8,NaN,NaN,NaN,1
4475.4162,-2.209913,303,12,8,5,NaN,NaN,NaN,12,7,6,NaN,NaN,NaN,1
5114.6073,-2.006196,303,12,9,4,NaN,NaN,NaN,12,8,5,NaN,NaN,NaN,1
17220.1555,-0.02154367,303,12,11,2,NaN,NaN,NaN,12,8,5,NaN,NaN,NaN,1
22379.2286,-0.00208518,303,12,10,3,NaN,NaN,NaN,12,5,8,NaN,NaN,NaN,1
15332.2895,-0.03991176,303,12,10,3,NaN,NaN,NaN,12,7,6,NaN,NaN,NaN,1
5742.2659,-1.766197,303,12,10,3,NaN,NaN,NaN,12,9,4,NaN,NaN,NaN,1
6363.2822,-1.467082,303,12,11,2,NaN,NaN,NaN,12,10,3,NaN,NaN,NaN,1
19085.9622,-0.009392908,303,12,12,1,NaN,NaN,NaN,12,9,4,NaN,NaN,NaN,1
6980.414,-1.055643,303,12,12,1,NaN,NaN,NaN,12,11,2,NaN,NaN,NaN,1
29050.4921,3.143635,303,13,2,12,NaN,NaN,NaN,12,1,11,NaN,NaN,NaN,1
23122.9192,0.2305803,303,13,2,12,NaN,NaN,NaN,12,3,9,NaN,NaN,NaN,1
19428.3852,0.05353387,303,13,2,12,NaN,NaN,NaN,12,5,7,NaN,NaN,NaN,1
12710.3811,0.004960741,303,13,2,12,NaN,NaN,NaN,12,7,5,NaN,NaN,NaN,1
36093.4705,0.5195505,303,13,4,10,NaN,NaN,NaN,12,1,11,NaN,NaN,NaN,1
30165.8976,2.295201,303,13,4,10,NaN,NaN,NaN,12,3,9,NaN,NaN,NaN,1
26471.3636,0.8695152,303,13,4,10,NaN,NaN,NaN,12,5,7,NaN,NaN,NaN,1
19753.3595,0.08313905,303,13,4,10,NaN,NaN,NaN,12,7,5,NaN,NaN,NaN,1
10165.6237,0.002495111,303,13,4,10,NaN,NaN,NaN,12,9,3,NaN,NaN,NaN,1
42377.285,0.05027361,303,13,6,8,NaN,NaN,NaN,12,1,11,NaN,NaN,NaN,1
36449.7122,0.5350376,303,13,6,8,NaN,NaN,NaN,12,3,9,NaN,NaN,NaN,1
32755.1782,2.138025,303,13,6,8,NaN,NaN,NaN,12,5,7,NaN,NaN,NaN,1
26037.174,0.9512761,303,13,6,8,NaN,NaN,NaN,12,7,5,NaN,NaN,NaN,1
16449.4383,0.02909529,303,13,6,8,NaN,NaN,NaN,12,9,3,NaN,NaN,NaN,1
4343.8922,0.0003191595,303,13,6,8,NaN,NaN,NaN,12,11,1,NaN,NaN,NaN,1
50607.0901,0.002996316,303,13,8,6,NaN,NaN,NaN,12,1,11,NaN,NaN,NaN,1
44679.5173,0.0322678,303,13,8,6,NaN,NaN,NaN,12,3,9,NaN,NaN,NaN,1
40984.9833,0.1600293,303,13,8,6,NaN,NaN,NaN,12,5,7,NaN,NaN,NaN,1
34266.9791,2.638772,303,13,8,6,NaN,NaN,NaN,12,7,5,NaN,NaN,NaN,1
24679.2434,0.6661324,303,13,8,6,NaN,NaN,NaN,12,9,3,NaN,NaN,NaN,1
12573.6973,0.007344442,303,13,8,6,NaN,NaN,NaN,12,11,1,NaN,NaN,NaN,1
55496.7405,0.0008199972,303,13,10,4,NaN,NaN,NaN,12,3,9,NaN,NaN,NaN,1
51802.2065,0.00406928,303,13,10,4,NaN,NaN,NaN,12,5,7,NaN,NaN,NaN,1
45084.2023,0.07604333,303,13,10,4,NaN,NaN,NaN,12,7,5,NaN,NaN,NaN,1
35496.4666,3.0204,303,13,10,4,NaN,NaN,NaN,12,9,3,NaN,NaN,NaN,1
23390.9205,0.3656363,303,13,10,4,NaN,NaN,NaN,12,11,1,NaN,NaN,NaN,1
58406.9318,0.000742282,303,13,12,2,NaN,NaN,NaN,12,7,5,NaN,NaN,NaN,1
48819.196,0.03241517,303,13,12,2,NaN,NaN,NaN,12,9,3,NaN,NaN,NaN,1
36713.6499,3.361251,303,13,12,2,NaN,NaN,NaN,12,11,1,NaN,NaN,NaN,1
29046.1418,3.143442,303,13,1,12,NaN,NaN,NaN,12,2,11,NaN,NaN,NaN,1
22643.3307,0.2208925,303,13,1,12,NaN,NaN,NaN,12,4,9,NaN,NaN,NaN,1
16535.6725,0.02031386,303,13,1,12,NaN,NaN,NaN,12,6,7,NaN,NaN,NaN,1
8235.9649,0.0009636027,303,13,1,12,NaN,NaN,NaN,12,8,5,NaN,NaN,NaN,1
35802.3726,0.5286106,303,13,3,10,NaN,NaN,NaN,12,2,11,NaN,NaN,NaN,1
29399.5614,2.200408,303,13,3,10,NaN,NaN,NaN,12,4,9,NaN,NaN,NaN,1
23291.9032,0.2751754,303,13,3,10,NaN,NaN,NaN,12,6,7,NaN,NaN,NaN,1
14992.1956,0.01308585,303,13,3,10,NaN,NaN,NaN,12,8,5,NaN,NaN,NaN,1
39746.7469,0.106518,303,13,5,8,NaN,NaN,NaN,12,2,11,NaN,NaN,NaN,1
33343.9357,1.456172,303,13,5,8,NaN,NaN,NaN,12,4,9,NaN,NaN,NaN,1
27236.2775,1.111017,303,13,5,8,NaN,NaN,NaN,12,6,7,NaN,NaN,NaN,1
18936.5699,0.05551536,303,13,5,8,NaN,NaN,NaN,12,8,5,NaN,NaN,NaN,1
8079.6967,0.001036502,303,13,5,8,NaN,NaN,NaN,12,10,3,NaN,NaN,NaN,1
46169.395,0.01362108,303,13,7,6,NaN,NaN,NaN,12,2,11,NaN,NaN,NaN,1
39766.5839,0.2099097,303,13,7,6,NaN,NaN,NaN,12,4,9,NaN,NaN,NaN,1
33658.9257,2.40805,303,13,7,6,NaN,NaN,NaN,12,6,7,NaN,NaN,NaN,1
25359.2181,0.8129545,303,13,7,6,NaN,NaN,NaN,12,8,5,NaN,NaN,NaN,1
14502.3448,0.01533125,303,13,7,6,NaN,NaN,NaN,12,10,3,NaN,NaN,NaN,1
55695.3553,0.0005330522,303,13,9,4,NaN,NaN,NaN,12,2,11,NaN,NaN,NaN,1
49292.5441,0.008223801,303,13,9,4,NaN,NaN,NaN,12,4,9,NaN,NaN,NaN,1
43184.8859,0.1094423,303,13,9,4,NaN,NaN,NaN,12,6,7,NaN,NaN,NaN,1
34885.1784,2.837402,303,13,9,4,NaN,NaN,NaN,12,8,5,NaN,NaN,NaN,1
24028.3051,0.5167888,303,13,9,4,NaN,NaN,NaN,12,10,3,NaN,NaN,NaN,1
10684.6089,0.002791682,303,13,9,4,NaN,NaN,NaN,12,12,1,NaN,NaN,NaN,1
55262.1168,0.00178182,303,13,11,2,NaN,NaN,NaN,12,6,7,NaN,NaN,NaN,1
46962.4093,0.05144623,303,13,11,2,NaN,NaN,NaN,12,8,5,NaN,NaN,NaN,1
36105.536,3.193929,303,13,11,2,NaN,NaN,NaN,12,10,3,NaN,NaN,NaN,1
22761.8398,0.2111141,303,13,11,2,NaN,NaN,NaN,12,12,1,NaN,NaN,NaN,1
50665.0922,0.01693655,303,13,13,0,NaN,NaN,NaN,12,10,3,NaN,NaN,NaN,1
37321.396,3.52427,303,13,13,0,NaN,NaN,NaN,12,12,1,NaN,NaN,NaN,1
28698.4197,3.458043,303,13,1,13,NaN,NaN,NaN,12,0,12,NaN,NaN,NaN,1
21457.7795,0.1150389,303,13,1,13,NaN,NaN,NaN,12,2,10,NaN,NaN,NaN,1
17123.0978,0.01325984,303,13,1,13,NaN,NaN,NaN,12,4,8,NaN,NaN,NaN,1
12261.6303,0.002678031,303,13,1,13,NaN,NaN,NaN,12,6,6,NaN,NaN,NaN,1
36691.454,0.2996884,303,13,3,11,NaN,NaN,NaN,12,0,12,NaN,NaN,NaN,1
29450.8138,2.768072,303,13,3,11,NaN,NaN,NaN,12,2,10,NaN,NaN,NaN,1
25116.1321,0.4567554,303,13,3,11,NaN,NaN,NaN,12,4,8,NaN,NaN,NaN,1
20254.6647,0.09324147,303,13,3,11,NaN,NaN,NaN,12,6,6,NaN,NaN,NaN,1
11992.203,0.00455102,303,13,3,11,NaN,NaN,NaN,12,8,4,NaN,NaN,NaN,1
43023.2111,0.02280919,303,13,5,9,NaN,NaN,NaN,12,0,12,NaN,NaN,NaN,1
35782.5709,0.6701116,303,13,5,9,NaN,NaN,NaN,12,2,10,NaN,NaN,NaN,1
31447.8892,1.994086,303,13,5,9,NaN,NaN,NaN,12,4,8,NaN,NaN,NaN,1
26586.4218,1.038406,303,13,5,9,NaN,NaN,NaN,12,6,6,NaN,NaN,NaN,1
18323.9601,0.05232073,303,13,5,9,NaN,NaN,NaN,12,8,4,NaN,NaN,NaN,1
7467.1732,0.0009768873,303,13,5,9,NaN,NaN,NaN,12,10,2,NaN,NaN,NaN,1
50051.0947,0.001950868,303,13,7,7,NaN,NaN,NaN,12,0,12,NaN,NaN,NaN,1
42810.4544,0.05815511,303,13,7,7,NaN,NaN,NaN,12,2,10,NaN,NaN,NaN,1
38475.7728,0.2722531,303,13,7,7,NaN,NaN,NaN,12,4,8,NaN,NaN,NaN,1
33614.3053,2.411329,303,13,7,7,NaN,NaN,NaN,12,6,6,NaN,NaN,NaN,1
25351.8436,0.8128245,303,13,7,7,NaN,NaN,NaN,12,8,4,NaN,NaN,NaN,1
14495.0568,0.01532896,303,13,7,7,NaN,NaN,NaN,12,10,2,NaN,NaN,NaN,1
52343.6916,0.002264415,303,13,9,5,NaN,NaN,NaN,12,2,10,NaN,NaN,NaN,1
48009.01,0.01063472,303,13,9,5,NaN,NaN,NaN,12,4,8,NaN,NaN,NaN,1
43147.5425,0.1095684,303,13,9,5,NaN,NaN,NaN,12,6,6,NaN,NaN,NaN,1
34885.0808,2.837406,303,13,9,5,NaN,NaN,NaN,12,8,4,NaN,NaN,NaN,1
24028.2939,0.5167887,303,13,9,5,NaN,NaN,NaN,12,10,2,NaN,NaN,NaN,1
10684.5978,0.002791681,303,13,9,5,NaN,NaN,NaN,12,12,0,NaN,NaN,NaN,1
55224.7845,0.00178387,303,13,11,3,NaN,NaN,NaN,12,6,6,NaN,NaN,NaN,1
46962.3228,0.0514463,303,13,11,3,NaN,NaN,NaN,12,8,4,NaN,NaN,NaN,1
36105.536,3.193929,303,13,11,3,NaN,NaN,NaN,12,10,2,NaN,NaN,NaN,1
22761.8398,0.2111141,303,13,11,3,NaN,NaN,NaN,12,12,0,NaN,NaN,NaN,1
50665.0922,0.01693655,303,13,13,1,NaN,NaN,NaN,12,10,2,NaN,NaN,NaN,1
37321.396,3.52427,303,13,13,1,NaN,NaN,NaN,12,12,0,NaN,NaN,NaN,1
4237.9996,-1.406926,303,13,2,12,NaN,NaN,NaN,13,1,13,NaN,NaN,NaN,1
11280.978,-0.06404325,303,13,4,10,NaN,NaN,NaN,13,1,13,NaN,NaN,NaN,1
17564.7926,-0.006153033,303,13,6,8,NaN,NaN,NaN,13,1,13,NaN,NaN,NaN,1
25794.5977,-0.0003667001,303,13,8,6,NaN,NaN,NaN,13,1,13,NaN,NaN,NaN,1
3755.0347,-1.975837,303,13,3,11,NaN,NaN,NaN,13,2,12,NaN,NaN,NaN,1
3287.9437,-2.398303,303,13,4,10,NaN,NaN,NaN,13,3,11,NaN,NaN,NaN,1
9571.7582,-0.2144011,303,13,6,8,NaN,NaN,NaN,13,3,11,NaN,NaN,NaN,1
17801.5634,-0.01277023,303,13,8,6,NaN,NaN,NaN,13,3,11,NaN,NaN,NaN,1
28618.7865,-0.0003245096,303,13,10,4,NaN,NaN,NaN,13,3,11,NaN,NaN,NaN,1
10086.7918,-0.1442306,303,13,5,9,NaN,NaN,NaN,13,2,12,NaN,NaN,NaN,1
3043.8134,-2.668516,303,13,5,9,NaN,NaN,NaN,13,4,10,NaN,NaN,NaN,1
3240.0011,-2.699532,303,13,6,8,NaN,NaN,NaN,13,5,9,NaN,NaN,NaN,1
11469.8063,-0.1468538,303,13,8,6,NaN,NaN,NaN,13,5,9,NaN,NaN,NaN,1
22287.0294,-0.003730924,303,13,10,4,NaN,NaN,NaN,13,5,9,NaN,NaN,NaN,1
17114.6753,-0.01233269,303,13,7,7,NaN,NaN,NaN,13,2,12,NaN,NaN,NaN,1
10071.697,-0.2068272,303,13,7,7,NaN,NaN,NaN,13,4,10,NaN,NaN,NaN,1
3787.8824,-2.570904,303,13,7,7,NaN,NaN,NaN,13,6,8,NaN,NaN,NaN,1
4441.9227,-2.403691,303,13,8,6,NaN,NaN,NaN,13,7,7,NaN,NaN,NaN,1
15259.1459,-0.0585457,303,13,10,4,NaN,NaN,NaN,13,7,7,NaN,NaN,NaN,1
28581.8754,-0.0005714312,303,13,12,2,NaN,NaN,NaN,13,7,7,NaN,NaN,NaN,1
26647.9125,-0.0004801648,303,13,9,5,NaN,NaN,NaN,13,2,12,NaN,NaN,NaN,1
19604.9341,-0.008048557,303,13,9,5,NaN,NaN,NaN,13,4,10,NaN,NaN,NaN,1
13321.1196,-0.0938615,303,13,9,5,NaN,NaN,NaN,13,6,8,NaN,NaN,NaN,1
5091.3145,-2.221391,303,13,9,5,NaN,NaN,NaN,13,8,6,NaN,NaN,NaN,1
5725.9087,-2.015555,303,13,10,4,NaN,NaN,NaN,13,9,5,NaN,NaN,NaN,1
19048.6382,-0.01931148,303,13,12,2,NaN,NaN,NaN,13,9,5,NaN,NaN,NaN,1
25398.3616,-0.001527744,303,13,11,3,NaN,NaN,NaN,13,6,8,NaN,NaN,NaN,1
17168.5565,-0.0351564,303,13,11,3,NaN,NaN,NaN,13,8,6,NaN,NaN,NaN,1
6351.3333,-1.77269,303,13,11,3,NaN,NaN,NaN,13,10,4,NaN,NaN,NaN,1
6971.3961,-1.470708,303,13,12,2,NaN,NaN,NaN,13,11,3,NaN,NaN,NaN,1
20910.8895,-0.008532882,303,13,13,1,NaN,NaN,NaN,13,10,4,NaN,NaN,NaN,1
7588.16,-1.056894,303,13,13,1,NaN,NaN,NaN,13,12,2,NaN,NaN,NaN,1
28698.3337,3.45804,303,13,0,13,NaN,NaN,NaN,12,1,12,NaN,NaN,NaN,1
21399.6045,0.1148211,303,13,0,13,NaN,NaN,NaN,12,3,10,NaN,NaN,NaN,1
15521.5867,0.00927091,303,13,0,13,NaN,NaN,NaN,12,5,8,NaN,NaN,NaN,1
8474.6476,0.0006731959,303,13,0,13,NaN,NaN,NaN,12,7,6,NaN,NaN,NaN,1
36663.2974,0.2999002,303,13,2,11,NaN,NaN,NaN,12,1,12,NaN,NaN,NaN,1
29364.5682,2.762622,303,13,2,11,NaN,NaN,NaN,12,3,10,NaN,NaN,NaN,1
23486.5505,0.3147367,303,13,2,11,NaN,NaN,NaN,12,5,8,NaN,NaN,NaN,1
16439.6114,0.02291969,303,13,2,11,NaN,NaN,NaN,12,7,6,NaN,NaN,NaN,1
6849.5878,0.000686564,303,13,2,11,NaN,NaN,NaN,12,9,4,NaN,NaN,NaN,1
41780.0305,0.02789184,303,13,4,9,NaN,NaN,NaN,12,1,12,NaN,NaN,NaN,1
34481.3013,0.8398617,303,13,4,9,NaN,NaN,NaN,12,3,10,NaN,NaN,NaN,1
28603.2836,1.491074,303,13,4,9,NaN,NaN,NaN,12,5,8,NaN,NaN,NaN,1
21556.3444,0.1267612,303,13,4,9,NaN,NaN,NaN,12,7,6,NaN,NaN,NaN,1
11966.3209,0.003799586,303,13,4,9,NaN,NaN,NaN,12,9,4,NaN,NaN,NaN,1
46356.0394,0.006728902,303,13,6,7,NaN,NaN,NaN,12,1,12,NaN,NaN,NaN,1
39057.3101,0.2105241,303,13,6,7,NaN,NaN,NaN,12,3,10,NaN,NaN,NaN,1
33179.2924,2.076685,303,13,6,7,NaN,NaN,NaN,12,5,8,NaN,NaN,NaN,1
26132.3533,0.9547573,303,13,6,7,NaN,NaN,NaN,12,7,6,NaN,NaN,NaN,1
16542.3297,0.02919192,303,13,6,7,NaN,NaN,NaN,12,9,4,NaN,NaN,NaN,1
4436.7816,0.0003202192,303,13,6,7,NaN,NaN,NaN,12,11,2,NaN,NaN,NaN,1
54493.3079,0.0004281038,303,13,8,5,NaN,NaN,NaN,12,1,12,NaN,NaN,NaN,1
47194.5787,0.01341081,303,13,8,5,NaN,NaN,NaN,12,3,10,NaN,NaN,NaN,1
41316.5609,0.156229,303,13,8,5,NaN,NaN,NaN,12,5,8,NaN,NaN,NaN,1
34269.6218,2.638637,303,13,8,5,NaN,NaN,NaN,12,7,6,NaN,NaN,NaN,1
24679.5983,0.6661359,303,13,8,5,NaN,NaN,NaN,12,9,4,NaN,NaN,NaN,1
12574.0501,0.007344479,303,13,8,5,NaN,NaN,NaN,12,11,2,NaN,NaN,NaN,1
58011.4493,0.0003408729,303,13,10,3,NaN,NaN,NaN,12,3,10,NaN,NaN,NaN,1
52133.4315,0.003972995,303,13,10,3,NaN,NaN,NaN,12,5,8,NaN,NaN,NaN,1
45086.4924,0.07603997,303,13,10,3,NaN,NaN,NaN,12,7,6,NaN,NaN,NaN,1
35496.4689,3.0204,303,13,10,3,NaN,NaN,NaN,12,9,4,NaN,NaN,NaN,1
23390.9207,0.3656363,303,13,10,3,NaN,NaN,NaN,12,11,2,NaN,NaN,NaN,1
58409.2216,0.0007422492,303,13,12,1,NaN,NaN,NaN,12,7,6,NaN,NaN,NaN,1
48819.1981,0.03241517,303,13,12,1,NaN,NaN,NaN,12,9,4,NaN,NaN,NaN,1
36713.6499,3.361251,303,13,12,1,NaN,NaN,NaN,12,11,2,NaN,NaN,NaN,1
4236.7335,-1.406945,303,13,1,12,NaN,NaN,NaN,13,0,13,NaN,NaN,NaN,1
10992.9643,-0.0650921,303,13,3,10,NaN,NaN,NaN,13,0,13,NaN,NaN,NaN,1
14937.3385,-0.01300385,303,13,5,8,NaN,NaN,NaN,13,0,13,NaN,NaN,NaN,1
21359.9867,-0.001662173,303,13,7,6,NaN,NaN,NaN,13,0,13,NaN,NaN,NaN,1
3728.2303,-1.976742,303,13,2,11,NaN,NaN,NaN,13,1,12,NaN,NaN,NaN,1
3028.0005,-2.424577,303,13,3,10,NaN,NaN,NaN,13,2,11,NaN,NaN,NaN,1
6972.3748,-0.4445344,303,13,5,8,NaN,NaN,NaN,13,2,11,NaN,NaN,NaN,1
13395.023,-0.05659309,303,13,7,6,NaN,NaN,NaN,13,2,11,NaN,NaN,NaN,1
22920.9832,-0.002214649,303,13,9,4,NaN,NaN,NaN,13,2,11,NaN,NaN,NaN,1
8844.9633,-0.1762333,303,13,4,9,NaN,NaN,NaN,13,1,12,NaN,NaN,NaN,1
2088.7326,-2.971069,303,13,4,9,NaN,NaN,NaN,13,3,10,NaN,NaN,NaN,1
1855.6417,-3.230141,303,13,5,8,NaN,NaN,NaN,13,4,9,NaN,NaN,NaN,1
8278.2899,-0.3138418,303,13,7,6,NaN,NaN,NaN,13,4,9,NaN,NaN,NaN,1
17804.2501,-0.01225635,303,13,9,4,NaN,NaN,NaN,13,4,9,NaN,NaN,NaN,1
13420.9722,-0.04248712,303,13,6,7,NaN,NaN,NaN,13,1,12,NaN,NaN,NaN,1
6664.7414,-0.5805256,303,13,6,7,NaN,NaN,NaN,13,3,10,NaN,NaN,NaN,1
2720.3671,-2.813852,303,13,6,7,NaN,NaN,NaN,13,5,8,NaN,NaN,NaN,1
3702.281,-2.577511,303,13,7,6,NaN,NaN,NaN,13,6,7,NaN,NaN,NaN,1
13228.2413,-0.09417292,303,13,9,4,NaN,NaN,NaN,13,6,7,NaN,NaN,NaN,1
25305.4722,-0.001532816,303,13,11,2,NaN,NaN,NaN,13,6,7,NaN,NaN,NaN,1
21558.2407,-0.002703041,303,13,8,5,NaN,NaN,NaN,13,1,12,NaN,NaN,NaN,1
14802.0099,-0.03670842,303,13,8,5,NaN,NaN,NaN,13,3,10,NaN,NaN,NaN,1
10857.6357,-0.1557982,303,13,8,5,NaN,NaN,NaN,13,5,8,NaN,NaN,NaN,1
4434.9875,-2.403985,303,13,8,5,NaN,NaN,NaN,13,7,6,NaN,NaN,NaN,1
5090.9728,-2.221401,303,13,9,4,NaN,NaN,NaN,13,8,5,NaN,NaN,NaN,1
17168.2037,-0.03515657,303,13,11,2,NaN,NaN,NaN,13,8,5,NaN,NaN,NaN,1
25618.8805,-0.0009330272,303,13,10,3,NaN,NaN,NaN,13,3,10,NaN,NaN,NaN,1
21674.5063,-0.003958603,303,13,10,3,NaN,NaN,NaN,13,5,8,NaN,NaN,NaN,1
15251.8581,-0.05855443,303,13,10,3,NaN,NaN,NaN,13,7,6,NaN,NaN,NaN,1
5725.8978,-2.015555,303,13,10,3,NaN,NaN,NaN,13,9,4,NaN,NaN,NaN,1
6351.3331,-1.77269,303,13,11,2,NaN,NaN,NaN,13,10,3,NaN,NaN,NaN,1
20910.8893,-0.008532882,303,13,13,0,NaN,NaN,NaN,13,10,3,NaN,NaN,NaN,1
28574.5873,-0.0005715164,303,13,12,1,NaN,NaN,NaN,13,7,6,NaN,NaN,NaN,1
19048.6271,-0.01931148,303,13,12,1,NaN,NaN,NaN,13,9,4,NaN,NaN,NaN,1
6971.3961,-1.470708,303,13,12,1,NaN,NaN,NaN,13,11,2,NaN,NaN,NaN,1
7588.16,-1.056894,303,13,13,0,NaN,NaN,NaN,13,12,1,NaN,NaN,NaN,1
30892.5064,3.600145,303,14,0,14,NaN,NaN,NaN,13,1,13,NaN,NaN,NaN,1
22899.4721,0.1094869,303,14,0,14,NaN,NaN,NaN,13,3,11,NaN,NaN,NaN,1
16567.715,0.008319629,303,14,0,14,NaN,NaN,NaN,13,5,9,NaN,NaN,NaN,1
9539.8314,0.0007115695,303,14,0,14,NaN,NaN,NaN,13,7,7,NaN,NaN,NaN,1
39571.1818,0.288719,303,14,2,12,NaN,NaN,NaN,13,1,13,NaN,NaN,NaN,1
31578.1475,2.948963,303,14,2,12,NaN,NaN,NaN,13,3,11,NaN,NaN,NaN,1
25246.3904,0.3159428,303,14,2,12,NaN,NaN,NaN,13,5,9,NaN,NaN,NaN,1
18218.5069,0.02709576,303,14,2,12,NaN,NaN,NaN,13,7,7,NaN,NaN,NaN,1
8685.2697,0.001054972,303,14,2,12,NaN,NaN,NaN,13,9,5,NaN,NaN,NaN,1
45549.858,0.02245965,303,14,4,10,NaN,NaN,NaN,13,1,13,NaN,NaN,NaN,1
37556.8236,0.7614109,303,14,4,10,NaN,NaN,NaN,13,3,11,NaN,NaN,NaN,1
31225.0665,1.754741,303,14,4,10,NaN,NaN,NaN,13,5,9,NaN,NaN,NaN,1
24197.183,0.1862204,303,14,4,10,NaN,NaN,NaN,13,7,7,NaN,NaN,NaN,1
14663.9458,0.007259944,303,14,4,10,NaN,NaN,NaN,13,9,5,NaN,NaN,NaN,1
49947.7273,0.005772518,303,14,6,8,NaN,NaN,NaN,13,1,13,NaN,NaN,NaN,1
41954.6929,0.2007853,303,14,6,8,NaN,NaN,NaN,13,3,11,NaN,NaN,NaN,1
35622.9358,1.956156,303,14,6,8,NaN,NaN,NaN,13,5,9,NaN,NaN,NaN,1
28595.0523,1.057306,303,14,6,8,NaN,NaN,NaN,13,7,7,NaN,NaN,NaN,1
19061.8151,0.04240025,303,14,6,8,NaN,NaN,NaN,13,9,5,NaN,NaN,NaN,1
6984.5731,0.0006902043,303,14,6,8,NaN,NaN,NaN,13,11,3,NaN,NaN,NaN,1
57900.6285,0.0004782054,303,14,8,6,NaN,NaN,NaN,13,1,13,NaN,NaN,NaN,1
49907.5942,0.01665325,303,14,8,6,NaN,NaN,NaN,13,3,11,NaN,NaN,NaN,1
43575.8371,0.1913111,303,14,8,6,NaN,NaN,NaN,13,5,9,NaN,NaN,NaN,1
36547.9536,2.617326,303,14,8,6,NaN,NaN,NaN,13,7,7,NaN,NaN,NaN,1
27014.7164,0.7848217,303,14,8,6,NaN,NaN,NaN,13,9,5,NaN,NaN,NaN,1
14937.4744,0.01287462,303,14,8,6,NaN,NaN,NaN,13,11,3,NaN,NaN,NaN,1
60673.5977,0.0005468799,303,14,10,4,NaN,NaN,NaN,13,3,11,NaN,NaN,NaN,1
54341.8406,0.006287536,303,14,10,4,NaN,NaN,NaN,13,5,9,NaN,NaN,NaN,1
47313.9571,0.09864973,303,14,10,4,NaN,NaN,NaN,13,7,7,NaN,NaN,NaN,1
37780.7199,3.007246,303,14,10,4,NaN,NaN,NaN,13,9,5,NaN,NaN,NaN,1
25703.4778,0.4981059,303,14,10,4,NaN,NaN,NaN,13,11,3,NaN,NaN,NaN,1
11143.9217,0.002430843,303,14,10,4,NaN,NaN,NaN,13,13,1,NaN,NaN,NaN,1
60610.375,0.001422903,303,14,12,2,NaN,NaN,NaN,13,7,7,NaN,NaN,NaN,1
51077.1378,0.04808593,303,14,12,2,NaN,NaN,NaN,13,9,5,NaN,NaN,NaN,1
38999.8957,3.346103,303,14,12,2,NaN,NaN,NaN,13,11,3,NaN,NaN,NaN,1
24440.3396,0.203433,303,14,12,2,NaN,NaN,NaN,13,13,1,NaN,NaN,NaN,1
54775.2019,0.01616004,303,14,14,0,NaN,NaN,NaN,13,11,3,NaN,NaN,NaN,1
40215.6457,3.663434,303,14,14,0,NaN,NaN,NaN,13,13,1,NaN,NaN,NaN,1
30892.539,3.600146,303,14,1,14,NaN,NaN,NaN,13,0,13,NaN,NaN,NaN,1
22927.5753,0.1095617,303,14,1,14,NaN,NaN,NaN,13,2,11,NaN,NaN,NaN,1
17810.8422,0.01017307,303,14,1,14,NaN,NaN,NaN,13,4,9,NaN,NaN,NaN,1
13234.8334,0.002454186,303,14,1,14,NaN,NaN,NaN,13,6,7,NaN,NaN,NaN,1
39584.2813,0.2886449,303,14,3,12,NaN,NaN,NaN,13,0,13,NaN,NaN,NaN,1
31619.3176,2.951064,303,14,3,12,NaN,NaN,NaN,13,2,11,NaN,NaN,NaN,1
26502.5845,0.3884719,303,14,3,12,NaN,NaN,NaN,13,4,9,NaN,NaN,NaN,1
21926.5757,0.09436777,303,14,3,12,NaN,NaN,NaN,13,6,7,NaN,NaN,NaN,1
13789.3071,0.006005177,303,14,3,12,NaN,NaN,NaN,13,8,5,NaN,NaN,NaN,1
46447.036,0.02033527,303,14,5,10,NaN,NaN,NaN,13,0,13,NaN,NaN,NaN,1
38482.0722,0.6828296,303,14,5,10,NaN,NaN,NaN,13,2,11,NaN,NaN,NaN,1
33365.3392,2.09237,303,14,5,10,NaN,NaN,NaN,13,4,9,NaN,NaN,NaN,1
28789.3303,1.071546,303,14,5,10,NaN,NaN,NaN,13,6,7,NaN,NaN,NaN,1
20652.0618,0.07074127,303,14,5,10,NaN,NaN,NaN,13,8,5,NaN,NaN,NaN,1
9835.1912,0.001798268,303,14,5,10,NaN,NaN,NaN,13,10,3,NaN,NaN,NaN,1
53497.7634,0.00195711,303,14,7,8,NaN,NaN,NaN,13,0,13,NaN,NaN,NaN,1
45532.7996,0.06662593,303,14,7,8,NaN,NaN,NaN,13,2,11,NaN,NaN,NaN,1
40416.0666,0.3665444,303,14,7,8,NaN,NaN,NaN,13,4,9,NaN,NaN,NaN,1
35840.0577,2.375984,303,14,7,8,NaN,NaN,NaN,13,6,7,NaN,NaN,NaN,1
27702.7892,0.9234198,303,14,7,8,NaN,NaN,NaN,13,8,5,NaN,NaN,NaN,1
16885.9186,0.02380936,303,14,7,8,NaN,NaN,NaN,13,10,3,NaN,NaN,NaN,1
54996.3996,0.003256318,303,14,9,6,NaN,NaN,NaN,13,2,11,NaN,NaN,NaN,1
49879.6666,0.01802095,303,14,9,6,NaN,NaN,NaN,13,4,9,NaN,NaN,NaN,1
45303.6577,0.1384089,303,14,9,6,NaN,NaN,NaN,13,6,7,NaN,NaN,NaN,1
37166.3892,2.822401,303,14,9,6,NaN,NaN,NaN,13,8,5,NaN,NaN,NaN,1
26349.5186,0.6423504,303,14,9,6,NaN,NaN,NaN,13,10,3,NaN,NaN,NaN,1
13026.7894,0.0062953,303,14,9,6,NaN,NaN,NaN,13,12,1,NaN,NaN,NaN,1
61921.2823,0.0003971408,303,14,11,4,NaN,NaN,NaN,13,4,9,NaN,NaN,NaN,1
57345.2734,0.003051243,303,14,11,4,NaN,NaN,NaN,13,6,7,NaN,NaN,NaN,1
49208.0049,0.06997926,303,14,11,4,NaN,NaN,NaN,13,8,5,NaN,NaN,NaN,1
38391.1343,3.180434,303,14,11,4,NaN,NaN,NaN,13,10,3,NaN,NaN,NaN,1
25068.4051,0.3523537,303,14,11,4,NaN,NaN,NaN,13,12,1,NaN,NaN,NaN,1
63747.5189,0.0006151254,303,14,13,2,NaN,NaN,NaN,13,8,5,NaN,NaN,NaN,1
52930.6482,0.03065321,303,14,13,2,NaN,NaN,NaN,13,10,3,NaN,NaN,NaN,1
39607.919,3.506617,303,14,13,2,NaN,NaN,NaN,13,12,1,NaN,NaN,NaN,1
31241.1239,3.300552,303,14,1,13,NaN,NaN,NaN,13,2,12,NaN,NaN,NaN,1
24198.1456,0.2105296,303,14,1,13,NaN,NaN,NaN,13,4,10,NaN,NaN,NaN,1
17914.331,0.02024883,303,14,1,13,NaN,NaN,NaN,13,6,8,NaN,NaN,NaN,1
9684.5259,0.001206773,303,14,1,13,NaN,NaN,NaN,13,8,6,NaN,NaN,NaN,1
38794.766,0.5064163,303,14,3,11,NaN,NaN,NaN,13,2,12,NaN,NaN,NaN,1
31751.7876,2.465396,303,14,3,11,NaN,NaN,NaN,13,4,10,NaN,NaN,NaN,1
25467.973,0.3318043,303,14,3,11,NaN,NaN,NaN,13,6,8,NaN,NaN,NaN,1
17238.1679,0.01984031,303,14,3,11,NaN,NaN,NaN,13,8,6,NaN,NaN,NaN,1
6420.9448,0.0005041756,303,14,3,11,NaN,NaN,NaN,13,10,4,NaN,NaN,NaN,1
43218.3732,0.08290283,303,14,5,9,NaN,NaN,NaN,13,2,12,NaN,NaN,NaN,1
36175.3948,1.264841,303,14,5,9,NaN,NaN,NaN,13,4,10,NaN,NaN,NaN,1
29891.5803,1.245905,303,14,5,9,NaN,NaN,NaN,13,6,8,NaN,NaN,NaN,1
21661.7752,0.08041707,303,14,5,9,NaN,NaN,NaN,13,8,6,NaN,NaN,NaN,1
10844.552,0.002043955,303,14,5,9,NaN,NaN,NaN,13,10,4,NaN,NaN,NaN,1
49280.3348,0.0142517,303,14,7,7,NaN,NaN,NaN,13,2,12,NaN,NaN,NaN,1
42237.3565,0.2385407,303,14,7,7,NaN,NaN,NaN,13,4,10,NaN,NaN,NaN,1
35953.5419,2.366564,303,14,7,7,NaN,NaN,NaN,13,6,8,NaN,NaN,NaN,1
27723.7368,0.923879,303,14,7,7,NaN,NaN,NaN,13,8,6,NaN,NaN,NaN,1
16906.5136,0.02382024,303,14,7,7,NaN,NaN,NaN,13,10,4,NaN,NaN,NaN,1
58723.3899,0.0007059844,303,14,9,5,NaN,NaN,NaN,13,2,12,NaN,NaN,NaN,1
51680.4115,0.01183372,303,14,9,5,NaN,NaN,NaN,13,4,10,NaN,NaN,NaN,1
45396.597,0.1379496,303,14,9,5,NaN,NaN,NaN,13,6,8,NaN,NaN,NaN,1
37166.7919,2.822384,303,14,9,5,NaN,NaN,NaN,13,8,6,NaN,NaN,NaN,1
26349.5687,0.6423507,303,14,9,5,NaN,NaN,NaN,13,10,4,NaN,NaN,NaN,1
13026.8392,0.006295304,303,14,9,5,NaN,NaN,NaN,13,12,2,NaN,NaN,NaN,1
57438.1629,0.003041145,303,14,11,3,NaN,NaN,NaN,13,6,8,NaN,NaN,NaN,1
49208.3577,0.06997891,303,14,11,3,NaN,NaN,NaN,13,8,6,NaN,NaN,NaN,1
38391.1346,3.180434,303,14,11,3,NaN,NaN,NaN,13,10,4,NaN,NaN,NaN,1
25068.4051,0.3523537,303,14,11,3,NaN,NaN,NaN,13,12,2,NaN,NaN,NaN,1
63747.8717,0.0006151223,303,14,13,1,NaN,NaN,NaN,13,8,6,NaN,NaN,NaN,1
52930.6485,0.03065321,303,14,13,1,NaN,NaN,NaN,13,10,4,NaN,NaN,NaN,1
39607.919,3.506617,303,14,13,1,NaN,NaN,NaN,13,12,2,NaN,NaN,NaN,1
4586.6172,-1.407751,303,14,1,13,NaN,NaN,NaN,14,0,14,NaN,NaN,NaN,1
4092.0582,-1.978373,303,14,2,12,NaN,NaN,NaN,14,1,13,NaN,NaN,NaN,1
10070.7344,-0.1481719,303,14,4,10,NaN,NaN,NaN,14,1,13,NaN,NaN,NaN,1
14468.6037,-0.03806725,303,14,6,8,NaN,NaN,NaN,14,1,13,NaN,NaN,NaN,1
22421.505,-0.003153498,303,14,8,6,NaN,NaN,NaN,14,1,13,NaN,NaN,NaN,1
12140.2592,-0.05895164,303,14,3,11,NaN,NaN,NaN,14,0,14,NaN,NaN,NaN,1
3461.5838,-2.417877,303,14,3,11,NaN,NaN,NaN,14,2,12,NaN,NaN,NaN,1
2517.0924,-2.890782,303,14,4,10,NaN,NaN,NaN,14,3,11,NaN,NaN,NaN,1
6914.9617,-0.630222,303,14,6,8,NaN,NaN,NaN,14,3,11,NaN,NaN,NaN,1
14867.8629,-0.05184808,303,14,8,6,NaN,NaN,NaN,14,3,11,NaN,NaN,NaN,1
25633.8664,-0.001702589,303,14,10,4,NaN,NaN,NaN,14,3,11,NaN,NaN,NaN,1
16563.8664,-0.009587656,303,14,5,9,NaN,NaN,NaN,14,0,14,NaN,NaN,NaN,1
7885.191,-0.3661437,303,14,5,9,NaN,NaN,NaN,14,2,12,NaN,NaN,NaN,1
1906.5149,-3.370142,303,14,5,9,NaN,NaN,NaN,14,4,10,NaN,NaN,NaN,1
2491.3544,-3.067653,303,14,6,8,NaN,NaN,NaN,14,5,9,NaN,NaN,NaN,1
10444.2557,-0.21035,303,14,8,6,NaN,NaN,NaN,14,5,9,NaN,NaN,NaN,1
21210.2592,-0.006902394,303,14,10,4,NaN,NaN,NaN,14,5,9,NaN,NaN,NaN,1
22625.8281,-0.001647753,303,14,7,7,NaN,NaN,NaN,14,0,14,NaN,NaN,NaN,1
13947.1527,-0.06274818,303,14,7,7,NaN,NaN,NaN,14,2,12,NaN,NaN,NaN,1
7968.4765,-0.4334196,303,14,7,7,NaN,NaN,NaN,14,4,10,NaN,NaN,NaN,1
3570.6072,-2.757025,303,14,7,7,NaN,NaN,NaN,14,6,8,NaN,NaN,NaN,1
4382.2941,-2.584113,303,14,8,6,NaN,NaN,NaN,14,7,7,NaN,NaN,NaN,1
15148.2976,-0.08044453,303,14,10,4,NaN,NaN,NaN,14,7,7,NaN,NaN,NaN,1
28444.7155,-0.001160118,303,14,12,2,NaN,NaN,NaN,14,7,7,NaN,NaN,NaN,1
23390.2077,-0.003108204,303,14,9,5,NaN,NaN,NaN,14,2,12,NaN,NaN,NaN,1
17411.5316,-0.02138973,303,14,9,5,NaN,NaN,NaN,14,4,10,NaN,NaN,NaN,1
13013.6623,-0.1249452,303,14,9,5,NaN,NaN,NaN,14,6,8,NaN,NaN,NaN,1
5060.761,-2.415141,303,14,9,5,NaN,NaN,NaN,14,8,6,NaN,NaN,NaN,1
5705.2425,-2.231856,303,14,10,4,NaN,NaN,NaN,14,9,5,NaN,NaN,NaN,1
19001.6604,-0.03141184,303,14,12,2,NaN,NaN,NaN,14,9,5,NaN,NaN,NaN,1
29453.0975,-0.0004713879,303,14,11,3,NaN,NaN,NaN,14,4,10,NaN,NaN,NaN,1
25055.2282,-0.002753138,303,14,11,3,NaN,NaN,NaN,14,6,8,NaN,NaN,NaN,1
17102.3269,-0.05135604,303,14,11,3,NaN,NaN,NaN,14,8,6,NaN,NaN,NaN,1
6336.3234,-2.023837,303,14,11,3,NaN,NaN,NaN,14,10,4,NaN,NaN,NaN,1
6960.0945,-1.778357,303,14,12,2,NaN,NaN,NaN,14,11,3,NaN,NaN,NaN,1
22735.4007,-0.007817301,303,14,14,0,NaN,NaN,NaN,14,11,3,NaN,NaN,NaN,1
31641.8408,-0.0004513968,303,14,13,1,NaN,NaN,NaN,14,8,6,NaN,NaN,NaN,1
20875.8373,-0.01749863,303,14,13,1,NaN,NaN,NaN,14,10,4,NaN,NaN,NaN,1
7579.4194,-1.473855,303,14,13,1,NaN,NaN,NaN,14,12,2,NaN,NaN,NaN,1
8195.8868,-1.057981,303,14,14,0,NaN,NaN,NaN,14,13,1,NaN,NaN,NaN,1
31242.9471,3.300622,303,14,2,13,NaN,NaN,NaN,13,1,12,NaN,NaN,NaN,1
24486.7164,0.2140181,303,14,2,13,NaN,NaN,NaN,13,3,10,NaN,NaN,NaN,1
20542.3421,0.04281172,303,14,2,13,NaN,NaN,NaN,13,5,8,NaN,NaN,NaN,1
14119.6939,0.005472613,303,14,2,13,NaN,NaN,NaN,13,7,6,NaN,NaN,NaN,1
38956.6236,0.5031924,303,14,4,11,NaN,NaN,NaN,13,1,12,NaN,NaN,NaN,1
32200.3929,2.506445,303,14,4,11,NaN,NaN,NaN,13,3,10,NaN,NaN,NaN,1
28256.0186,0.7673489,303,14,4,11,NaN,NaN,NaN,13,5,8,NaN,NaN,NaN,1
21833.3704,0.1007106,303,14,4,11,NaN,NaN,NaN,13,7,6,NaN,NaN,NaN,1
12307.4102,0.003942152,303,14,4,11,NaN,NaN,NaN,13,9,4,NaN,NaN,NaN,1
45504.7745,0.04870588,303,14,6,9,NaN,NaN,NaN,13,1,12,NaN,NaN,NaN,1
38748.5437,0.6512253,303,14,6,9,NaN,NaN,NaN,13,3,10,NaN,NaN,NaN,1
34804.1695,2.103617,303,14,6,9,NaN,NaN,NaN,13,5,8,NaN,NaN,NaN,1
28381.5213,1.046608,303,14,6,9,NaN,NaN,NaN,13,7,6,NaN,NaN,NaN,1
18855.561,0.0420163,303,14,6,9,NaN,NaN,NaN,13,9,4,NaN,NaN,NaN,1
6778.3301,0.0006839563,303,14,6,9,NaN,NaN,NaN,13,11,2,NaN,NaN,NaN,1
53662.6713,0.00352871,303,14,8,7,NaN,NaN,NaN,13,1,12,NaN,NaN,NaN,1
46906.4405,0.04791766,303,14,8,7,NaN,NaN,NaN,13,3,10,NaN,NaN,NaN,1
42962.0663,0.2030539,303,14,8,7,NaN,NaN,NaN,13,5,8,NaN,NaN,NaN,1
36539.4181,2.617782,303,14,8,7,NaN,NaN,NaN,13,7,6,NaN,NaN,NaN,1
27013.4578,0.7848062,303,14,8,7,NaN,NaN,NaN,13,9,4,NaN,NaN,NaN,1
14936.2269,0.01287438,303,14,8,7,NaN,NaN,NaN,13,11,2,NaN,NaN,NaN,1
57673.6901,0.001572386,303,14,10,5,NaN,NaN,NaN,13,3,10,NaN,NaN,NaN,1
53729.3159,0.006671235,303,14,10,5,NaN,NaN,NaN,13,5,8,NaN,NaN,NaN,1
47306.6677,0.09866446,303,14,10,5,NaN,NaN,NaN,13,7,6,NaN,NaN,NaN,1
37780.7074,3.007247,303,14,10,5,NaN,NaN,NaN,13,9,4,NaN,NaN,NaN,1
25703.4765,0.4981059,303,14,10,5,NaN,NaN,NaN,13,11,2,NaN,NaN,NaN,1
11143.9203,0.002430843,303,14,10,5,NaN,NaN,NaN,13,13,0,NaN,NaN,NaN,1
60603.0869,0.001423115,303,14,12,3,NaN,NaN,NaN,13,7,6,NaN,NaN,NaN,1
51077.1267,0.04808593,303,14,12,3,NaN,NaN,NaN,13,9,4,NaN,NaN,NaN,1
38999.8957,3.346103,303,14,12,3,NaN,NaN,NaN,13,11,2,NaN,NaN,NaN,1
24440.3396,0.203433,303,14,12,3,NaN,NaN,NaN,13,13,0,NaN,NaN,NaN,1
54775.2019,0.01616004,303,14,14,1,NaN,NaN,NaN,13,11,2,NaN,NaN,NaN,1
40215.6457,3.663434,303,14,14,1,NaN,NaN,NaN,13,13,0,NaN,NaN,NaN,1
4587.1416,-1.407744,303,14,2,13,NaN,NaN,NaN,14,1,14,NaN,NaN,NaN,1
4104.6007,-1.978044,303,14,3,12,NaN,NaN,NaN,14,2,13,NaN,NaN,NaN,1
10967.3554,-0.1341928,303,14,5,10,NaN,NaN,NaN,14,2,13,NaN,NaN,NaN,1
18018.0828,-0.01291214,303,14,7,8,NaN,NaN,NaN,14,2,13,NaN,NaN,NaN,1
27481.6828,-0.0006310115,303,14,9,6,NaN,NaN,NaN,14,2,13,NaN,NaN,NaN,1
12300.8181,-0.0585984,303,14,4,11,NaN,NaN,NaN,14,1,14,NaN,NaN,NaN,1
3609.0758,-2.408232,303,14,4,11,NaN,NaN,NaN,14,3,12,NaN,NaN,NaN,1
3253.6789,-2.722807,303,14,5,10,NaN,NaN,NaN,14,4,11,NaN,NaN,NaN,1
10304.4063,-0.2378336,303,14,7,8,NaN,NaN,NaN,14,4,11,NaN,NaN,NaN,1
19768.0063,-0.01161501,303,14,9,6,NaN,NaN,NaN,14,4,11,NaN,NaN,NaN,1
18848.969,-0.00563804,303,14,6,9,NaN,NaN,NaN,14,1,14,NaN,NaN,NaN,1
10157.2267,-0.2169671,303,14,6,9,NaN,NaN,NaN,14,3,12,NaN,NaN,NaN,1
3294.472,-2.829263,303,14,6,9,NaN,NaN,NaN,14,5,10,NaN,NaN,NaN,1
3756.2554,-2.738327,303,14,7,8,NaN,NaN,NaN,14,6,9,NaN,NaN,NaN,1
13219.8554,-0.1238155,303,14,9,6,NaN,NaN,NaN,14,6,9,NaN,NaN,NaN,1
25261.4711,-0.002728216,303,14,11,4,NaN,NaN,NaN,14,6,9,NaN,NaN,NaN,1
27006.8658,-0.0004084501,303,14,8,7,NaN,NaN,NaN,14,1,14,NaN,NaN,NaN,1
18315.1235,-0.0157092,303,14,8,7,NaN,NaN,NaN,14,3,12,NaN,NaN,NaN,1
11452.3688,-0.1851432,303,14,8,7,NaN,NaN,NaN,14,5,10,NaN,NaN,NaN,1
4401.6414,-2.583175,303,14,8,7,NaN,NaN,NaN,14,7,8,NaN,NaN,NaN,1
5061.9586,-2.415104,303,14,9,6,NaN,NaN,NaN,14,8,7,NaN,NaN,NaN,1
17103.5743,-0.05135509,303,14,11,4,NaN,NaN,NaN,14,8,7,NaN,NaN,NaN,1
31643.0882,-0.0004513884,303,14,13,2,NaN,NaN,NaN,14,8,7,NaN,NaN,NaN,1
29082.3731,-0.0005154548,303,14,10,5,NaN,NaN,NaN,14,3,12,NaN,NaN,NaN,1
22219.6184,-0.006072716,303,14,10,5,NaN,NaN,NaN,14,5,10,NaN,NaN,NaN,1
15168.891,-0.08040783,303,14,10,5,NaN,NaN,NaN,14,7,8,NaN,NaN,NaN,1
5705.291,-2.231855,303,14,10,5,NaN,NaN,NaN,14,9,6,NaN,NaN,NaN,1
6336.3247,-2.023837,303,14,11,4,NaN,NaN,NaN,14,10,5,NaN,NaN,NaN,1
20875.8386,-0.01749863,303,14,13,2,NaN,NaN,NaN,14,10,5,NaN,NaN,NaN,1
28465.3102,-0.001159589,303,14,12,3,NaN,NaN,NaN,14,7,8,NaN,NaN,NaN,1
19001.7102,-0.03141183,303,14,12,3,NaN,NaN,NaN,14,9,6,NaN,NaN,NaN,1
6960.0945,-1.778357,303,14,12,3,NaN,NaN,NaN,14,11,4,NaN,NaN,NaN,1
7579.4194,-1.473855,303,14,13,2,NaN,NaN,NaN,14,12,3,NaN,NaN,NaN,1
22735.4007,-0.007817301,303,14,14,1,NaN,NaN,NaN,14,11,4,NaN,NaN,NaN,1
8195.8868,-1.057981,303,14,14,1,NaN,NaN,NaN,14,13,2,NaN,NaN,NaN,1
