762.505,0,-10.9963,3,0.7834,9,-3,303,4,2,2,NaN,NaN,NaN,4,1,3,NaN,NaN,NaN
848.1219,0,-10.8597,3,1.1675,11,-3,303,5,2,3,NaN,NaN,NaN,5,1,4,NaN,NaN,NaN
1035.4983,0,-10.714,3,1.6259,13,-3,303,6,2,4,NaN,NaN,NaN,6,1,5,NaN,NaN,NaN
1142.4911,0,-10.5824,3,2.2019,15,-3,303,7,3,4,NaN,NaN,NaN,7,2,5,NaN,NaN,NaN
1169.8199,0,-10.6136,3,1.6605,13,-3,303,6,3,3,NaN,NaN,NaN,6,2,4,NaN,NaN,NaN
1215.0929,0,-10.5358,3,2.8188,17,-3,303,8,3,5,NaN,NaN,NaN,8,2,6,NaN,NaN,NaN
1262.3286,0,-10.6523,3,1.1958,11,-3,303,5,3,2,NaN,NaN,NaN,5,2,3,NaN,NaN,NaN
1265.4003,0,-10.831,3,1.1253,11,-3,303,5,1,4,NaN,NaN,NaN,5,0,5,NaN,NaN,NaN
1328.6215,0,-10.5708,3,2.1575,15,-3,303,7,2,5,NaN,NaN,NaN,7,1,6,NaN,NaN,NaN
1373.6545,0,-10.7335,3,0.8089,9,-3,303,4,3,1,NaN,NaN,NaN,4,2,2,NaN,NaN,NaN
1378.2703,0,-10.8282,3,0.7552,9,-3,303,4,2,3,NaN,NaN,NaN,4,1,4,NaN,NaN,NaN
1406.7293,0,-10.469,3,3.5098,19,-3,303,9,3,6,NaN,NaN,NaN,9,2,7,NaN,NaN,NaN
1461.8158,0,-10.9364,3,0.5002,7,-3,303,3,3,0,NaN,NaN,NaN,3,2,1,NaN,NaN,NaN
1504.8947,0,-10.4226,3,4.3311,21,-3,303,10,4,6,NaN,NaN,NaN,10,3,7,NaN,NaN,NaN
1544.5957,0,-10.905,3,0.4974,7,-3,303,3,3,1,NaN,NaN,NaN,3,2,2,NaN,NaN,NaN
1558.2902,0,-10.3938,3,3.5567,19,-3,303,9,4,5,NaN,NaN,NaN,9,3,6,NaN,NaN,NaN
1566.2587,0,-10.4321,3,5.181,23,-3,303,11,4,7,NaN,NaN,NaN,11,3,8,NaN,NaN,NaN
1588.5615,0,-10.6575,3,0.8012,9,-3,303,4,3,2,NaN,NaN,NaN,4,2,3,NaN,NaN,NaN
1612.3749,0,-10.687,3,1.1264,11,-3,303,5,2,4,NaN,NaN,NaN,5,1,5,NaN,NaN,NaN
1658.4122,0,-10.662,3,1.5706,13,-3,303,6,1,5,NaN,NaN,NaN,6,0,6,NaN,NaN,NaN
1669.1725,0,-10.5188,3,1.1802,11,-3,303,5,3,3,NaN,NaN,NaN,5,2,4,NaN,NaN,NaN
1688.0015,0,-10.3604,3,2.8593,17,-3,303,8,4,4,NaN,NaN,NaN,8,3,5,NaN,NaN,NaN
1706.7064,0,-10.4436,3,2.7618,17,-3,303,8,2,6,NaN,NaN,NaN,8,1,7,NaN,NaN,NaN
1717.3501,0,-10.3932,3,4.2738,21,-3,303,10,3,7,NaN,NaN,NaN,10,2,8,NaN,NaN,NaN
1761.8218,0,-10.4188,3,6.1049,25,-3,303,12,4,8,NaN,NaN,NaN,12,3,9,NaN,NaN,NaN
1794.6038,0,-10.4211,3,1.634,13,-3,303,6,3,4,NaN,NaN,NaN,6,2,5,NaN,NaN,NaN
1842.4838,0,-10.3412,3,2.24,15,-3,303,7,4,3,NaN,NaN,NaN,7,3,4,NaN,NaN,NaN
1855.6417,0,-10.4294,3,7.1712,27,-3,303,13,5,8,NaN,NaN,NaN,13,4,9,NaN,NaN,NaN
1885.5931,0,-10.5761,3,1.5711,13,-3,303,6,2,5,NaN,NaN,NaN,6,1,6,NaN,NaN,NaN
1906.5149,0,-10.4819,3,8.2542,29,-3,303,14,5,9,NaN,NaN,NaN,14,4,10,NaN,NaN,NaN
1932.7122,0,-10.3566,3,6.1637,25,-3,303,12,5,7,NaN,NaN,NaN,12,4,8,NaN,NaN,NaN
1968.7488,0,-10.3457,3,2.1621,15,-3,303,7,3,5,NaN,NaN,NaN,7,2,6,NaN,NaN,NaN
1974.6955,0,-10.3573,3,1.6995,13,-3,303,6,4,2,NaN,NaN,NaN,6,3,3,NaN,NaN,NaN
2057.3837,0,-10.5357,3,2.0889,15,-3,303,7,1,6,NaN,NaN,NaN,7,0,7,NaN,NaN,NaN
2061.3476,0,-10.4384,3,1.2379,11,-3,303,5,4,1,NaN,NaN,NaN,5,3,2,NaN,NaN,NaN
2088.7326,0,-10.3923,3,7.1015,27,-3,303,13,4,9,NaN,NaN,NaN,13,3,10,NaN,NaN,NaN
2095.9535,0,-10.2761,3,5.2333,23,-3,303,11,5,6,NaN,NaN,NaN,11,4,7,NaN,NaN,NaN
2106.0005,0,-10.6556,3,0.8547,9,-3,303,4,4,0,NaN,NaN,NaN,4,3,1,NaN,NaN,NaN
2120.9593,0,-10.4189,3,1.2359,11,-3,303,5,4,2,NaN,NaN,NaN,5,3,3,NaN,NaN,NaN
2121.203,0,-10.3225,3,5.1103,23,-3,303,11,3,8,NaN,NaN,NaN,11,2,9,NaN,NaN,NaN
2122.0728,0,-10.6503,3,0.8542,9,-3,303,4,4,1,NaN,NaN,NaN,4,3,2,NaN,NaN,NaN
2129.1685,0,-10.3406,3,3.4388,19,-3,303,9,2,7,NaN,NaN,NaN,9,1,8,NaN,NaN,NaN
2132.2964,0,-10.3073,3,1.6939,13,-3,303,6,4,3,NaN,NaN,NaN,6,3,4,NaN,NaN,NaN
2167.5665,0,-10.2433,3,2.2278,15,-3,303,7,4,4,NaN,NaN,NaN,7,3,5,NaN,NaN,NaN
2188.8961,0,-10.4906,3,2.0891,15,-3,303,7,2,6,NaN,NaN,NaN,7,1,7,NaN,NaN,NaN
2190.5772,0,-10.2867,3,2.7642,17,-3,303,8,3,6,NaN,NaN,NaN,8,2,7,NaN,NaN,NaN
2238.4109,0,-10.2038,3,2.8373,17,-3,303,8,4,5,NaN,NaN,NaN,8,3,6,NaN,NaN,NaN
2289.2866,0,-10.2025,3,4.3813,21,-3,303,10,5,5,NaN,NaN,NaN,10,4,6,NaN,NaN,NaN
2354.0336,0,-10.1789,3,3.5218,19,-3,303,9,4,6,NaN,NaN,NaN,9,3,7,NaN,NaN,NaN
2443.9384,0,-10.4491,3,2.6803,17,-3,303,8,1,7,NaN,NaN,NaN,8,0,8,NaN,NaN,NaN
2454.5215,0,-10.2425,3,3.44,19,-3,303,9,3,7,NaN,NaN,NaN,9,2,8,NaN,NaN,NaN
2461.2756,0,-10.1505,3,3.6087,19,-3,303,9,5,4,NaN,NaN,NaN,9,4,5,NaN,NaN,NaN
2491.3544,0,-10.3388,3,8.3178,29,-3,303,14,6,8,NaN,NaN,NaN,14,5,9,NaN,NaN,NaN
2512.8805,0,-10.4278,3,2.6804,17,-3,303,8,2,7,NaN,NaN,NaN,8,1,8,NaN,NaN,NaN
2517.0924,0,-10.3662,3,8.1703,29,-3,303,14,4,10,NaN,NaN,NaN,14,3,11,NaN,NaN,NaN
2519.3147,0,-10.1641,3,4.2809,21,-3,303,10,4,7,NaN,NaN,NaN,10,3,8,NaN,NaN,NaN
2544.2136,0,-10.428,3,0,3,-3,303,1,1,1,NaN,NaN,NaN,0,0,0,NaN,NaN,NaN
2556.0985,0,-10.2678,3,4.1886,21,-3,303,10,2,8,NaN,NaN,NaN,10,1,9,NaN,NaN,NaN
2572.8599,0,-10.2679,3,6.0191,25,-3,303,12,3,9,NaN,NaN,NaN,12,2,10,NaN,NaN,NaN
2584.7778,0,-10.133,3,2.9156,17,-3,303,8,5,3,NaN,NaN,NaN,8,4,4,NaN,NaN,NaN
2660.1254,0,-10.161,3,2.3014,15,-3,303,7,5,2,NaN,NaN,NaN,7,4,3,NaN,NaN,NaN
2687.0257,0,-10.105,3,2.912,17,-3,303,8,5,4,NaN,NaN,NaN,8,4,5,NaN,NaN,NaN
2688.8247,0,-10.0895,3,3.6003,19,-3,303,9,5,5,NaN,NaN,NaN,9,4,6,NaN,NaN,NaN
2697.9481,0,-10.1505,3,2.3001,15,-3,303,7,5,3,NaN,NaN,NaN,7,4,4,NaN,NaN,NaN
2701.429,0,-10.2526,3,1.7654,13,-3,303,6,5,1,NaN,NaN,NaN,6,4,2,NaN,NaN,NaN
2712.4734,0,-10.2495,3,1.765,13,-3,303,6,5,2,NaN,NaN,NaN,6,4,3,NaN,NaN,NaN
2714.9278,0,-10.0927,3,4.3649,21,-3,303,10,5,6,NaN,NaN,NaN,10,4,7,NaN,NaN,NaN
2720.3671,0,-10.2249,3,7.2331,27,-3,303,13,6,7,NaN,NaN,NaN,13,5,8,NaN,NaN,NaN
2722.7859,0,-10.475,3,1.3067,11,-3,303,5,5,0,NaN,NaN,NaN,5,4,1,NaN,NaN,NaN
2725.095,0,-10.4744,3,1.3066,11,-3,303,5,5,1,NaN,NaN,NaN,5,4,2,NaN,NaN,NaN
2733.991,0,-10.1583,3,5.1141,23,-3,303,11,4,8,NaN,NaN,NaN,11,3,9,NaN,NaN,NaN
2751.9454,0,-10.2132,3,4.1891,21,-3,303,10,3,8,NaN,NaN,NaN,10,2,9,NaN,NaN,NaN
2777.1458,0,-10.108,3,5.2053,23,-3,303,11,5,7,NaN,NaN,NaN,11,4,8,NaN,NaN,NaN
2815.9526,0,-10.3952,3,3.3449,19,-3,303,9,1,8,NaN,NaN,NaN,9,0,9,NaN,NaN,NaN
2849.5695,0,-10.3858,3,3.3449,19,-3,303,9,2,8,NaN,NaN,NaN,9,1,9,NaN,NaN,NaN
2885.0105,0,-10.1315,3,6.1209,25,-3,303,12,5,8,NaN,NaN,NaN,12,4,9,NaN,NaN,NaN
2928.7553,0,-10.1277,3,6.2282,25,-3,303,12,6,6,NaN,NaN,NaN,12,5,7,NaN,NaN,NaN
2965.7028,0,-10.2266,3,5.0114,23,-3,303,11,2,9,NaN,NaN,NaN,11,1,10,NaN,NaN,NaN
2993.0073,0,-10.1618,3,6.021,25,-3,303,12,4,9,NaN,NaN,NaN,12,3,10,NaN,NaN,NaN
3028.0005,0,-10.2375,3,7.0005,27,-3,303,13,3,10,NaN,NaN,NaN,13,2,11,NaN,NaN,NaN
3043.8134,0,-10.1612,3,7.1111,27,-3,303,13,5,9,NaN,NaN,NaN,13,4,10,NaN,NaN,NaN
3073.2504,0,-10.1991,3,5.0116,23,-3,303,11,3,9,NaN,NaN,NaN,11,2,10,NaN,NaN,NaN
3086.1418,0,-10.0569,3,5.3032,23,-3,303,11,6,5,NaN,NaN,NaN,11,5,6,NaN,NaN,NaN
3177.6824,0,-10.3667,3,4.0826,21,-3,303,10,1,9,NaN,NaN,NaN,10,0,10,NaN,NaN,NaN
3190.5237,0,-10.0171,3,4.4577,21,-3,303,10,6,4,NaN,NaN,NaN,10,5,5,NaN,NaN,NaN
3193.2449,0,-10.3628,3,4.0826,21,-3,303,10,2,9,NaN,NaN,NaN,10,1,10,NaN,NaN,NaN
3222.6478,0,-10.0595,3,6.2171,25,-3,303,12,6,7,NaN,NaN,NaN,12,5,8,NaN,NaN,NaN
3230.5113,0,-10.0229,3,5.2979,23,-3,303,11,6,6,NaN,NaN,NaN,11,5,7,NaN,NaN,NaN
3240.0011,0,-10.1078,3,7.2127,27,-3,303,13,6,8,NaN,NaN,NaN,13,5,9,NaN,NaN,NaN
3251.8973,0,-10.0025,3,4.4555,21,-3,303,10,6,5,NaN,NaN,NaN,10,5,6,NaN,NaN,NaN
3253.6789,0,-10.197,3,8.1756,29,-3,303,14,5,10,NaN,NaN,NaN,14,4,11,NaN,NaN,NaN
3255.0309,0,-10.0104,3,3.6908,19,-3,303,9,6,3,NaN,NaN,NaN,9,5,4,NaN,NaN,NaN
3277.3888,0,-10.0051,3,3.69,19,-3,303,9,6,4,NaN,NaN,NaN,9,5,5,NaN,NaN,NaN
3287.9437,0,-10.1759,3,7.0015,27,-3,303,13,4,10,NaN,NaN,NaN,13,3,11,NaN,NaN,NaN
3294.0986,0,-10.0427,3,3.0018,17,-3,303,8,6,2,NaN,NaN,NaN,8,5,3,NaN,NaN,NaN
3294.472,0,-10.1643,3,8.2842,29,-3,303,14,6,9,NaN,NaN,NaN,14,5,10,NaN,NaN,NaN
3300.9035,0,-10.0411,3,3.0016,17,-3,303,8,6,3,NaN,NaN,NaN,8,5,4,NaN,NaN,NaN
3317.9275,0,-10.1335,3,2.3902,15,-3,303,7,6,1,NaN,NaN,NaN,7,5,2,NaN,NaN,NaN
3319.5702,0,-10.1331,3,2.3901,15,-3,303,7,6,2,NaN,NaN,NaN,7,5,3,NaN,NaN,NaN
3332.5485,0,-10.3534,3,1.8555,13,-3,303,6,6,0,NaN,NaN,NaN,6,5,1,NaN,NaN,NaN
3332.8311,0,-10.3533,3,1.8555,13,-3,303,6,6,1,NaN,NaN,NaN,6,5,2,NaN,NaN,NaN
3354.713,0,-10.2132,3,5.9072,25,-3,303,12,2,10,NaN,NaN,NaN,12,1,11,NaN,NaN,NaN
3409.8039,0,-10.2003,3,5.9073,25,-3,303,12,3,10,NaN,NaN,NaN,12,2,11,NaN,NaN,NaN
3461.5838,0,-10.2342,3,8.0548,29,-3,303,14,3,11,NaN,NaN,NaN,14,2,12,NaN,NaN,NaN
3533.4175,0,-10.3588,3,4.8935,23,-3,303,11,1,10,NaN,NaN,NaN,11,0,11,NaN,NaN,NaN
3540.3503,0,-10.3572,3,4.8935,23,-3,303,11,2,10,NaN,NaN,NaN,11,1,11,NaN,NaN,NaN
3570.6072,0,-10.1295,3,8.4009,29,-3,303,14,7,7,NaN,NaN,NaN,14,6,8,NaN,NaN,NaN
3609.0758,0,-10.2017,3,8.0552,29,-3,303,14,4,11,NaN,NaN,NaN,14,3,12,NaN,NaN,NaN
3702.281,0,-10.0445,3,7.3239,27,-3,303,13,7,6,NaN,NaN,NaN,13,6,7,NaN,NaN,NaN
3728.2303,0,-10.2224,3,6.8762,27,-3,303,13,2,11,NaN,NaN,NaN,13,1,12,NaN,NaN,NaN
3755.0347,0,-10.2166,3,6.8762,27,-3,303,13,3,11,NaN,NaN,NaN,13,2,12,NaN,NaN,NaN
3756.2554,0,-10.0909,3,8.3941,29,-3,303,14,7,8,NaN,NaN,NaN,14,6,9,NaN,NaN,NaN
3787.8824,0,-10.0267,3,7.3208,27,-3,303,13,7,7,NaN,NaN,NaN,13,6,8,NaN,NaN,NaN
3789.2489,0,-9.9849,3,6.3259,25,-3,303,12,7,5,NaN,NaN,NaN,12,6,6,NaN,NaN,NaN
3824.2914,0,-9.9777,3,6.3246,25,-3,303,12,7,6,NaN,NaN,NaN,12,6,7,NaN,NaN,NaN
3846.3115,0,-9.9503,3,5.4061,23,-3,303,11,7,4,NaN,NaN,NaN,11,6,5,NaN,NaN,NaN
3858.9535,0,-9.9477,3,5.4057,23,-3,303,11,7,5,NaN,NaN,NaN,11,6,6,NaN,NaN,NaN
3884.4899,0,-9.9432,3,4.5641,21,-3,303,10,7,3,NaN,NaN,NaN,10,6,4,NaN,NaN,NaN
3885.9272,0,-10.3682,3,5.7776,25,-3,303,12,1,11,NaN,NaN,NaN,12,0,12,NaN,NaN,NaN
3888.4372,0,-9.9424,3,4.564,21,-3,303,10,7,4,NaN,NaN,NaN,10,6,5,NaN,NaN,NaN
3888.9254,0,-10.3676,3,5.7776,25,-3,303,12,2,11,NaN,NaN,NaN,12,1,12,NaN,NaN,NaN
3910.6114,0,-9.9718,3,3.7994,19,-3,303,9,7,2,NaN,NaN,NaN,9,6,3,NaN,NaN,NaN
3911.6439,0,-9.9716,3,3.7994,19,-3,303,9,7,3,NaN,NaN,NaN,9,6,4,NaN,NaN,NaN
3928.6459,0,-10.0575,3,3.1117,17,-3,303,8,7,1,NaN,NaN,NaN,8,6,2,NaN,NaN,NaN
3928.8595,0,-10.0575,3,3.1117,17,-3,303,8,7,2,NaN,NaN,NaN,8,6,3,NaN,NaN,NaN
3940.9607,0,-10.2727,3,2.5008,15,-3,303,7,7,0,NaN,NaN,NaN,7,6,1,NaN,NaN,NaN
3940.992,0,-10.2727,3,2.5008,15,-3,303,7,7,1,NaN,NaN,NaN,7,6,2,NaN,NaN,NaN
4092.0582,0,-10.25,3,7.9183,29,-3,303,14,2,12,NaN,NaN,NaN,14,1,13,NaN,NaN,NaN
4104.6007,0,-10.2475,3,7.9183,29,-3,303,14,3,12,NaN,NaN,NaN,14,2,13,NaN,NaN,NaN
4236.7335,0,-10.3928,3,6.7349,27,-3,303,13,1,12,NaN,NaN,NaN,13,0,13,NaN,NaN,NaN
4237.9996,0,-10.3926,3,6.7349,27,-3,303,13,2,12,NaN,NaN,NaN,13,1,13,NaN,NaN,NaN
4279.3733,0,-10.1314,3,0.0849,5,-3,303,2,0,2,NaN,NaN,NaN,1,1,1,NaN,NaN,NaN
4382.2941,0,-10.0216,3,8.52,29,-3,303,14,8,6,NaN,NaN,NaN,14,7,7,NaN,NaN,NaN
4401.6414,0,-10.0181,3,8.5193,29,-3,303,14,8,7,NaN,NaN,NaN,14,7,8,NaN,NaN,NaN
4434.9875,0,-9.9624,3,7.4473,27,-3,303,13,8,5,NaN,NaN,NaN,13,7,6,NaN,NaN,NaN
4441.9227,0,-9.9611,3,7.4471,27,-3,303,13,8,6,NaN,NaN,NaN,13,7,7,NaN,NaN,NaN
4473.2128,0,-9.9244,3,6.4522,25,-3,303,12,8,4,NaN,NaN,NaN,12,7,5,NaN,NaN,NaN
4475.4162,0,-9.924,3,6.4522,25,-3,303,12,8,5,NaN,NaN,NaN,12,7,6,NaN,NaN,NaN
4501.4697,0,-9.912,3,5.5344,23,-3,303,11,8,3,NaN,NaN,NaN,11,7,4,NaN,NaN,NaN
4502.0764,0,-9.9119,3,5.5344,23,-3,303,11,8,4,NaN,NaN,NaN,11,7,5,NaN,NaN,NaN
4522.4563,0,-9.9346,3,4.6937,21,-3,303,10,8,2,NaN,NaN,NaN,10,7,3,NaN,NaN,NaN
4522.596,0,-9.9346,3,4.6937,21,-3,303,10,8,3,NaN,NaN,NaN,10,7,4,NaN,NaN,NaN
4537.9033,0,-10.0143,3,3.9298,19,-3,303,9,8,1,NaN,NaN,NaN,9,7,2,NaN,NaN,NaN
4537.9287,0,-10.0142,3,3.9298,19,-3,303,9,8,2,NaN,NaN,NaN,9,7,3,NaN,NaN,NaN
4549.0371,0,-10.2238,3,3.2427,17,-3,303,8,8,0,NaN,NaN,NaN,8,7,1,NaN,NaN,NaN
4549.0404,0,-10.2238,3,3.2427,17,-3,303,8,8,1,NaN,NaN,NaN,8,7,2,NaN,NaN,NaN
4586.6172,0,-10.4313,3,7.7653,29,-3,303,14,1,13,NaN,NaN,NaN,14,0,14,NaN,NaN,NaN
4587.1416,0,-10.4313,3,7.7653,29,-3,303,14,2,13,NaN,NaN,NaN,14,1,14,NaN,NaN,NaN
4609.8007,0,-10.9863,3,2.7618,17,-3,303,8,4,4,NaN,NaN,NaN,8,1,7,NaN,NaN,NaN
4738.393,0,-9.7235,3,0.0761,5,-3,303,2,1,2,NaN,NaN,NaN,1,0,1,NaN,NaN,NaN
5060.761,0,-9.9717,3,8.6662,29,-3,303,14,9,5,NaN,NaN,NaN,14,8,6,NaN,NaN,NaN
5061.9586,0,-9.9715,3,8.6662,29,-3,303,14,9,6,NaN,NaN,NaN,14,8,7,NaN,NaN,NaN
5090.9728,0,-9.9277,3,7.5953,27,-3,303,13,9,4,NaN,NaN,NaN,13,8,5,NaN,NaN,NaN
5091.3145,0,-9.9276,3,7.5953,27,-3,303,13,9,5,NaN,NaN,NaN,13,8,6,NaN,NaN,NaN
5094.188,0,-10.9974,3,3.4388,19,-3,303,9,4,5,NaN,NaN,NaN,9,1,8,NaN,NaN,NaN
5114.5229,0,-9.9087,3,6.6015,25,-3,303,12,9,3,NaN,NaN,NaN,12,8,4,NaN,NaN,NaN
5114.6073,0,-9.9087,3,6.6015,25,-3,303,12,9,4,NaN,NaN,NaN,12,8,5,NaN,NaN,NaN
5132.7372,0,-9.9246,3,5.6846,23,-3,303,11,9,2,NaN,NaN,NaN,11,8,3,NaN,NaN,NaN
5132.7546,0,-9.9246,3,5.6846,23,-3,303,11,9,3,NaN,NaN,NaN,11,8,4,NaN,NaN,NaN
5146.6176,0,-9.9977,3,4.8445,21,-3,303,10,9,1,NaN,NaN,NaN,10,8,2,NaN,NaN,NaN
5146.6204,0,-9.9977,3,4.8445,21,-3,303,10,9,2,NaN,NaN,NaN,10,8,3,NaN,NaN,NaN
5156.9753,0,-10.2012,3,4.0812,19,-3,303,9,9,0,NaN,NaN,NaN,9,8,1,NaN,NaN,NaN
5156.9756,0,-10.2012,3,4.0812,19,-3,303,9,9,1,NaN,NaN,NaN,9,8,2,NaN,NaN,NaN
5426.2951,0,-10.9954,3,3.5098,19,-3,303,9,5,4,NaN,NaN,NaN,9,2,7,NaN,NaN,NaN
5438.4616,0,-9.6062,3,0.0877,5,-3,303,2,2,1,NaN,NaN,NaN,1,1,0,NaN,NaN,NaN
5511.5314,0,-10.851,3,4.2738,21,-3,303,10,5,5,NaN,NaN,NaN,10,2,8,NaN,NaN,NaN
5542.7506,0,-9.6582,3,0.0849,5,-3,303,2,2,0,NaN,NaN,NaN,1,1,1,NaN,NaN,NaN
5633.7219,0,-10.7275,3,0.2698,7,-3,303,3,1,3,NaN,NaN,NaN,2,2,0,NaN,NaN,NaN
5705.2425,0,-9.9548,3,8.835,29,-3,303,14,10,4,NaN,NaN,NaN,14,9,5,NaN,NaN,NaN
5705.291,0,-9.9548,3,8.835,29,-3,303,14,10,5,NaN,NaN,NaN,14,9,6,NaN,NaN,NaN
5725.8978,0,-9.9288,3,7.7651,27,-3,303,13,10,3,NaN,NaN,NaN,13,9,4,NaN,NaN,NaN
5725.9087,0,-9.9288,3,7.7651,27,-3,303,13,10,4,NaN,NaN,NaN,13,9,5,NaN,NaN,NaN
5742.2639,0,-9.9377,3,6.7721,25,-3,303,12,10,2,NaN,NaN,NaN,12,9,3,NaN,NaN,NaN
5742.2659,0,-9.9377,3,6.7721,25,-3,303,12,10,3,NaN,NaN,NaN,12,9,4,NaN,NaN,NaN
5755.0419,0,-10.004,3,5.8558,23,-3,303,11,10,1,NaN,NaN,NaN,11,9,2,NaN,NaN,NaN
5755.0422,0,-10.004,3,5.8558,23,-3,303,11,10,2,NaN,NaN,NaN,11,9,3,NaN,NaN,NaN
5764.8344,0,-10.2011,3,5.0162,21,-3,303,10,10,0,NaN,NaN,NaN,10,9,1,NaN,NaN,NaN
5764.8345,0,-10.2011,3,5.0162,21,-3,303,10,10,1,NaN,NaN,NaN,10,9,2,NaN,NaN,NaN
5783.4152,0,-10.8112,3,5.1103,23,-3,303,11,5,6,NaN,NaN,NaN,11,2,9,NaN,NaN,NaN
6167.288,0,-10.2506,3,0.2692,7,-3,303,3,1,2,NaN,NaN,NaN,2,2,1,NaN,NaN,NaN
6267.3939,0,-10.8654,3,6.0191,25,-3,303,12,5,7,NaN,NaN,NaN,12,2,10,NaN,NaN,NaN
6336.3234,0,-9.9696,3,9.0253,29,-3,303,14,11,3,NaN,NaN,NaN,14,10,4,NaN,NaN,NaN
6336.3247,0,-9.9696,3,9.0253,29,-3,303,14,11,4,NaN,NaN,NaN,14,10,5,NaN,NaN,NaN
6351.3331,0,-9.9713,3,7.9561,27,-3,303,13,11,2,NaN,NaN,NaN,13,10,3,NaN,NaN,NaN
6351.3333,0,-9.9713,3,7.9561,27,-3,303,13,11,3,NaN,NaN,NaN,13,10,4,NaN,NaN,NaN
6363.2822,0,-10.0307,3,6.9636,25,-3,303,12,11,1,NaN,NaN,NaN,12,10,2,NaN,NaN,NaN
6363.2822,0,-10.0307,3,6.9636,25,-3,303,12,11,2,NaN,NaN,NaN,12,10,3,NaN,NaN,NaN
6372.6421,0,-10.2211,3,6.0478,23,-3,303,11,11,0,NaN,NaN,NaN,11,10,1,NaN,NaN,NaN
6372.6421,0,-10.2211,3,6.0478,23,-3,303,11,11,1,NaN,NaN,NaN,11,10,2,NaN,NaN,NaN
6579.0009,0,-9.4145,3,0.2341,7,-3,303,3,0,3,NaN,NaN,NaN,2,1,2,NaN,NaN,NaN
6623.2892,0,-10.8874,3,6.1049,25,-3,303,12,6,6,NaN,NaN,NaN,12,3,9,NaN,NaN,NaN
6664.7414,0,-10.8106,3,7.1015,27,-3,303,13,6,7,NaN,NaN,NaN,13,3,10,NaN,NaN,NaN
6897.0992,0,-9.2634,3,0.2276,7,-3,303,3,1,3,NaN,NaN,NaN,2,0,2,NaN,NaN,NaN
6914.9617,0,-10.819,3,8.1703,29,-3,303,14,6,8,NaN,NaN,NaN,14,3,11,NaN,NaN,NaN
6960.0945,0,-10.0234,3,9.2367,29,-3,303,14,12,2,NaN,NaN,NaN,14,11,3,NaN,NaN,NaN
6960.0945,0,-10.0234,3,9.2367,29,-3,303,14,12,3,NaN,NaN,NaN,14,11,4,NaN,NaN,NaN
6971.3961,0,-10.0757,3,8.168,27,-3,303,13,12,1,NaN,NaN,NaN,13,11,2,NaN,NaN,NaN
6971.3961,0,-10.0757,3,8.168,27,-3,303,13,12,2,NaN,NaN,NaN,13,11,3,NaN,NaN,NaN
6972.3748,0,-10.9933,3,7.0005,27,-3,303,13,5,8,NaN,NaN,NaN,13,2,11,NaN,NaN,NaN
6980.414,0,-10.2593,3,7.1759,25,-3,303,12,12,0,NaN,NaN,NaN,12,11,1,NaN,NaN,NaN
6980.414,0,-10.2593,3,7.1759,25,-3,303,12,12,1,NaN,NaN,NaN,12,11,2,NaN,NaN,NaN
7560.9495,0,-10.4262,3,0.549,9,-3,303,4,2,3,NaN,NaN,NaN,3,3,0,NaN,NaN,NaN
7579.4194,0,-10.1378,3,9.4688,29,-3,303,14,13,1,NaN,NaN,NaN,14,12,2,NaN,NaN,NaN
7579.4194,0,-10.1378,3,9.4688,29,-3,303,14,13,2,NaN,NaN,NaN,14,12,3,NaN,NaN,NaN
7588.16,0,-10.3144,3,8.4005,27,-3,303,13,13,0,NaN,NaN,NaN,13,12,1,NaN,NaN,NaN
7588.16,0,-10.3144,3,8.4005,27,-3,303,13,13,1,NaN,NaN,NaN,13,12,2,NaN,NaN,NaN
7632.6409,0,-9.286,3,0.2428,7,-3,303,3,2,2,NaN,NaN,NaN,2,1,1,NaN,NaN,NaN
7644.495,0,-10.364,3,0.5002,9,-3,303,4,1,4,NaN,NaN,NaN,3,2,1,NaN,NaN,NaN
7794.5881,0,-10.3372,3,0.5489,9,-3,303,4,2,2,NaN,NaN,NaN,3,3,1,NaN,NaN,NaN
7976.8196,0,-9.4656,3,0.2341,7,-3,303,3,2,1,NaN,NaN,NaN,2,1,2,NaN,NaN,NaN
8195.8868,0,-10.3852,3,9.7217,29,-3,303,14,14,0,NaN,NaN,NaN,14,13,1,NaN,NaN,NaN
8195.8868,0,-10.3852,3,9.7217,29,-3,303,14,14,1,NaN,NaN,NaN,14,13,2,NaN,NaN,NaN
8368.1826,0,-9.05,3,0.2698,7,-3,303,3,3,1,NaN,NaN,NaN,2,2,0,NaN,NaN,NaN
8388.5324,0,-9.0516,3,0.2692,7,-3,303,3,3,0,NaN,NaN,NaN,2,2,1,NaN,NaN,NaN
8576.6788,0,-9.5581,3,0.4974,9,-3,303,4,1,3,NaN,NaN,NaN,3,2,2,NaN,NaN,NaN
8852.9447,0,-8.9674,3,0.4577,9,-3,303,4,0,4,NaN,NaN,NaN,3,1,3,NaN,NaN,NaN
9042.3136,0,-8.9148,3,0.4536,9,-3,303,4,1,4,NaN,NaN,NaN,3,0,3,NaN,NaN,NaN
9321.0946,0,-10.3505,3,0.925,11,-3,303,5,3,3,NaN,NaN,NaN,4,4,0,NaN,NaN,NaN
9383.3055,0,-10.3385,3,0.9249,11,-3,303,5,3,2,NaN,NaN,NaN,4,4,1,NaN,NaN,NaN
9519.2021,0,-10.3023,3,0.8089,11,-3,303,5,1,5,NaN,NaN,NaN,4,2,2,NaN,NaN,NaN
9757.9226,0,-9.9201,3,0.8547,11,-3,303,5,2,4,NaN,NaN,NaN,4,3,1,NaN,NaN,NaN
9782.1939,0,-9.0291,3,0.4749,9,-3,303,4,2,3,NaN,NaN,NaN,3,1,2,NaN,NaN,NaN
10243.0498,0,-9.7194,3,0.8542,11,-3,303,5,2,3,NaN,NaN,NaN,4,3,2,NaN,NaN,NaN
10529.0488,0,-9.408,3,0.4577,9,-3,303,4,2,2,NaN,NaN,NaN,3,1,3,NaN,NaN,NaN
10611.3268,0,-8.8809,3,0.5002,9,-3,303,4,3,2,NaN,NaN,NaN,3,2,1,NaN,NaN,NaN
10712.8383,0,-8.8935,3,0.4974,9,-3,303,4,3,1,NaN,NaN,NaN,3,2,2,NaN,NaN,NaN
10983.4894,0,-9.0904,3,0.8012,11,-3,303,5,1,4,NaN,NaN,NaN,4,2,3,NaN,NaN,NaN
11016.2755,0,-10.3317,3,1.3975,13,-3,303,6,4,3,NaN,NaN,NaN,5,5,0,NaN,NaN,NaN
11027.6312,0,-10.3303,3,1.3975,13,-3,303,6,4,2,NaN,NaN,NaN,5,5,1,NaN,NaN,NaN
11096.3595,0,-8.6606,3,0.7552,11,-3,303,5,0,5,NaN,NaN,NaN,4,1,4,NaN,NaN,NaN
11195.3061,0,-8.6431,3,0.753,11,-3,303,5,1,5,NaN,NaN,NaN,4,0,4,NaN,NaN,NaN
11250.2443,0,-10.3816,3,1.1958,13,-3,303,6,1,6,NaN,NaN,NaN,5,2,3,NaN,NaN,NaN
11271.5838,0,-8.6746,3,0.549,9,-3,303,4,4,1,NaN,NaN,NaN,3,3,0,NaN,NaN,NaN
11274.2431,0,-8.6746,3,0.5489,9,-3,303,4,4,0,NaN,NaN,NaN,3,3,1,NaN,NaN,NaN
11606.7651,0,-9.8191,3,1.3067,13,-3,303,6,3,4,NaN,NaN,NaN,5,4,1,NaN,NaN,NaN
11768.5642,0,-10.9845,3,1.765,15,-3,303,7,1,6,NaN,NaN,NaN,6,4,3,NaN,NaN,NaN
11778.0307,0,-9.7851,3,1.3066,13,-3,303,6,3,3,NaN,NaN,NaN,5,4,2,NaN,NaN,NaN
11843.4769,0,-10.9639,3,1.6939,15,-3,303,7,0,7,NaN,NaN,NaN,6,3,4,NaN,NaN,NaN
11873.5089,0,-9.681,3,1.2379,13,-3,303,6,2,5,NaN,NaN,NaN,5,3,2,NaN,NaN,NaN
11894.082,0,-8.8084,3,0.7834,11,-3,303,5,2,4,NaN,NaN,NaN,4,1,3,NaN,NaN,NaN
12009.1455,0,-10.5351,3,0.4536,9,-3,303,4,3,2,NaN,NaN,NaN,3,0,3,NaN,NaN,NaN
12695.3049,0,-10.3367,3,1.9666,15,-3,303,7,5,3,NaN,NaN,NaN,6,6,0,NaN,NaN,NaN
12696.9815,0,-10.3365,3,1.9666,15,-3,303,7,5,2,NaN,NaN,NaN,6,6,1,NaN,NaN,NaN
12729.17,0,-9.2943,3,1.2359,13,-3,303,6,2,4,NaN,NaN,NaN,5,3,3,NaN,NaN,NaN
12800.7496,0,-8.7527,3,0.8089,11,-3,303,5,3,3,NaN,NaN,NaN,4,2,2,NaN,NaN,NaN
12850.6384,0,-10.5138,3,1.6605,15,-3,303,7,1,7,NaN,NaN,NaN,6,2,4,NaN,NaN,NaN
13093.9399,0,-8.8044,3,0.8012,11,-3,303,5,3,2,NaN,NaN,NaN,4,2,3,NaN,NaN,NaN
13209.8817,0,-9.4308,3,0.7552,11,-3,303,5,2,3,NaN,NaN,NaN,4,1,4,NaN,NaN,NaN
13316.807,0,-8.4384,3,1.1264,13,-3,303,6,0,6,NaN,NaN,NaN,5,1,5,NaN,NaN,NaN
13329.9053,0,-9.8111,3,1.8555,15,-3,303,7,4,4,NaN,NaN,NaN,6,5,1,NaN,NaN,NaN
13362.8443,0,-8.7464,3,1.1802,13,-3,303,6,1,5,NaN,NaN,NaN,5,2,4,NaN,NaN,NaN
13363.7664,0,-8.4325,3,1.1253,13,-3,303,6,1,6,NaN,NaN,NaN,5,0,5,NaN,NaN,NaN
13369.6872,0,-9.8063,3,1.8555,15,-3,303,7,4,3,NaN,NaN,NaN,6,5,2,NaN,NaN,NaN
13548.0543,0,-8.562,3,0.8547,11,-3,303,5,4,2,NaN,NaN,NaN,4,3,1,NaN,NaN,NaN
13565.9094,0,-10.8974,3,2.2278,17,-3,303,8,0,8,NaN,NaN,NaN,7,3,5,NaN,NaN,NaN
13566.7259,0,-8.5624,3,0.8542,11,-3,303,5,4,1,NaN,NaN,NaN,4,3,2,NaN,NaN,NaN
13842.2813,0,-10.6504,3,2.3001,17,-3,303,8,1,7,NaN,NaN,NaN,7,4,4,NaN,NaN,NaN
13863.7679,0,-9.5112,3,1.7654,15,-3,303,7,3,5,NaN,NaN,NaN,6,4,2,NaN,NaN,NaN
13869.7146,0,-9.615,3,1.6995,15,-3,303,7,2,6,NaN,NaN,NaN,6,3,3,NaN,NaN,NaN
13983.9593,0,-8.6114,3,1.1675,13,-3,303,6,2,5,NaN,NaN,NaN,5,1,4,NaN,NaN,NaN
14167.1488,0,-8.4081,3,0.925,11,-3,303,5,5,1,NaN,NaN,NaN,4,4,0,NaN,NaN,NaN
14167.439,0,-8.4081,3,0.9249,11,-3,303,5,5,0,NaN,NaN,NaN,4,4,1,NaN,NaN,NaN
14239.6768,0,-9.4269,3,1.765,15,-3,303,7,3,4,NaN,NaN,NaN,6,4,3,NaN,NaN,NaN
14346.4218,0,-10.6501,3,2.2019,17,-3,303,8,1,8,NaN,NaN,NaN,7,2,5,NaN,NaN,NaN
14372.2312,0,-10.3588,3,2.6323,17,-3,303,8,6,3,NaN,NaN,NaN,7,7,0,NaN,NaN,NaN
14372.4482,0,-10.3588,3,2.6323,17,-3,303,8,6,2,NaN,NaN,NaN,7,7,1,NaN,NaN,NaN
14476.8536,0,-10.0913,3,0.753,11,-3,303,5,3,3,NaN,NaN,NaN,4,0,4,NaN,NaN,NaN
14930.4412,0,-8.6449,3,1.1958,13,-3,303,6,3,4,NaN,NaN,NaN,5,2,3,NaN,NaN,NaN
15012.2883,0,-9.8329,3,2.5008,17,-3,303,8,5,4,NaN,NaN,NaN,7,6,1,NaN,NaN,NaN
15019.3416,0,-9.8323,3,2.5008,17,-3,303,8,5,3,NaN,NaN,NaN,7,6,2,NaN,NaN,NaN
15216.6913,0,-10.8909,3,2.8373,19,-3,303,9,0,9,NaN,NaN,NaN,8,3,6,NaN,NaN,NaN
15229.4821,0,-8.9597,3,1.6939,15,-3,303,7,2,5,NaN,NaN,NaN,6,3,4,NaN,NaN,NaN
15236.3757,0,-10.8545,3,3.0016,19,-3,303,9,2,7,NaN,NaN,NaN,8,5,4,NaN,NaN,NaN
15523.6738,0,-8.2718,3,1.5711,15,-3,303,7,0,7,NaN,NaN,NaN,6,1,6,NaN,NaN,NaN
15544.5489,0,-8.2698,3,1.5706,15,-3,303,7,1,7,NaN,NaN,NaN,6,0,6,NaN,NaN,NaN
15568.1625,0,-8.7862,3,1.1802,13,-3,303,6,3,3,NaN,NaN,NaN,5,2,4,NaN,NaN,NaN
15643.1901,0,-9.4963,3,2.3902,17,-3,303,8,4,5,NaN,NaN,NaN,7,5,2,NaN,NaN,NaN
15684.2138,0,-10.7574,3,0.7834,11,-3,303,5,4,2,NaN,NaN,NaN,4,1,3,NaN,NaN,NaN
15695.4644,0,-8.4947,3,1.634,15,-3,303,7,1,6,NaN,NaN,NaN,6,2,5,NaN,NaN,NaN
15716.8113,0,-9.6773,3,2.24,17,-3,303,8,2,7,NaN,NaN,NaN,7,3,4,NaN,NaN,NaN
15754.1339,0,-9.4827,3,2.3901,17,-3,303,8,4,4,NaN,NaN,NaN,7,5,3,NaN,NaN,NaN
15773.1558,0,-10.7683,3,2.8188,19,-3,303,9,1,9,NaN,NaN,NaN,8,2,6,NaN,NaN,NaN
15794.2329,0,-10.4737,3,2.912,19,-3,303,9,1,8,NaN,NaN,NaN,8,4,5,NaN,NaN,NaN
15800.409,0,-8.4826,3,1.2379,13,-3,303,6,4,3,NaN,NaN,NaN,5,3,2,NaN,NaN,NaN
15873.6855,0,-8.4856,3,1.2359,13,-3,303,6,4,2,NaN,NaN,NaN,5,3,3,NaN,NaN,NaN
16010.7175,0,-9.4871,3,1.1264,13,-3,303,6,2,4,NaN,NaN,NaN,5,1,5,NaN,NaN,NaN
16049.484,0,-10.3962,3,3.3945,19,-3,303,9,7,3,NaN,NaN,NaN,8,8,0,NaN,NaN,NaN
16049.5097,0,-10.3962,3,3.3945,19,-3,303,9,7,2,NaN,NaN,NaN,8,8,1,NaN,NaN,NaN
16064.9046,0,-9.3341,3,2.3014,17,-3,303,8,3,6,NaN,NaN,NaN,7,4,3,NaN,NaN,NaN
16075.0328,0,-8.4374,3,1.6259,15,-3,303,7,2,6,NaN,NaN,NaN,6,1,5,NaN,NaN,NaN
16451.5349,0,-8.3315,3,1.3067,13,-3,303,6,5,2,NaN,NaN,NaN,5,4,1,NaN,NaN,NaN
16454.1552,0,-8.3315,3,1.3066,13,-3,303,6,5,1,NaN,NaN,NaN,5,4,2,NaN,NaN,NaN
16686.8773,0,-9.8714,3,3.2427,19,-3,303,9,6,4,NaN,NaN,NaN,8,7,1,NaN,NaN,NaN
16687.9386,0,-9.8713,3,3.2427,19,-3,303,9,6,3,NaN,NaN,NaN,8,7,2,NaN,NaN,NaN
16764.0805,0,-9.152,3,2.3001,17,-3,303,8,3,5,NaN,NaN,NaN,7,4,4,NaN,NaN,NaN
16811.2035,0,-10.9205,3,3.5218,21,-3,303,10,0,10,NaN,NaN,NaN,9,3,7,NaN,NaN,NaN
17008.2833,0,-8.5437,3,1.6605,15,-3,303,7,3,5,NaN,NaN,NaN,6,2,4,NaN,NaN,NaN
17043.9633,0,-9.8467,3,1.1253,13,-3,303,6,3,4,NaN,NaN,NaN,5,0,5,NaN,NaN,NaN
17061.5801,0,-8.2119,3,1.3975,13,-3,303,6,6,1,NaN,NaN,NaN,5,5,0,NaN,NaN,NaN
17061.6088,0,-8.2119,3,1.3975,13,-3,303,6,6,0,NaN,NaN,NaN,5,5,1,NaN,NaN,NaN
17171.6403,0,-10.8653,3,3.5098,21,-3,303,10,1,10,NaN,NaN,NaN,9,2,7,NaN,NaN,NaN
17338.1343,0,-9.5283,3,3.1117,19,-3,303,9,5,5,NaN,NaN,NaN,8,6,2,NaN,NaN,NaN
17361.7672,0,-9.5263,3,3.1117,19,-3,303,9,5,4,NaN,NaN,NaN,8,6,3,NaN,NaN,NaN
17407.6324,0,-9.8194,3,2.8593,19,-3,303,9,2,8,NaN,NaN,NaN,8,3,5,NaN,NaN,NaN
17502.126,0,-10.5047,3,3.69,21,-3,303,10,2,8,NaN,NaN,NaN,9,5,5,NaN,NaN,NaN
17634.8523,0,-10.402,3,3.6003,21,-3,303,10,1,9,NaN,NaN,NaN,9,4,6,NaN,NaN,NaN
17716.5541,0,-8.6871,3,2.2278,17,-3,303,8,2,6,NaN,NaN,NaN,7,3,5,NaN,NaN,NaN
17723.5543,0,-8.1452,3,2.0891,17,-3,303,8,0,8,NaN,NaN,NaN,7,1,7,NaN,NaN,NaN
17727.1875,0,-10.4479,3,4.2532,21,-3,303,10,8,3,NaN,NaN,NaN,9,9,0,NaN,NaN,NaN
17727.1904,0,-10.4479,3,4.2532,21,-3,303,10,8,2,NaN,NaN,NaN,9,9,1,NaN,NaN,NaN
17732.427,0,-8.1446,3,2.0889,17,-3,303,8,1,8,NaN,NaN,NaN,7,0,7,NaN,NaN,NaN
17910.8594,0,-10.186,3,1.1675,13,-3,303,6,4,3,NaN,NaN,NaN,5,1,4,NaN,NaN,NaN
17943.4082,0,-9.2893,3,3.0018,19,-3,303,9,4,6,NaN,NaN,NaN,8,5,3,NaN,NaN,NaN
17978.5966,0,-8.3145,3,2.1621,17,-3,303,8,1,7,NaN,NaN,NaN,7,2,6,NaN,NaN,NaN
18006.0299,0,-8.4319,3,1.6995,15,-3,303,7,4,4,NaN,NaN,NaN,6,3,3,NaN,NaN,NaN
18166.577,0,-8.8324,3,1.634,15,-3,303,7,3,4,NaN,NaN,NaN,6,2,5,NaN,NaN,NaN
18174.1525,0,-9.2651,3,2.9156,19,-3,303,9,3,7,NaN,NaN,NaN,8,4,4,NaN,NaN,NaN
18187.9239,0,-8.292,3,2.1575,17,-3,303,8,2,7,NaN,NaN,NaN,7,1,6,NaN,NaN,NaN
18201.3952,0,-9.2545,3,3.0016,19,-3,303,9,4,5,NaN,NaN,NaN,8,5,4,NaN,NaN,NaN
18214.457,0,-8.4459,3,1.6939,15,-3,303,7,4,3,NaN,NaN,NaN,6,3,4,NaN,NaN,NaN
18361.5668,0,-9.9238,3,4.0812,21,-3,303,10,7,4,NaN,NaN,NaN,9,8,1,NaN,NaN,NaN
18361.7096,0,-9.9238,3,4.0812,21,-3,303,10,7,3,NaN,NaN,NaN,9,8,2,NaN,NaN,NaN
18364.6428,0,-10.9726,3,4.2809,23,-3,303,11,0,11,NaN,NaN,NaN,10,3,8,NaN,NaN,NaN
18498.8263,0,-10.9122,3,4.564,23,-3,303,11,3,8,NaN,NaN,NaN,10,6,5,NaN,NaN,NaN
18576.6304,0,-10.9491,3,4.2738,23,-3,303,11,1,11,NaN,NaN,NaN,10,2,8,NaN,NaN,NaN
18729.2825,0,-8.2789,3,1.7654,15,-3,303,7,5,3,NaN,NaN,NaN,6,4,2,NaN,NaN,NaN
18742.2861,0,-8.2789,3,1.765,15,-3,303,7,5,2,NaN,NaN,NaN,6,4,3,NaN,NaN,NaN
18909.679,0,-9.5466,3,1.5711,15,-3,303,7,2,5,NaN,NaN,NaN,6,1,6,NaN,NaN,NaN
18958.1559,0,-9.9938,3,3.5567,21,-3,303,10,2,9,NaN,NaN,NaN,9,3,6,NaN,NaN,NaN
19011.0329,0,-9.5798,3,3.9298,21,-3,303,10,6,5,NaN,NaN,NaN,9,7,2,NaN,NaN,NaN
19015.1484,0,-9.5796,3,3.9298,21,-3,303,10,6,4,NaN,NaN,NaN,9,7,3,NaN,NaN,NaN
19049.8795,0,-8.4432,3,2.2019,17,-3,303,8,3,6,NaN,NaN,NaN,7,2,5,NaN,NaN,NaN
19155.2329,0,-10.9758,3,1.1264,13,-3,303,6,4,2,NaN,NaN,NaN,5,1,5,NaN,NaN,NaN
19330.1307,0,-8.9199,3,2.912,19,-3,303,9,3,6,NaN,NaN,NaN,8,4,5,NaN,NaN,NaN
19347.4236,0,-8.1625,3,1.8555,15,-3,303,7,6,2,NaN,NaN,NaN,6,5,1,NaN,NaN,NaN
19347.7402,0,-8.1625,3,1.8555,15,-3,303,7,6,1,NaN,NaN,NaN,6,5,2,NaN,NaN,NaN
19378.7456,0,-10.3995,3,4.3649,23,-3,303,11,1,10,NaN,NaN,NaN,10,4,7,NaN,NaN,NaN
19405.2103,0,-10.513,3,5.2085,23,-3,303,11,9,3,NaN,NaN,NaN,10,10,0,NaN,NaN,NaN
19405.2106,0,-10.513,3,5.2085,23,-3,303,11,9,2,NaN,NaN,NaN,10,10,1,NaN,NaN,NaN
19629.5206,0,-10.2969,3,4.4555,23,-3,303,11,2,9,NaN,NaN,NaN,10,5,6,NaN,NaN,NaN
19669.747,0,-9.3232,3,3.7994,21,-3,303,10,5,6,NaN,NaN,NaN,9,6,3,NaN,NaN,NaN
19702.1939,0,-9.7221,3,1.5706,15,-3,303,7,3,5,NaN,NaN,NaN,6,0,6,NaN,NaN,NaN
19736.2686,0,-9.3176,3,3.7994,21,-3,303,10,5,5,NaN,NaN,NaN,9,6,4,NaN,NaN,NaN
19920.1489,0,-8.0498,3,2.6804,19,-3,303,9,0,9,NaN,NaN,NaN,8,1,8,NaN,NaN,NaN
19923.8006,0,-8.0496,3,2.6803,19,-3,303,9,1,9,NaN,NaN,NaN,8,0,8,NaN,NaN,NaN
19955.8671,0,-8.0663,3,1.9666,15,-3,303,7,7,1,NaN,NaN,NaN,6,6,0,NaN,NaN,NaN
19955.8697,0,-8.0663,3,1.9666,15,-3,303,7,7,0,NaN,NaN,NaN,6,6,1,NaN,NaN,NaN
20037.2901,0,-9.9894,3,5.0162,23,-3,303,11,8,4,NaN,NaN,NaN,10,9,1,NaN,NaN,NaN
20037.3079,0,-9.9894,3,5.0162,23,-3,303,11,8,3,NaN,NaN,NaN,10,9,2,NaN,NaN,NaN
20145.7993,0,-8.401,3,2.24,17,-3,303,8,4,5,NaN,NaN,NaN,7,3,4,NaN,NaN,NaN
20151.8111,0,-9.2974,3,3.6087,21,-3,303,10,3,8,NaN,NaN,NaN,9,4,5,NaN,NaN,NaN
20161.8123,0,-8.4706,3,2.8373,19,-3,303,9,2,7,NaN,NaN,NaN,8,3,6,NaN,NaN,NaN
20209.8501,0,-9.1601,3,3.6908,21,-3,303,10,4,7,NaN,NaN,NaN,9,5,4,NaN,NaN,NaN
20211.3481,0,-9.7766,3,1.6259,15,-3,303,7,4,4,NaN,NaN,NaN,6,1,5,NaN,NaN,NaN
20223.221,0,-8.1866,3,2.7642,19,-3,303,9,1,8,NaN,NaN,NaN,8,2,7,NaN,NaN,NaN
20329.4317,0,-8.178,3,2.7618,19,-3,303,9,2,8,NaN,NaN,NaN,8,1,7,NaN,NaN,NaN
20399.6305,0,-10.1669,3,4.3311,23,-3,303,11,2,10,NaN,NaN,NaN,10,3,7,NaN,NaN,NaN
20619.6485,0,-8.449,3,2.2278,17,-3,303,8,4,4,NaN,NaN,NaN,7,3,5,NaN,NaN,NaN
20681.8314,0,-9.6452,3,4.8445,23,-3,303,11,7,5,NaN,NaN,NaN,10,8,2,NaN,NaN,NaN
20682.4586,0,-9.6451,3,4.8445,23,-3,303,11,7,4,NaN,NaN,NaN,10,8,3,NaN,NaN,NaN
20724.3709,0,-9.0789,3,3.69,21,-3,303,10,4,6,NaN,NaN,NaN,9,5,5,NaN,NaN,NaN
20900.3958,0,-8.9212,3,2.1621,17,-3,303,8,3,5,NaN,NaN,NaN,7,2,6,NaN,NaN,NaN
20962.3805,0,-10.5599,3,5.4057,25,-3,303,12,3,9,NaN,NaN,NaN,11,6,6,NaN,NaN,NaN
20990.3412,0,-8.2493,3,2.3014,17,-3,303,8,5,4,NaN,NaN,NaN,7,4,3,NaN,NaN,NaN
21036.8598,0,-8.2498,3,2.3001,17,-3,303,8,5,3,NaN,NaN,NaN,7,4,4,NaN,NaN,NaN
21042.4647,0,-10.4417,3,5.2053,25,-3,303,12,1,11,NaN,NaN,NaN,11,4,8,NaN,NaN,NaN
21077.2468,0,-8.3436,3,2.8188,19,-3,303,9,3,7,NaN,NaN,NaN,8,2,6,NaN,NaN,NaN
21083.4495,0,-10.5911,3,6.2603,25,-3,303,12,10,2,NaN,NaN,NaN,11,11,1,NaN,NaN,NaN
21083.4495,0,-10.5911,3,6.2603,25,-3,303,12,10,3,NaN,NaN,NaN,11,11,0,NaN,NaN,NaN
21345.3342,0,-9.3847,3,4.6937,23,-3,303,11,6,6,NaN,NaN,NaN,10,7,3,NaN,NaN,NaN
21358.7431,0,-9.3839,3,4.6937,23,-3,303,11,6,5,NaN,NaN,NaN,10,7,4,NaN,NaN,NaN
21620.032,0,-10.2004,3,5.2979,25,-3,303,12,2,10,NaN,NaN,NaN,11,5,7,NaN,NaN,NaN
21631.1193,0,-8.132,3,2.3902,17,-3,303,8,6,3,NaN,NaN,NaN,7,5,2,NaN,NaN,NaN
21633.0104,0,-8.132,3,2.3901,17,-3,303,8,6,2,NaN,NaN,NaN,7,5,3,NaN,NaN,NaN
21713.8256,0,-10.0675,3,6.0478,25,-3,303,12,9,4,NaN,NaN,NaN,11,10,1,NaN,NaN,NaN
21713.8277,0,-10.0675,3,6.0478,25,-3,303,12,9,3,NaN,NaN,NaN,11,10,2,NaN,NaN,NaN
21772.9557,0,-10.3219,3,5.181,25,-3,303,12,2,11,NaN,NaN,NaN,11,3,8,NaN,NaN,NaN
21873.7979,0,-10.5072,3,1.6605,15,-3,303,7,5,3,NaN,NaN,NaN,6,2,4,NaN,NaN,NaN
21874.1991,0,-9.5949,3,2.0891,17,-3,303,8,2,6,NaN,NaN,NaN,7,1,7,NaN,NaN,NaN
21894.6539,0,-10.8133,3,1.5711,15,-3,303,7,4,3,NaN,NaN,NaN,6,1,6,NaN,NaN,NaN
21908.3009,0,-8.7164,3,3.6003,21,-3,303,10,3,7,NaN,NaN,NaN,9,4,6,NaN,NaN,NaN
21967.9862,0,-9.4174,3,4.3813,23,-3,303,11,3,9,NaN,NaN,NaN,10,4,6,NaN,NaN,NaN
21999.3128,0,-9.1839,3,4.5641,23,-3,303,11,5,7,NaN,NaN,NaN,10,6,4,NaN,NaN,NaN
22115.2945,0,-7.98,3,3.3449,21,-3,303,10,0,10,NaN,NaN,NaN,9,1,9,NaN,NaN,NaN
22116.7614,0,-7.9799,3,3.3449,21,-3,303,10,1,10,NaN,NaN,NaN,9,0,9,NaN,NaN,NaN
22161.0385,0,-9.1694,3,4.564,23,-3,303,11,5,6,NaN,NaN,NaN,10,6,5,NaN,NaN,NaN
22216.1875,0,-8.3774,3,2.8593,19,-3,303,9,4,6,NaN,NaN,NaN,8,3,5,NaN,NaN,NaN
22242.0513,0,-8.0388,3,2.5008,17,-3,303,8,7,2,NaN,NaN,NaN,7,6,1,NaN,NaN,NaN
22242.0861,0,-8.0388,3,2.5008,17,-3,303,8,7,1,NaN,NaN,NaN,7,6,2,NaN,NaN,NaN
22354.2602,0,-9.723,3,5.8558,25,-3,303,12,8,5,NaN,NaN,NaN,11,9,2,NaN,NaN,NaN
22354.347,0,-9.723,3,5.8558,25,-3,303,12,8,4,NaN,NaN,NaN,11,9,3,NaN,NaN,NaN
22412.6907,0,-9.1011,3,4.4577,23,-3,303,11,4,8,NaN,NaN,NaN,10,5,5,NaN,NaN,NaN
22435.8847,0,-9.6685,3,2.0889,17,-3,303,8,3,6,NaN,NaN,NaN,7,0,7,NaN,NaN,NaN
22443.4074,0,-8.0966,3,3.44,21,-3,303,10,1,9,NaN,NaN,NaN,9,2,8,NaN,NaN,NaN
22494.0537,0,-8.0932,3,3.4388,21,-3,303,10,2,9,NaN,NaN,NaN,9,1,8,NaN,NaN,NaN
22544.9843,0,-8.31,3,3.5218,21,-3,303,10,2,8,NaN,NaN,NaN,9,3,7,NaN,NaN,NaN
22616.912,0,-9.5097,3,2.1575,17,-3,303,8,4,5,NaN,NaN,NaN,7,1,6,NaN,NaN,NaN
22643.3307,0,-10.5127,3,6.1209,27,-3,303,13,1,12,NaN,NaN,NaN,12,4,9,NaN,NaN,NaN
22669.1862,0,-10.758,3,1.634,15,-3,303,7,5,2,NaN,NaN,NaN,6,2,5,NaN,NaN,NaN
22761.8398,0,-10.6818,3,7.4087,27,-3,303,13,11,2,NaN,NaN,NaN,12,12,1,NaN,NaN,NaN
22761.8398,0,-10.6818,3,7.4087,27,-3,303,13,11,3,NaN,NaN,NaN,12,12,0,NaN,NaN,NaN
22850.131,0,-7.9599,3,2.6323,17,-3,303,8,8,1,NaN,NaN,NaN,7,7,0,NaN,NaN,NaN
22850.1313,0,-7.9599,3,2.6323,17,-3,303,8,8,0,NaN,NaN,NaN,7,7,1,NaN,NaN,NaN
23011.5812,0,-9.4613,3,5.6846,25,-3,303,12,7,6,NaN,NaN,NaN,11,8,3,NaN,NaN,NaN
23013.8888,0,-9.4612,3,5.6846,25,-3,303,12,7,5,NaN,NaN,NaN,11,8,4,NaN,NaN,NaN
23116.8306,0,-8.2514,3,3.5098,21,-3,303,10,3,8,NaN,NaN,NaN,9,2,7,NaN,NaN,NaN
23122.9192,0,-10.4563,3,6.1049,27,-3,303,13,2,12,NaN,NaN,NaN,12,3,9,NaN,NaN,NaN
23126.8318,0,-8.5004,3,2.8373,19,-3,303,9,4,5,NaN,NaN,NaN,8,3,6,NaN,NaN,NaN
23217.0108,0,-8.2419,3,2.9156,19,-3,303,9,5,5,NaN,NaN,NaN,8,4,4,NaN,NaN,NaN
23291.9032,0,-10.3196,3,6.3246,27,-3,303,13,3,10,NaN,NaN,NaN,12,6,7,NaN,NaN,NaN
23316.9823,0,-8.9306,3,4.4555,23,-3,303,11,4,7,NaN,NaN,NaN,10,5,6,NaN,NaN,NaN
23349.6965,0,-8.2452,3,2.912,19,-3,303,9,5,4,NaN,NaN,NaN,8,4,5,NaN,NaN,NaN
23390.9205,0,-10.1579,3,7.1759,27,-3,303,13,10,4,NaN,NaN,NaN,12,11,1,NaN,NaN,NaN
23390.9207,0,-10.1579,3,7.1759,27,-3,303,13,10,3,NaN,NaN,NaN,12,11,2,NaN,NaN,NaN
23486.5505,0,-10.1848,3,6.2171,27,-3,303,13,2,11,NaN,NaN,NaN,12,5,8,NaN,NaN,NaN
23616.5009,0,-9.5965,3,5.2333,25,-3,303,12,3,10,NaN,NaN,NaN,11,4,7,NaN,NaN,NaN
23688.7596,0,-9.2513,3,5.5344,25,-3,303,12,6,7,NaN,NaN,NaN,11,7,4,NaN,NaN,NaN
23726.7162,0,-9.2489,3,5.5344,25,-3,303,12,6,6,NaN,NaN,NaN,11,7,5,NaN,NaN,NaN
23759.1188,0,-9.026,3,2.7642,19,-3,303,9,3,6,NaN,NaN,NaN,8,2,7,NaN,NaN,NaN
23909.6218,0,-8.1196,3,3.0018,19,-3,303,9,6,4,NaN,NaN,NaN,8,5,3,NaN,NaN,NaN
23917.7017,0,-8.1196,3,3.0016,19,-3,303,9,6,3,NaN,NaN,NaN,8,5,4,NaN,NaN,NaN
23975.3161,0,-10.0768,3,2.2019,17,-3,303,8,5,4,NaN,NaN,NaN,7,2,5,NaN,NaN,NaN
24028.2939,0,-9.8129,3,6.9636,27,-3,303,13,9,5,NaN,NaN,NaN,12,10,2,NaN,NaN,NaN
24028.3051,0,-9.8129,3,6.9636,27,-3,303,13,9,4,NaN,NaN,NaN,12,10,3,NaN,NaN,NaN
24197.183,0,-10.7441,3,7.4471,29,-3,303,14,4,10,NaN,NaN,NaN,13,7,7,NaN,NaN,NaN
24198.1456,0,-10.6025,3,7.1111,29,-3,303,14,1,13,NaN,NaN,NaN,13,4,10,NaN,NaN,NaN
24229.4159,0,-8.3508,3,3.5567,21,-3,303,10,4,7,NaN,NaN,NaN,9,3,6,NaN,NaN,NaN
24309.8331,0,-7.9321,3,4.0826,23,-3,303,11,0,11,NaN,NaN,NaN,10,1,10,NaN,NaN,NaN
24310.4112,0,-7.932,3,4.0826,23,-3,303,11,1,11,NaN,NaN,NaN,10,0,10,NaN,NaN,NaN
24312.4233,0,-9.0964,3,5.4061,25,-3,303,12,5,8,NaN,NaN,NaN,11,6,5,NaN,NaN,NaN
24440.3396,0,-10.7847,3,8.6536,29,-3,303,14,12,2,NaN,NaN,NaN,13,13,1,NaN,NaN,NaN
24440.3396,0,-10.7847,3,8.6536,29,-3,303,14,12,3,NaN,NaN,NaN,13,13,0,NaN,NaN,NaN
24465.6514,0,-8.541,3,4.3649,23,-3,303,11,3,8,NaN,NaN,NaN,10,4,7,NaN,NaN,NaN
24486.7164,0,-10.5774,3,7.1015,29,-3,303,14,2,13,NaN,NaN,NaN,13,3,10,NaN,NaN,NaN
24513.5547,0,-9.1147,3,5.3032,25,-3,303,12,4,9,NaN,NaN,NaN,11,5,6,NaN,NaN,NaN
24527.1671,0,-8.0273,3,3.1117,19,-3,303,9,7,3,NaN,NaN,NaN,8,6,2,NaN,NaN,NaN
24527.4096,0,-8.0273,3,3.1117,19,-3,303,9,7,2,NaN,NaN,NaN,8,6,3,NaN,NaN,NaN
24650.0056,0,-8.0352,3,4.1891,23,-3,303,11,1,10,NaN,NaN,NaN,10,2,9,NaN,NaN,NaN
24656.9145,0,-9.0615,3,5.4057,25,-3,303,12,5,7,NaN,NaN,NaN,11,6,6,NaN,NaN,NaN
24673.0791,0,-8.0339,3,4.1886,23,-3,303,11,2,10,NaN,NaN,NaN,10,1,9,NaN,NaN,NaN
24679.2434,0,-9.5504,3,6.7721,27,-3,303,13,8,6,NaN,NaN,NaN,12,9,3,NaN,NaN,NaN
24679.5983,0,-9.5504,3,6.7721,27,-3,303,13,8,5,NaN,NaN,NaN,12,9,4,NaN,NaN,NaN
24777.2935,0,-10.7838,3,2.0891,17,-3,303,8,4,4,NaN,NaN,NaN,7,1,7,NaN,NaN,NaN
24863.763,0,-8.2004,3,4.2809,23,-3,303,11,2,9,NaN,NaN,NaN,10,3,8,NaN,NaN,NaN
24865.27,0,-9.6318,3,2.6804,19,-3,303,9,2,7,NaN,NaN,NaN,8,1,8,NaN,NaN,NaN
25068.4051,0,-10.2602,3,8.4005,29,-3,303,14,11,3,NaN,NaN,NaN,13,12,2,NaN,NaN,NaN
25068.4051,0,-10.2602,3,8.4005,29,-3,303,14,11,4,NaN,NaN,NaN,13,12,1,NaN,NaN,NaN
25116.1321,0,-9.8003,3,6.1637,27,-3,303,13,3,11,NaN,NaN,NaN,12,4,8,NaN,NaN,NaN
25136.4498,0,-7.951,3,3.2427,19,-3,303,9,8,2,NaN,NaN,NaN,8,7,1,NaN,NaN,NaN
25136.4534,0,-7.951,3,3.2427,19,-3,303,9,8,1,NaN,NaN,NaN,8,7,2,NaN,NaN,NaN
25137.9868,0,-9.3605,3,2.7618,19,-3,303,9,4,6,NaN,NaN,NaN,8,1,7,NaN,NaN,NaN
25173.1751,0,-10.4995,3,2.1621,17,-3,303,8,5,3,NaN,NaN,NaN,7,2,6,NaN,NaN,NaN
25190.2311,0,-8.1753,3,4.2738,23,-3,303,11,3,9,NaN,NaN,NaN,10,2,8,NaN,NaN,NaN
25227.8916,0,-9.6574,3,2.6803,19,-3,303,9,3,7,NaN,NaN,NaN,8,0,8,NaN,NaN,NaN
25246.3904,0,-10.2254,3,7.2127,29,-3,303,14,2,12,NaN,NaN,NaN,13,5,9,NaN,NaN,NaN
25351.8436,0,-9.3375,3,6.6015,27,-3,303,13,7,7,NaN,NaN,NaN,12,8,4,NaN,NaN,NaN
25359.2181,0,-9.3371,3,6.6015,27,-3,303,13,7,6,NaN,NaN,NaN,12,8,5,NaN,NaN,NaN
25386.0535,0,-8.2546,3,3.6087,21,-3,303,10,5,6,NaN,NaN,NaN,9,4,5,NaN,NaN,NaN
25467.973,0,-10.1869,3,7.3208,29,-3,303,14,3,11,NaN,NaN,NaN,13,6,8,NaN,NaN,NaN
25702.4822,0,-8.2686,3,3.6003,21,-3,303,10,5,5,NaN,NaN,NaN,9,4,6,NaN,NaN,NaN
25703.4765,0,-9.9146,3,8.168,29,-3,303,14,10,5,NaN,NaN,NaN,13,11,2,NaN,NaN,NaN
25703.4778,0,-9.9146,3,8.168,29,-3,303,14,10,4,NaN,NaN,NaN,13,11,3,NaN,NaN,NaN
25744.3883,0,-7.8856,3,3.3945,19,-3,303,9,9,0,NaN,NaN,NaN,8,8,1,NaN,NaN,NaN
25744.3883,0,-7.8856,3,3.3945,19,-3,303,9,9,1,NaN,NaN,NaN,8,8,0,NaN,NaN,NaN
25767.2292,0,-8.5977,3,3.5218,21,-3,303,10,4,6,NaN,NaN,NaN,9,3,7,NaN,NaN,NaN
25954.7136,0,-8.7957,3,5.2979,25,-3,303,12,4,8,NaN,NaN,NaN,11,5,7,NaN,NaN,NaN
26037.174,0,-9.1633,3,6.4522,27,-3,303,13,6,8,NaN,NaN,NaN,12,7,5,NaN,NaN,NaN
26120.1051,0,-9.7216,3,2.8188,19,-3,303,9,5,5,NaN,NaN,NaN,8,2,6,NaN,NaN,NaN
26132.3533,0,-9.1571,3,6.4522,27,-3,303,13,6,7,NaN,NaN,NaN,12,7,6,NaN,NaN,NaN
26133.7286,0,-10.7301,3,2.24,17,-3,303,8,6,3,NaN,NaN,NaN,7,3,4,NaN,NaN,NaN
26176.6752,0,-8.1252,3,3.6908,21,-3,303,10,6,5,NaN,NaN,NaN,9,5,4,NaN,NaN,NaN
26204.1811,0,-8.1252,3,3.69,21,-3,303,10,6,4,NaN,NaN,NaN,9,5,5,NaN,NaN,NaN
26206.872,0,-8.3171,3,4.3311,23,-3,303,11,4,8,NaN,NaN,NaN,10,3,7,NaN,NaN,NaN
26349.5186,0,-9.6512,3,7.9561,29,-3,303,14,9,6,NaN,NaN,NaN,13,10,3,NaN,NaN,NaN
26349.5687,0,-9.6512,3,7.9561,29,-3,303,14,9,5,NaN,NaN,NaN,13,10,4,NaN,NaN,NaN
26471.3636,0,-9.2044,3,6.2282,27,-3,303,13,4,10,NaN,NaN,NaN,12,5,7,NaN,NaN,NaN
26498.5249,0,-10.7741,3,2.2278,17,-3,303,8,6,2,NaN,NaN,NaN,7,3,5,NaN,NaN,NaN
26502.5845,0,-10.0015,3,7.1712,29,-3,303,14,3,12,NaN,NaN,NaN,13,4,9,NaN,NaN,NaN
26504.1292,0,-7.9034,3,4.8935,25,-3,303,12,0,12,NaN,NaN,NaN,11,1,11,NaN,NaN,NaN
26504.3536,0,-7.9034,3,4.8935,25,-3,303,12,1,12,NaN,NaN,NaN,11,0,11,NaN,NaN,NaN
26586.4218,0,-9.0568,3,6.3259,27,-3,303,13,5,9,NaN,NaN,NaN,12,6,6,NaN,NaN,NaN
26716.856,0,-9.1266,3,3.44,21,-3,303,10,3,7,NaN,NaN,NaN,9,2,8,NaN,NaN,NaN
26810.0815,0,-8.0311,3,3.7994,21,-3,303,10,7,4,NaN,NaN,NaN,9,6,3,NaN,NaN,NaN
26811.2822,0,-8.0311,3,3.7994,21,-3,303,10,7,3,NaN,NaN,NaN,9,6,4,NaN,NaN,NaN
26849.7062,0,-7.9969,3,5.0116,25,-3,303,12,1,11,NaN,NaN,NaN,11,2,10,NaN,NaN,NaN
26859.8615,0,-7.9964,3,5.0114,25,-3,303,12,2,11,NaN,NaN,NaN,11,1,10,NaN,NaN,NaN
26970.0376,0,-8.4002,3,5.2053,25,-3,303,12,3,9,NaN,NaN,NaN,11,4,8,NaN,NaN,NaN
27013.4578,0,-9.4368,3,7.7651,29,-3,303,14,8,7,NaN,NaN,NaN,13,9,4,NaN,NaN,NaN
27014.7164,0,-9.4368,3,7.7651,29,-3,303,14,8,6,NaN,NaN,NaN,13,9,5,NaN,NaN,NaN
27131.1688,0,-8.1315,3,5.1141,25,-3,303,12,2,10,NaN,NaN,NaN,11,3,9,NaN,NaN,NaN
27236.2775,0,-8.9781,3,6.3246,27,-3,303,13,5,8,NaN,NaN,NaN,12,6,7,NaN,NaN,NaN
27303.9626,0,-8.1211,3,5.1103,25,-3,303,12,3,10,NaN,NaN,NaN,11,2,9,NaN,NaN,NaN
27422.0661,0,-7.9561,3,3.9298,21,-3,303,10,8,3,NaN,NaN,NaN,9,7,2,NaN,NaN,NaN
27422.0946,0,-7.9561,3,3.9298,21,-3,303,10,8,2,NaN,NaN,NaN,9,7,3,NaN,NaN,NaN
27479.123,0,-8.2811,3,4.3813,23,-3,303,11,5,7,NaN,NaN,NaN,10,4,6,NaN,NaN,NaN
27702.7892,0,-9.2571,3,7.5953,29,-3,303,14,7,8,NaN,NaN,NaN,13,8,5,NaN,NaN,NaN
27723.7368,0,-9.2561,3,7.5953,29,-3,303,14,7,7,NaN,NaN,NaN,13,8,6,NaN,NaN,NaN
27765.3137,0,-9.2961,3,3.4388,21,-3,303,10,4,7,NaN,NaN,NaN,9,1,8,NaN,NaN,NaN
27778.6846,0,-10.3478,3,2.7642,19,-3,303,9,5,4,NaN,NaN,NaN,8,2,7,NaN,NaN,NaN
27830.2895,0,-10.8698,3,2.6804,19,-3,303,9,4,5,NaN,NaN,NaN,8,1,8,NaN,NaN,NaN
27849.0753,0,-9.6658,3,3.3449,21,-3,303,10,2,8,NaN,NaN,NaN,9,1,9,NaN,NaN,NaN
28030.7832,0,-7.893,3,4.0812,21,-3,303,10,9,2,NaN,NaN,NaN,9,8,1,NaN,NaN,NaN
28030.7836,0,-7.893,3,4.0812,21,-3,303,10,9,1,NaN,NaN,NaN,9,8,2,NaN,NaN,NaN
28061.9516,0,-9.6731,3,3.3449,21,-3,303,10,3,8,NaN,NaN,NaN,9,0,9,NaN,NaN,NaN
28127.8636,0,-8.3259,3,4.3649,23,-3,303,11,5,6,NaN,NaN,NaN,10,4,7,NaN,NaN,NaN
28175.7669,0,-8.2782,3,5.181,25,-3,303,12,4,9,NaN,NaN,NaN,11,3,8,NaN,NaN,NaN
28182.4011,0,-10.3793,3,2.8593,19,-3,303,9,6,4,NaN,NaN,NaN,8,3,5,NaN,NaN,NaN
28256.0186,0,-9.364,3,7.2331,29,-3,303,14,4,11,NaN,NaN,NaN,13,5,8,NaN,NaN,NaN
28351.073,0,-9.4507,3,3.5098,21,-3,303,10,5,6,NaN,NaN,NaN,9,2,7,NaN,NaN,NaN
28381.5213,0,-9.1131,3,7.4473,29,-3,303,14,6,9,NaN,NaN,NaN,13,7,6,NaN,NaN,NaN
28420.3478,0,-8.1487,3,4.4577,23,-3,303,11,6,6,NaN,NaN,NaN,10,5,5,NaN,NaN,NaN
28499.0776,0,-8.1493,3,4.4555,23,-3,303,11,6,5,NaN,NaN,NaN,10,5,6,NaN,NaN,NaN
28551.2247,0,-8.7259,3,4.2809,23,-3,303,11,4,7,NaN,NaN,NaN,10,3,8,NaN,NaN,NaN
28595.0523,0,-9.098,3,7.4471,29,-3,303,14,6,8,NaN,NaN,NaN,13,7,7,NaN,NaN,NaN
28603.2836,0,-8.6711,3,6.2171,27,-3,303,13,4,9,NaN,NaN,NaN,12,5,8,NaN,NaN,NaN
28638.6424,0,-7.8386,3,4.2532,21,-3,303,10,10,0,NaN,NaN,NaN,9,9,1,NaN,NaN,NaN
28638.6424,0,-7.8386,3,4.2532,21,-3,303,10,10,1,NaN,NaN,NaN,9,9,0,NaN,NaN,NaN
28698.3337,0,-7.892,3,5.7776,27,-3,303,13,0,13,NaN,NaN,NaN,12,1,12,NaN,NaN,NaN
28698.4197,0,-7.892,3,5.7776,27,-3,303,13,1,13,NaN,NaN,NaN,12,0,12,NaN,NaN,NaN
28789.3303,0,-9.068,3,7.3239,29,-3,303,14,5,10,NaN,NaN,NaN,13,6,7,NaN,NaN,NaN
28843.1383,0,-10.4873,3,2.8373,19,-3,303,9,6,3,NaN,NaN,NaN,8,3,6,NaN,NaN,NaN
29046.1418,0,-7.9784,3,5.9073,27,-3,303,13,1,12,NaN,NaN,NaN,12,2,11,NaN,NaN,NaN
29050.4921,0,-7.9782,3,5.9072,27,-3,303,13,2,12,NaN,NaN,NaN,12,1,11,NaN,NaN,NaN
29088.7776,0,-8.05,3,4.5641,23,-3,303,11,7,5,NaN,NaN,NaN,10,6,4,NaN,NaN,NaN
29093.4918,0,-8.05,3,4.564,23,-3,303,11,7,4,NaN,NaN,NaN,10,6,5,NaN,NaN,NaN
29364.5682,0,-8.0935,3,6.021,27,-3,303,13,2,11,NaN,NaN,NaN,12,3,10,NaN,NaN,NaN
29399.5614,0,-8.3006,3,6.1209,27,-3,303,13,3,10,NaN,NaN,NaN,12,4,9,NaN,NaN,NaN
29450.8138,0,-8.0892,3,6.0191,27,-3,303,13,3,11,NaN,NaN,NaN,12,2,10,NaN,NaN,NaN
29494.5187,0,-8.3111,3,5.2333,25,-3,303,12,5,8,NaN,NaN,NaN,11,4,7,NaN,NaN,NaN
29706.3641,0,-7.9748,3,4.6937,23,-3,303,11,8,4,NaN,NaN,NaN,10,7,3,NaN,NaN,NaN
29706.5243,0,-7.9748,3,4.6937,23,-3,303,11,8,3,NaN,NaN,NaN,10,7,4,NaN,NaN,NaN
29736.9114,0,-9.2132,3,4.1891,23,-3,303,11,3,8,NaN,NaN,NaN,10,2,9,NaN,NaN,NaN
29891.5803,0,-8.906,3,7.3208,29,-3,303,14,5,9,NaN,NaN,NaN,13,6,8,NaN,NaN,NaN
