86.3345,-1.224745,303,1,1,0,NaN,NaN,NaN,1,1,1,NaN,NaN,NaN,1
2280.5138,-1,303,1,0,1,NaN,NaN,NaN,0,0,0,NaN,NaN,NaN,1
4543.0731,1.404129,303,2,0,2,NaN,NaN,NaN,1,0,1,NaN,NaN,NaN,1
5806.4504,-0.1685912,303,2,2,0,NaN,NaN,NaN,1,0,1,NaN,NaN,NaN,1
4474.6931,-1.224745,303,2,1,2,NaN,NaN,NaN,1,1,1,NaN,NaN,NaN,1
4647.3621,1.224745,303,2,1,1,NaN,NaN,NaN,1,1,0,NaN,NaN,NaN,1
259.0035,0.9128709,303,2,1,1,NaN,NaN,NaN,2,1,2,NaN,NaN,NaN,1
1245.4228,-0.2176504,303,2,2,1,NaN,NaN,NaN,2,0,2,NaN,NaN,NaN,1
17.9545,1.812722,303,2,2,0,NaN,NaN,NaN,2,2,1,NaN,NaN,NaN,1
6841.5414,1.290994,303,3,2,2,NaN,NaN,NaN,2,2,1,NaN,NaN,NaN,1
6958.3875,-1.628334,303,3,1,2,NaN,NaN,NaN,2,1,1,NaN,NaN,NaN,1
9179.6319,0.1232619,303,3,3,0,NaN,NaN,NaN,2,1,1,NaN,NaN,NaN,1
6701.7794,1.629927,303,3,1,3,NaN,NaN,NaN,2,1,2,NaN,NaN,NaN,1
9436.24,-0.1000297,303,3,3,1,NaN,NaN,NaN,2,1,2,NaN,NaN,NaN,1
515.6116,-0.7707478,303,3,1,2,NaN,NaN,NaN,3,1,3,NaN,NaN,NaN,1
2736.856,-0.08241122,303,3,3,0,NaN,NaN,NaN,3,1,3,NaN,NaN,NaN,1
2218.8491,0.1259755,303,3,3,1,NaN,NaN,NaN,3,1,2,NaN,NaN,NaN,1
2.3953,-2.283992,303,3,3,0,NaN,NaN,NaN,3,3,1,NaN,NaN,NaN,1
6774.3207,-1.704472,303,3,0,3,NaN,NaN,NaN,2,0,2,NaN,NaN,NaN,1
5510.9435,-0.1163165,303,3,0,3,NaN,NaN,NaN,2,2,0,NaN,NaN,NaN,1
8172.1394,0.2753664,303,3,2,1,NaN,NaN,NaN,2,0,2,NaN,NaN,NaN,1
6908.7621,-1.293092,303,3,2,1,NaN,NaN,NaN,2,2,0,NaN,NaN,NaN,1
1312.6435,0.3770679,303,3,2,2,NaN,NaN,NaN,3,0,3,NaN,NaN,NaN,1
85.1752,-1.480254,303,3,2,1,NaN,NaN,NaN,3,2,2,NaN,NaN,NaN,1
8975.7232,1.958085,303,4,0,4,NaN,NaN,NaN,3,0,3,NaN,NaN,NaN,1
7577.9045,0.1645562,303,4,0,4,NaN,NaN,NaN,3,2,1,NaN,NaN,NaN,1
10651.8272,-0.3237462,303,4,2,2,NaN,NaN,NaN,3,0,3,NaN,NaN,NaN,1
9254.0086,1.738377,303,4,2,2,NaN,NaN,NaN,3,2,1,NaN,NaN,NaN,1
14131.4822,-0.01254005,303,4,4,0,NaN,NaN,NaN,3,0,3,NaN,NaN,NaN,1
12733.6636,-0.1090923,303,4,4,0,NaN,NaN,NaN,3,2,1,NaN,NaN,NaN,1
8919.5352,-1.929167,303,4,1,4,NaN,NaN,NaN,3,1,3,NaN,NaN,NaN,1
6185.0745,-0.0357129,303,4,1,4,NaN,NaN,NaN,3,3,1,NaN,NaN,NaN,1
11886.367,0.1442597,303,4,3,2,NaN,NaN,NaN,3,1,3,NaN,NaN,NaN,1
9151.9063,-1.325228,303,4,3,2,NaN,NaN,NaN,3,3,1,NaN,NaN,NaN,1
9250.9322,1.921516,303,4,1,3,NaN,NaN,NaN,3,1,2,NaN,NaN,NaN,1
7029.6878,0.07020308,303,4,1,3,NaN,NaN,NaN,3,3,0,NaN,NaN,NaN,1
11387.0917,-0.2153672,303,4,3,1,NaN,NaN,NaN,3,1,2,NaN,NaN,NaN,1
9165.8472,1.325318,303,4,3,1,NaN,NaN,NaN,3,3,0,NaN,NaN,NaN,1
847.0086,0.6954466,303,4,1,3,NaN,NaN,NaN,4,1,4,NaN,NaN,NaN,1
2119.8232,-0.2479587,303,4,3,2,NaN,NaN,NaN,4,1,3,NaN,NaN,NaN,1
2983.1681,0.1225801,303,4,3,1,NaN,NaN,NaN,4,1,4,NaN,NaN,NaN,1
16.3363,1.984904,303,4,3,1,NaN,NaN,NaN,4,3,2,NaN,NaN,NaN,1
9107.9405,-1.728753,303,4,2,3,NaN,NaN,NaN,3,2,2,NaN,NaN,NaN,1
12818.5748,0.1068251,303,4,4,1,NaN,NaN,NaN,3,2,2,NaN,NaN,NaN,1
1444.8607,-0.4997031,303,4,2,3,NaN,NaN,NaN,4,0,4,NaN,NaN,NaN,1
231.2433,1.250708,303,4,2,2,NaN,NaN,NaN,4,2,3,NaN,NaN,NaN,1
3710.8983,0.08103653,303,4,4,0,NaN,NaN,NaN,4,2,3,NaN,NaN,NaN,1
5155.4951,-0.01344922,303,4,4,1,NaN,NaN,NaN,4,0,4,NaN,NaN,NaN,1
3479.3911,-0.08689206,303,4,4,1,NaN,NaN,NaN,4,2,2,NaN,NaN,NaN,1
0.2639,2.678008,303,4,4,0,NaN,NaN,NaN,4,4,1,NaN,NaN,NaN,1
11362.8203,2.040766,303,5,2,4,NaN,NaN,NaN,4,2,3,NaN,NaN,NaN,1
7652.186,0.03413939,303,5,2,4,NaN,NaN,NaN,4,4,1,NaN,NaN,NaN,1
15152.9521,-0.1616905,303,5,4,2,NaN,NaN,NaN,4,2,3,NaN,NaN,NaN,1
11442.3178,1.344605,303,5,4,2,NaN,NaN,NaN,4,4,1,NaN,NaN,NaN,1
11514.7511,-2.15819,303,5,1,4,NaN,NaN,NaN,4,1,3,NaN,NaN,NaN,1
9378.5917,-0.143164,303,5,1,4,NaN,NaN,NaN,4,3,1,NaN,NaN,NaN,1
13625.2016,0.3160579,303,5,3,2,NaN,NaN,NaN,4,1,3,NaN,NaN,NaN,1
11489.0421,-1.791783,303,5,3,2,NaN,NaN,NaN,4,3,1,NaN,NaN,NaN,1
18409.335,0.006585456,303,5,5,0,NaN,NaN,NaN,4,1,3,NaN,NaN,NaN,1
16273.1756,0.1062922,303,5,5,0,NaN,NaN,NaN,4,3,1,NaN,NaN,NaN,1
11128.7157,2.179206,303,5,1,5,NaN,NaN,NaN,4,1,4,NaN,NaN,NaN,1
8161.8839,0.05600344,303,5,1,5,NaN,NaN,NaN,4,3,2,NaN,NaN,NaN,1
14410.2632,-0.1715225,303,5,3,3,NaN,NaN,NaN,4,1,4,NaN,NaN,NaN,1
11443.4313,1.790875,303,5,3,3,NaN,NaN,NaN,4,3,2,NaN,NaN,NaN,1
19256.3174,-0.003333513,303,5,5,1,NaN,NaN,NaN,4,1,4,NaN,NaN,NaN,1
16289.4856,-0.1061202,303,5,5,1,NaN,NaN,NaN,4,3,2,NaN,NaN,NaN,1
1233.044,-0.6599029,303,5,1,4,NaN,NaN,NaN,5,1,5,NaN,NaN,NaN,1
3343.4945,-0.1380266,303,5,3,2,NaN,NaN,NaN,5,1,5,NaN,NaN,NaN,1
8127.628,-0.002989399,303,5,5,0,NaN,NaN,NaN,5,1,5,NaN,NaN,NaN,1
2048.5034,0.3927927,303,5,3,3,NaN,NaN,NaN,5,1,4,NaN,NaN,NaN,1
61.947,-1.753096,303,5,3,2,NaN,NaN,NaN,5,3,3,NaN,NaN,NaN,1
4846.0805,-0.07189365,303,5,5,0,NaN,NaN,NaN,5,3,3,NaN,NaN,NaN,1
6894.5577,0.007853115,303,5,5,1,NaN,NaN,NaN,5,1,4,NaN,NaN,NaN,1
4784.1072,0.07240232,303,5,5,1,NaN,NaN,NaN,5,3,2,NaN,NaN,NaN,1
0.0263,-3.023358,303,5,5,0,NaN,NaN,NaN,5,5,1,NaN,NaN,NaN,1
11162.9499,-2.1891,303,5,0,5,NaN,NaN,NaN,4,0,4,NaN,NaN,NaN,1
9486.8459,-0.162495,303,5,0,5,NaN,NaN,NaN,4,2,2,NaN,NaN,NaN,1
6007.1909,-0.006529904,303,5,0,5,NaN,NaN,NaN,4,4,0,NaN,NaN,NaN,1
13276.4721,0.3099532,303,5,2,3,NaN,NaN,NaN,4,0,4,NaN,NaN,NaN,1
11600.3681,-2.060354,303,5,2,3,NaN,NaN,NaN,4,2,2,NaN,NaN,NaN,1
8120.713,-0.04036689,303,5,2,3,NaN,NaN,NaN,4,4,0,NaN,NaN,NaN,1
16600.1482,0.02661576,303,5,4,1,NaN,NaN,NaN,4,0,4,NaN,NaN,NaN,1
14924.0442,0.17306,303,5,4,1,NaN,NaN,NaN,4,2,2,NaN,NaN,NaN,1
11444.3892,-1.344609,303,5,4,1,NaN,NaN,NaN,4,4,0,NaN,NaN,NaN,1
1644.7312,0.5760702,303,5,2,4,NaN,NaN,NaN,5,0,5,NaN,NaN,NaN,1
5434.8629,0.0263571,303,5,4,2,NaN,NaN,NaN,5,0,5,NaN,NaN,NaN,1
468.791,-1.085619,303,5,2,3,NaN,NaN,NaN,5,2,4,NaN,NaN,NaN,1
3321.3408,0.1623969,303,5,4,2,NaN,NaN,NaN,5,2,3,NaN,NaN,NaN,1
3792.4671,-0.1370086,303,5,4,1,NaN,NaN,NaN,5,2,4,NaN,NaN,NaN,1
2.3353,-2.403553,303,5,4,1,NaN,NaN,NaN,5,4,2,NaN,NaN,NaN,1
13349.1632,2.403069,303,6,0,6,NaN,NaN,NaN,5,0,5,NaN,NaN,NaN,1
11235.641,0.1369037,303,6,0,6,NaN,NaN,NaN,5,2,3,NaN,NaN,NaN,1
7911.9649,0.01213605,303,6,0,6,NaN,NaN,NaN,5,4,1,NaN,NaN,NaN,1
16043.0737,-0.2694359,303,6,2,4,NaN,NaN,NaN,5,0,5,NaN,NaN,NaN,1
13929.5516,2.318287,303,6,2,4,NaN,NaN,NaN,5,2,3,NaN,NaN,NaN,1
10605.8754,0.08526125,303,6,2,4,NaN,NaN,NaN,5,4,1,NaN,NaN,NaN,1
19187.5891,-0.03876646,303,6,4,2,NaN,NaN,NaN,5,0,5,NaN,NaN,NaN,1
17074.067,-0.2430862,303,6,4,2,NaN,NaN,NaN,5,2,3,NaN,NaN,NaN,1
13750.3909,1.829499,303,6,4,2,NaN,NaN,NaN,5,4,1,NaN,NaN,NaN,1
25221.5667,-0.0005746546,303,6,6,0,NaN,NaN,NaN,5,0,5,NaN,NaN,NaN,1
23108.0445,-0.003551248,303,6,6,0,NaN,NaN,NaN,5,2,3,NaN,NaN,NaN,1
19784.3684,-0.1050849,303,6,6,0,NaN,NaN,NaN,5,4,1,NaN,NaN,NaN,1
13331.4102,-2.399838,303,6,1,6,NaN,NaN,NaN,5,1,5,NaN,NaN,NaN,1
10049.8628,-0.06789297,303,6,1,6,NaN,NaN,NaN,5,3,3,NaN,NaN,NaN,1
5203.8085,-0.001325364,303,6,1,6,NaN,NaN,NaN,5,5,1,NaN,NaN,NaN,1
17011.6071,0.1847388,303,6,3,4,NaN,NaN,NaN,5,1,5,NaN,NaN,NaN,1
13730.0597,-2.121386,303,6,3,4,NaN,NaN,NaN,5,3,3,NaN,NaN,NaN,1
8884.0054,-0.02800031,303,6,3,4,NaN,NaN,NaN,5,5,1,NaN,NaN,NaN,1
21856.3769,0.006641834,303,6,5,2,NaN,NaN,NaN,5,1,5,NaN,NaN,NaN,1
18574.8295,0.1601749,303,6,5,2,NaN,NaN,NaN,5,3,3,NaN,NaN,NaN,1
13728.7752,-1.357181,303,6,5,2,NaN,NaN,NaN,5,5,1,NaN,NaN,NaN,1
13742.1752,2.359668,303,6,1,5,NaN,NaN,NaN,5,1,4,NaN,NaN,NaN,1
11631.7247,0.2129165,303,6,1,5,NaN,NaN,NaN,5,3,2,NaN,NaN,NaN,1
6847.5912,0.004551332,303,6,1,5,NaN,NaN,NaN,5,5,0,NaN,NaN,NaN,1
15947.4934,-0.4044285,303,6,3,3,NaN,NaN,NaN,5,1,4,NaN,NaN,NaN,1
13837.0429,2.126179,303,6,3,3,NaN,NaN,NaN,5,3,2,NaN,NaN,NaN,1
9052.9094,0.02866668,303,6,3,3,NaN,NaN,NaN,5,5,0,NaN,NaN,NaN,1
20623.6179,-0.01744123,303,6,5,1,NaN,NaN,NaN,5,1,4,NaN,NaN,NaN,1
18513.1675,-0.1612868,303,6,5,1,NaN,NaN,NaN,5,3,2,NaN,NaN,NaN,1
13729.034,1.357182,303,6,5,1,NaN,NaN,NaN,5,5,0,NaN,NaN,NaN,1
1643.809,0.6493459,303,6,1,5,NaN,NaN,NaN,6,1,6,NaN,NaN,NaN,1
2036.3879,-0.5439912,303,6,3,4,NaN,NaN,NaN,6,1,5,NaN,NaN,NaN,1
6881.1577,-0.02043898,303,6,5,2,NaN,NaN,NaN,6,1,5,NaN,NaN,NaN,1
3849.1272,0.1300384,303,6,3,3,NaN,NaN,NaN,6,1,6,NaN,NaN,NaN,1
168.9303,1.551986,303,6,3,3,NaN,NaN,NaN,6,3,4,NaN,NaN,NaN,1
4675.8395,-0.1285907,303,6,5,2,NaN,NaN,NaN,6,3,3,NaN,NaN,NaN,1
8525.2518,0.005949432,303,6,5,1,NaN,NaN,NaN,6,1,6,NaN,NaN,NaN,1
4845.0548,0.1255783,303,6,5,1,NaN,NaN,NaN,6,3,4,NaN,NaN,NaN,1
0.285,2.767206,303,6,5,1,NaN,NaN,NaN,6,5,2,NaN,NaN,NaN,1
13604.6284,-2.293914,303,6,2,5,NaN,NaN,NaN,5,2,4,NaN,NaN,NaN,1
9814.4966,-0.06177795,303,6,2,5,NaN,NaN,NaN,5,4,2,NaN,NaN,NaN,1
17531.5286,0.2070304,303,6,4,3,NaN,NaN,NaN,5,2,4,NaN,NaN,NaN,1
13741.3968,-1.829453,303,6,4,3,NaN,NaN,NaN,5,4,2,NaN,NaN,NaN,1
23576.8331,0.003002324,303,6,6,1,NaN,NaN,NaN,5,2,4,NaN,NaN,NaN,1
19786.7013,0.1050717,303,6,6,1,NaN,NaN,NaN,5,4,2,NaN,NaN,NaN,1
1900.1964,-0.6179828,303,6,2,5,NaN,NaN,NaN,6,0,6,NaN,NaN,NaN,1
793.7141,0.973642,303,6,2,4,NaN,NaN,NaN,6,2,5,NaN,NaN,NaN,1
3938.2296,0.1830873,303,6,4,2,NaN,NaN,NaN,6,2,5,NaN,NaN,NaN,1
9972.2071,0.002721088,303,6,6,0,NaN,NaN,NaN,6,2,5,NaN,NaN,NaN,1
5827.0965,-0.03678681,303,6,4,3,NaN,NaN,NaN,6,0,6,NaN,NaN,NaN,1
3133.186,-0.2557656,303,6,4,3,NaN,NaN,NaN,6,2,4,NaN,NaN,NaN,1
11.3294,2.185563,303,6,4,2,NaN,NaN,NaN,6,4,3,NaN,NaN,NaN,1
6045.307,0.06426834,303,6,6,0,NaN,NaN,NaN,6,4,3,NaN,NaN,NaN,1
11872.4011,-0.0005368674,303,6,6,1,NaN,NaN,NaN,6,0,6,NaN,NaN,NaN,1
9178.4905,-0.003765107,303,6,6,1,NaN,NaN,NaN,6,2,4,NaN,NaN,NaN,1
6033.9751,-0.06431019,303,6,6,1,NaN,NaN,NaN,6,4,2,NaN,NaN,NaN,1
0.0025,3.334395,303,6,6,0,NaN,NaN,NaN,6,6,1,NaN,NaN,NaN,1
15833.2486,2.512331,303,7,2,6,NaN,NaN,NaN,6,2,5,NaN,NaN,NaN,1
11906.3485,0.08619156,303,7,2,6,NaN,NaN,NaN,6,4,3,NaN,NaN,NaN,1
5861.044,0.001256537,303,7,2,6,NaN,NaN,NaN,6,6,1,NaN,NaN,NaN,1
19969.564,-0.2426542,303,7,4,4,NaN,NaN,NaN,6,2,5,NaN,NaN,NaN,1
16042.6638,2.174999,303,7,4,4,NaN,NaN,NaN,6,4,3,NaN,NaN,NaN,1
9997.3593,0.0229535,303,7,4,4,NaN,NaN,NaN,6,6,1,NaN,NaN,NaN,1
25987.0822,-0.006627948,303,7,6,2,NaN,NaN,NaN,6,2,5,NaN,NaN,NaN,1
22060.1821,-0.1568486,303,7,6,2,NaN,NaN,NaN,6,4,3,NaN,NaN,NaN,1
16014.8775,1.366047,303,7,6,2,NaN,NaN,NaN,6,6,1,NaN,NaN,NaN,1
15937.2485,-2.543356,303,7,1,6,NaN,NaN,NaN,6,1,5,NaN,NaN,NaN,1
13731.9303,-0.2491439,303,7,1,6,NaN,NaN,NaN,6,3,3,NaN,NaN,NaN,1
9055.8057,-0.01121078,303,7,1,6,NaN,NaN,NaN,6,5,1,NaN,NaN,NaN,1
18408.3611,0.4459031,303,7,3,4,NaN,NaN,NaN,6,1,5,NaN,NaN,NaN,1
16203.0429,-2.401129,303,7,3,4,NaN,NaN,NaN,6,3,3,NaN,NaN,NaN,1
11526.9184,-0.05736634,303,7,3,4,NaN,NaN,NaN,6,5,1,NaN,NaN,NaN,1
22910.9704,0.03361771,303,7,5,2,NaN,NaN,NaN,6,1,5,NaN,NaN,NaN,1
20705.6522,0.2130179,303,7,5,2,NaN,NaN,NaN,6,3,3,NaN,NaN,NaN,1
16029.5276,-1.855859,303,7,5,2,NaN,NaN,NaN,6,5,1,NaN,NaN,NaN,1
30169.8586,0.0003848954,303,7,7,0,NaN,NaN,NaN,6,1,5,NaN,NaN,NaN,1
27964.5404,0.002424045,303,7,7,0,NaN,NaN,NaN,6,3,3,NaN,NaN,NaN,1
23288.4158,0.1042961,303,7,7,0,NaN,NaN,NaN,6,5,1,NaN,NaN,NaN,1
15529.9457,2.600441,303,7,1,7,NaN,NaN,NaN,6,1,6,NaN,NaN,NaN,1
11849.7487,0.07271521,303,7,1,7,NaN,NaN,NaN,6,3,4,NaN,NaN,NaN,1
7004.979,0.002627292,303,7,1,7,NaN,NaN,NaN,6,5,2,NaN,NaN,NaN,1
19687.5906,-0.1875723,303,7,3,5,NaN,NaN,NaN,6,1,6,NaN,NaN,NaN,1
16007.3937,2.38659,303,7,3,5,NaN,NaN,NaN,6,3,4,NaN,NaN,NaN,1
11162.6239,0.05376203,303,7,3,5,NaN,NaN,NaN,6,5,2,NaN,NaN,NaN,1
24553.1052,-0.009807456,303,7,5,3,NaN,NaN,NaN,6,1,6,NaN,NaN,NaN,1
20872.9083,-0.2081909,303,7,5,3,NaN,NaN,NaN,6,3,4,NaN,NaN,NaN,1
16028.1385,1.855857,303,7,5,3,NaN,NaN,NaN,6,5,2,NaN,NaN,NaN,1
28133.4704,-0.002367641,303,7,7,1,NaN,NaN,NaN,6,3,4,NaN,NaN,NaN,1
23288.7006,-0.1042951,303,7,7,1,NaN,NaN,NaN,6,5,2,NaN,NaN,NaN,1
2051.1118,-0.6511689,303,7,1,6,NaN,NaN,NaN,7,1,7,NaN,NaN,NaN,1
4522.2245,-0.1080708,303,7,3,4,NaN,NaN,NaN,7,1,7,NaN,NaN,NaN,1
9024.8337,-0.008707948,303,7,5,2,NaN,NaN,NaN,7,1,7,NaN,NaN,NaN,1
2106.5331,0.6739701,303,7,3,5,NaN,NaN,NaN,7,1,6,NaN,NaN,NaN,1
364.5795,-1.374083,303,7,3,4,NaN,NaN,NaN,7,3,5,NaN,NaN,NaN,1
4867.1887,-0.1778104,303,7,5,2,NaN,NaN,NaN,7,3,5,NaN,NaN,NaN,1
12126.0769,-0.002039893,303,7,7,0,NaN,NaN,NaN,7,3,5,NaN,NaN,NaN,1
6972.0477,0.03724436,303,7,5,3,NaN,NaN,NaN,7,1,6,NaN,NaN,NaN,1
4500.9351,0.1899365,303,7,5,3,NaN,NaN,NaN,7,3,4,NaN,NaN,NaN,1
1.6742,-2.558277,303,7,5,2,NaN,NaN,NaN,7,5,3,NaN,NaN,NaN,1
7260.5624,-0.05852449,303,7,7,0,NaN,NaN,NaN,7,5,3,NaN,NaN,NaN,1
14232.6098,0.0004256671,303,7,7,1,NaN,NaN,NaN,7,1,6,NaN,NaN,NaN,1
11761.4972,0.002177098,303,7,7,1,NaN,NaN,NaN,7,3,4,NaN,NaN,NaN,1
7258.888,0.05852795,303,7,7,1,NaN,NaN,NaN,7,5,2,NaN,NaN,NaN,1
0.0002,-3.619553,303,7,7,0,NaN,NaN,NaN,7,7,1,NaN,NaN,NaN,1
15538.2771,-2.6015,303,7,0,7,NaN,NaN,NaN,6,0,6,NaN,NaN,NaN,1
12844.3666,-0.1105607,303,7,0,7,NaN,NaN,NaN,6,2,4,NaN,NaN,NaN,1
9699.8511,-0.01625729,303,7,0,7,NaN,NaN,NaN,6,4,2,NaN,NaN,NaN,1
18924.2823,0.2307928,303,7,2,5,NaN,NaN,NaN,6,0,6,NaN,NaN,NaN,1
16230.3718,-2.532415,303,7,2,5,NaN,NaN,NaN,6,2,4,NaN,NaN,NaN,1
13085.8563,-0.145084,303,7,2,5,NaN,NaN,NaN,6,4,2,NaN,NaN,NaN,1
7051.8788,-0.002139716,303,7,2,5,NaN,NaN,NaN,6,6,0,NaN,NaN,NaN,1
21909.2572,0.0452155,303,7,4,3,NaN,NaN,NaN,6,0,6,NaN,NaN,NaN,1
19215.3467,0.3268621,303,7,4,3,NaN,NaN,NaN,6,2,4,NaN,NaN,NaN,1
16070.8312,-2.175327,303,7,4,3,NaN,NaN,NaN,6,4,2,NaN,NaN,NaN,1
10036.8537,-0.02301105,303,7,4,3,NaN,NaN,NaN,6,6,0,NaN,NaN,NaN,1
27887.3101,0.001307624,303,7,6,1,NaN,NaN,NaN,6,0,6,NaN,NaN,NaN,1
25193.3996,0.009170661,303,7,6,1,NaN,NaN,NaN,6,2,4,NaN,NaN,NaN,1
22048.8842,0.1569492,303,7,6,1,NaN,NaN,NaN,6,4,2,NaN,NaN,NaN,1
16014.9066,-1.366047,303,7,6,1,NaN,NaN,NaN,6,6,0,NaN,NaN,NaN,1
2195.168,0.6404007,303,7,2,6,NaN,NaN,NaN,7,0,7,NaN,NaN,NaN,1
6331.4833,0.04293729,303,7,4,4,NaN,NaN,NaN,7,0,7,NaN,NaN,NaN,1
12349.0015,0.001183344,303,7,6,2,NaN,NaN,NaN,7,0,7,NaN,NaN,NaN,1
1190.8372,-0.9061512,303,7,2,5,NaN,NaN,NaN,7,2,6,NaN,NaN,NaN,1
2945.4781,0.3739245,303,7,4,4,NaN,NaN,NaN,7,2,5,NaN,NaN,NaN,1
8962.9963,0.01050468,303,7,6,2,NaN,NaN,NaN,7,2,5,NaN,NaN,NaN,1
4175.8122,-0.2125204,303,7,4,3,NaN,NaN,NaN,7,2,6,NaN,NaN,NaN,1
39.4969,-1.997335,303,7,4,3,NaN,NaN,NaN,7,4,4,NaN,NaN,NaN,1
5978.0214,0.1129069,303,7,6,2,NaN,NaN,NaN,7,4,3,NaN,NaN,NaN,1
10153.8651,-0.006168604,303,7,6,1,NaN,NaN,NaN,7,2,6,NaN,NaN,NaN,1
6017.5498,-0.1126229,303,7,6,1,NaN,NaN,NaN,7,4,4,NaN,NaN,NaN,1
0.0315,-3.09306,303,7,6,1,NaN,NaN,NaN,7,6,2,NaN,NaN,NaN,1
17729.8262,2.786496,303,8,0,8,NaN,NaN,NaN,7,0,7,NaN,NaN,NaN,1
14343.821,0.09093036,303,8,0,8,NaN,NaN,NaN,7,2,5,NaN,NaN,NaN,1
11358.846,0.01805442,303,8,0,8,NaN,NaN,NaN,7,4,3,NaN,NaN,NaN,1
5380.7931,0.000522261,303,8,0,8,NaN,NaN,NaN,7,6,1,NaN,NaN,NaN,1
21880.4709,-0.2028869,303,8,2,6,NaN,NaN,NaN,7,0,7,NaN,NaN,NaN,1
18494.4657,2.714035,303,8,2,6,NaN,NaN,NaN,7,2,5,NaN,NaN,NaN,1
15509.4908,0.2165766,303,8,2,6,NaN,NaN,NaN,7,4,3,NaN,NaN,NaN,1
9531.4379,0.006195259,303,8,2,6,NaN,NaN,NaN,7,6,1,NaN,NaN,NaN,1
24783.5653,-0.04498334,303,8,4,4,NaN,NaN,NaN,7,0,7,NaN,NaN,NaN,1
21397.5601,-0.4206032,303,8,4,4,NaN,NaN,NaN,7,2,5,NaN,NaN,NaN,1
18412.5852,2.454133,303,8,4,4,NaN,NaN,NaN,7,4,3,NaN,NaN,NaN,1
12434.5322,0.04517986,303,8,4,4,NaN,NaN,NaN,7,6,1,NaN,NaN,NaN,1
30662.4417,-0.0021204,303,8,6,2,NaN,NaN,NaN,7,0,7,NaN,NaN,NaN,1
27276.4365,-0.01882447,303,8,6,2,NaN,NaN,NaN,7,2,5,NaN,NaN,NaN,1
24291.4616,-0.203163,303,8,6,2,NaN,NaN,NaN,7,4,3,NaN,NaN,NaN,1
18313.4087,1.875264,303,8,6,2,NaN,NaN,NaN,7,6,1,NaN,NaN,NaN,1
32769.1446,-0.001893303,303,8,8,0,NaN,NaN,NaN,7,4,3,NaN,NaN,NaN,1
26791.0917,-0.1037272,303,8,8,0,NaN,NaN,NaN,7,6,1,NaN,NaN,NaN,1
17726.1552,-2.786145,303,8,1,8,NaN,NaN,NaN,7,1,7,NaN,NaN,NaN,1
13568.5102,-0.07282224,303,8,1,8,NaN,NaN,NaN,7,3,5,NaN,NaN,NaN,1
8702.9957,-0.003825883,303,8,1,8,NaN,NaN,NaN,7,5,3,NaN,NaN,NaN,1
22429.6129,0.1840703,303,8,3,6,NaN,NaN,NaN,7,1,7,NaN,NaN,NaN,1
18271.9679,-2.61211,303,8,3,6,NaN,NaN,NaN,7,3,5,NaN,NaN,NaN,1
13406.4533,-0.08098274,303,8,3,6,NaN,NaN,NaN,7,5,3,NaN,NaN,NaN,1
6145.8912,-0.0009247712,303,8,3,6,NaN,NaN,NaN,7,7,1,NaN,NaN,NaN,1
27355.0495,0.01224223,303,8,5,4,NaN,NaN,NaN,7,1,7,NaN,NaN,NaN,1
23197.4045,0.2523945,303,8,5,4,NaN,NaN,NaN,7,3,5,NaN,NaN,NaN,1
18331.89,-2.212761,303,8,5,4,NaN,NaN,NaN,7,5,3,NaN,NaN,NaN,1
11071.3278,-0.01933402,303,8,5,4,NaN,NaN,NaN,7,7,1,NaN,NaN,NaN,1
30427.1676,0.005369995,303,8,7,2,NaN,NaN,NaN,7,3,5,NaN,NaN,NaN,1
25561.653,0.154291,303,8,7,2,NaN,NaN,NaN,7,5,3,NaN,NaN,NaN,1
18301.0909,-1.372643,303,8,7,2,NaN,NaN,NaN,7,7,1,NaN,NaN,NaN,1
18116.3809,2.720448,303,8,1,7,NaN,NaN,NaN,7,1,6,NaN,NaN,NaN,1
15645.2683,0.2411175,303,8,1,7,NaN,NaN,NaN,7,3,4,NaN,NaN,NaN,1
11142.659,0.01913031,303,8,1,7,NaN,NaN,NaN,7,5,2,NaN,NaN,NaN,1
21038.1801,-0.4312429,303,8,3,5,NaN,NaN,NaN,7,1,6,NaN,NaN,NaN,1
18567.0675,2.639368,303,8,3,5,NaN,NaN,NaN,7,3,4,NaN,NaN,NaN,1
14064.4583,0.09383129,303,8,3,5,NaN,NaN,NaN,7,5,2,NaN,NaN,NaN,1
6805.5701,0.001072698,303,8,3,5,NaN,NaN,NaN,7,7,0,NaN,NaN,NaN,1
25310.9594,-0.05187999,303,8,5,3,NaN,NaN,NaN,7,1,6,NaN,NaN,NaN,1
22839.8468,-0.2686338,303,8,5,3,NaN,NaN,NaN,7,3,4,NaN,NaN,NaN,1
18337.2376,2.212781,303,8,5,3,NaN,NaN,NaN,7,5,2,NaN,NaN,NaN,1
11078.3494,0.01933906,303,8,5,3,NaN,NaN,NaN,7,7,0,NaN,NaN,NaN,1
32533.704,-0.001120556,303,8,7,1,NaN,NaN,NaN,7,1,6,NaN,NaN,NaN,1
30062.5913,-0.005731173,303,8,7,1,NaN,NaN,NaN,7,3,4,NaN,NaN,NaN,1
25559.9821,-0.1543001,303,8,7,1,NaN,NaN,NaN,7,5,2,NaN,NaN,NaN,1
18301.0939,1.372643,303,8,7,1,NaN,NaN,NaN,7,7,0,NaN,NaN,NaN,1
2441.3375,0.6566464,303,8,1,7,NaN,NaN,NaN,8,1,8,NaN,NaN,NaN,1
2262.1201,-0.7662471,303,8,3,6,NaN,NaN,NaN,8,1,7,NaN,NaN,NaN,1
7187.5568,-0.0540955,303,8,5,4,NaN,NaN,NaN,8,1,7,NaN,NaN,NaN,1
14417.3198,-0.001160181,303,8,7,2,NaN,NaN,NaN,8,1,7,NaN,NaN,NaN,1
5363.1368,0.08406408,303,8,3,5,NaN,NaN,NaN,8,1,8,NaN,NaN,NaN,1
659.6791,1.22817,303,8,3,5,NaN,NaN,NaN,8,3,6,NaN,NaN,NaN,1
4265.7575,-0.2630719,303,8,5,4,NaN,NaN,NaN,8,3,5,NaN,NaN,NaN,1
11495.5206,-0.005681219,303,8,7,2,NaN,NaN,NaN,8,3,5,NaN,NaN,NaN,1
9635.9161,0.01071656,303,8,5,3,NaN,NaN,NaN,8,1,8,NaN,NaN,NaN,1
4932.4584,0.2259524,303,8,5,3,NaN,NaN,NaN,8,3,6,NaN,NaN,NaN,1
7.0218,2.378781,303,8,5,3,NaN,NaN,NaN,8,5,4,NaN,NaN,NaN,1
7222.7413,-0.1023881,303,8,7,2,NaN,NaN,NaN,8,5,3,NaN,NaN,NaN,1
12155.2029,0.004897757,303,8,7,1,NaN,NaN,NaN,8,3,6,NaN,NaN,NaN,1
7229.7663,0.1023612,303,8,7,1,NaN,NaN,NaN,8,5,4,NaN,NaN,NaN,1
0.0033,3.390668,303,8,7,1,NaN,NaN,NaN,8,7,2,NaN,NaN,NaN,1
18050.1396,-2.707946,303,8,2,7,NaN,NaN,NaN,7,2,6,NaN,NaN,NaN,1
13913.8243,-0.1044977,303,8,2,7,NaN,NaN,NaN,7,4,4,NaN,NaN,NaN,1
7896.306,-0.002875444,303,8,2,7,NaN,NaN,NaN,7,6,2,NaN,NaN,NaN,1
22479.1277,0.2669141,303,8,4,5,NaN,NaN,NaN,7,2,6,NaN,NaN,NaN,1
18342.8124,-2.452403,303,8,4,5,NaN,NaN,NaN,7,4,4,NaN,NaN,NaN,1
12325.2941,-0.04481129,303,8,4,5,NaN,NaN,NaN,7,6,2,NaN,NaN,NaN,1
28467.0569,0.01105652,303,8,6,3,NaN,NaN,NaN,7,2,6,NaN,NaN,NaN,1
24330.7416,0.2026653,303,8,6,3,NaN,NaN,NaN,7,4,4,NaN,NaN,NaN,1
18313.2233,-1.875264,303,8,6,3,NaN,NaN,NaN,7,6,2,NaN,NaN,NaN,1
32808.6415,0.001888564,303,8,8,1,NaN,NaN,NaN,7,4,4,NaN,NaN,NaN,1
26791.1232,0.1037271,303,8,8,1,NaN,NaN,NaN,7,6,2,NaN,NaN,NaN,1
2515.4814,-0.6530358,303,8,2,7,NaN,NaN,NaN,8,0,8,NaN,NaN,NaN,1
1635.1634,0.8745135,303,8,2,6,NaN,NaN,NaN,8,2,7,NaN,NaN,NaN,1
4538.2577,0.2190164,303,8,4,4,NaN,NaN,NaN,8,2,7,NaN,NaN,NaN,1
10417.1342,0.01036594,303,8,6,2,NaN,NaN,NaN,8,2,7,NaN,NaN,NaN,1
6944.4695,-0.04497887,303,8,4,5,NaN,NaN,NaN,8,0,8,NaN,NaN,NaN,1
2793.8247,-0.5156421,303,8,4,5,NaN,NaN,NaN,8,2,6,NaN,NaN,NaN,1
109.2697,1.821676,303,8,4,4,NaN,NaN,NaN,8,4,5,NaN,NaN,NaN,1
5988.1461,0.1613291,303,8,6,2,NaN,NaN,NaN,8,4,5,NaN,NaN,NaN,1
14465.8291,0.00151072,303,8,8,0,NaN,NaN,NaN,8,4,5,NaN,NaN,NaN,1
12932.3987,-0.00188327,303,8,6,3,NaN,NaN,NaN,8,0,8,NaN,NaN,NaN,1
8781.7539,-0.02233903,303,8,6,3,NaN,NaN,NaN,8,2,6,NaN,NaN,NaN,1
5878.6596,-0.162671,303,8,6,3,NaN,NaN,NaN,8,4,4,NaN,NaN,NaN,1
0.2169,2.891525,303,8,6,2,NaN,NaN,NaN,8,6,3,NaN,NaN,NaN,1
8477.8999,0.05408045,303,8,8,0,NaN,NaN,NaN,8,6,3,NaN,NaN,NaN,1
14356.5594,-0.00152317,303,8,8,1,NaN,NaN,NaN,8,4,4,NaN,NaN,NaN,1
8477.683,-0.05408073,303,8,8,1,NaN,NaN,NaN,8,6,2,NaN,NaN,NaN,1
0,3.884309,303,8,8,0,NaN,NaN,NaN,8,8,1,NaN,NaN,NaN,1
20257.8887,2.88762,303,9,2,8,NaN,NaN,NaN,8,2,7,NaN,NaN,NaN,1
15828.9006,0.1154191,303,9,2,8,NaN,NaN,NaN,8,4,5,NaN,NaN,NaN,1
9840.9714,0.004823634,303,9,2,8,NaN,NaN,NaN,8,6,3,NaN,NaN,NaN,1
25066.4438,-0.2796475,303,9,4,6,NaN,NaN,NaN,8,2,7,NaN,NaN,NaN,1
20637.4557,2.688125,303,9,4,6,NaN,NaN,NaN,8,4,5,NaN,NaN,NaN,1
14649.5265,0.06933239,303,9,4,6,NaN,NaN,NaN,8,6,3,NaN,NaN,NaN,1
6171.6266,0.0006480415,303,9,4,6,NaN,NaN,NaN,8,8,1,NaN,NaN,NaN,1
31032.6574,-0.01571755,303,9,6,4,NaN,NaN,NaN,8,2,7,NaN,NaN,NaN,1
26603.6693,-0.2463118,303,9,6,4,NaN,NaN,NaN,8,4,5,NaN,NaN,NaN,1
20615.74,2.241276,303,9,6,4,NaN,NaN,NaN,8,6,3,NaN,NaN,NaN,1
12137.8402,0.01669161,303,9,6,4,NaN,NaN,NaN,8,8,1,NaN,NaN,NaN,1
35053.2418,-0.004253292,303,9,8,2,NaN,NaN,NaN,8,4,5,NaN,NaN,NaN,1
29065.3126,-0.1524357,303,9,8,2,NaN,NaN,NaN,8,6,3,NaN,NaN,NaN,1
20587.4127,1.377743,303,9,8,2,NaN,NaN,NaN,8,8,1,NaN,NaN,NaN,1
20294.764,-2.892292,303,9,1,8,NaN,NaN,NaN,8,1,7,NaN,NaN,NaN,1
17372.9648,-0.2083996,303,9,1,8,NaN,NaN,NaN,8,3,5,NaN,NaN,NaN,1
13100.1855,-0.02626093,303,9,1,8,NaN,NaN,NaN,8,5,3,NaN,NaN,NaN,1
5877.4409,-0.000567391,303,9,1,8,NaN,NaN,NaN,8,7,1,NaN,NaN,NaN,1
23830.6618,0.3867723,303,9,3,6,NaN,NaN,NaN,8,1,7,NaN,NaN,NaN,1
20908.8626,-2.845805,303,9,3,6,NaN,NaN,NaN,8,3,5,NaN,NaN,NaN,1
16636.0833,-0.1417881,303,9,3,6,NaN,NaN,NaN,8,5,3,NaN,NaN,NaN,1
9413.3387,-0.003050482,303,9,3,6,NaN,NaN,NaN,8,7,1,NaN,NaN,NaN,1
27850.2276,0.06679186,303,9,5,4,NaN,NaN,NaN,8,1,7,NaN,NaN,NaN,1
24928.4283,0.3348157,303,9,5,4,NaN,NaN,NaN,8,3,5,NaN,NaN,NaN,1
20655.649,-2.499638,303,9,5,4,NaN,NaN,NaN,8,5,3,NaN,NaN,NaN,1
13432.9045,-0.03792802,303,9,5,4,NaN,NaN,NaN,8,7,1,NaN,NaN,NaN,1
35015.8699,0.002234902,303,9,7,2,NaN,NaN,NaN,8,1,7,NaN,NaN,NaN,1
32094.0706,0.01094418,303,9,7,2,NaN,NaN,NaN,8,3,5,NaN,NaN,NaN,1
27821.2913,0.1978091,303,9,7,2,NaN,NaN,NaN,8,5,3,NaN,NaN,NaN,1
20598.5468,-1.890175,303,9,7,2,NaN,NaN,NaN,8,7,1,NaN,NaN,NaN,1
37516.17,0.00155954,303,9,9,0,NaN,NaN,NaN,8,5,3,NaN,NaN,NaN,1
30293.4254,0.103297,303,9,9,0,NaN,NaN,NaN,8,7,1,NaN,NaN,NaN,1
19921.1997,2.96007,303,9,1,9,NaN,NaN,NaN,8,1,8,NaN,NaN,NaN,1
15217.7421,0.07041119,303,9,1,9,NaN,NaN,NaN,8,3,6,NaN,NaN,NaN,1
10292.3054,0.004702791,303,9,1,9,NaN,NaN,NaN,8,5,4,NaN,NaN,NaN,1
25225.2908,-0.177505,303,9,3,7,NaN,NaN,NaN,8,1,8,NaN,NaN,NaN,1
20521.8331,2.810655,303,9,3,7,NaN,NaN,NaN,8,3,6,NaN,NaN,NaN,1
15596.3964,0.1073822,303,9,3,7,NaN,NaN,NaN,8,5,4,NaN,NaN,NaN,1
8366.6334,0.002299441,303,9,3,7,NaN,NaN,NaN,8,7,2,NaN,NaN,NaN,1
30268.149,-0.01363405,303,9,5,5,NaN,NaN,NaN,8,1,8,NaN,NaN,NaN,1
25564.6914,-0.2915506,303,9,5,5,NaN,NaN,NaN,8,3,6,NaN,NaN,NaN,1
20639.2547,2.499518,303,9,5,5,NaN,NaN,NaN,8,5,4,NaN,NaN,NaN,1
13409.4917,0.03789227,303,9,5,5,NaN,NaN,NaN,8,7,2,NaN,NaN,NaN,1
37457.1818,-0.0004460754,303,9,7,3,NaN,NaN,NaN,8,1,8,NaN,NaN,NaN,1
32753.7241,-0.009435094,303,9,7,3,NaN,NaN,NaN,8,3,6,NaN,NaN,NaN,1
27828.2874,-0.1977584,303,9,7,3,NaN,NaN,NaN,8,5,4,NaN,NaN,NaN,1
20598.5244,1.890175,303,9,7,3,NaN,NaN,NaN,8,7,2,NaN,NaN,NaN,1
37523.1917,-0.001559133,303,9,9,1,NaN,NaN,NaN,8,5,4,NaN,NaN,NaN,1
30293.4287,-0.103297,303,9,9,1,NaN,NaN,NaN,8,7,2,NaN,NaN,NaN,1
2814.9018,-0.6621059,303,9,1,8,NaN,NaN,NaN,9,1,9,NaN,NaN,NaN,1
6350.7996,-0.06471262,303,9,3,6,NaN,NaN,NaN,9,1,9,NaN,NaN,NaN,1
10370.3653,-0.01165818,303,9,5,4,NaN,NaN,NaN,9,1,9,NaN,NaN,NaN,1
17536.0077,-0.000390328,303,9,7,2,NaN,NaN,NaN,9,1,9,NaN,NaN,NaN,1
2489.1892,0.8240786,303,9,3,7,NaN,NaN,NaN,9,1,8,NaN,NaN,NaN,1
1046.7086,-1.122239,303,9,3,6,NaN,NaN,NaN,9,3,7,NaN,NaN,NaN,1
5066.2743,-0.2646273,303,9,5,4,NaN,NaN,NaN,9,3,7,NaN,NaN,NaN,1
12231.9167,-0.008900398,303,9,7,2,NaN,NaN,NaN,9,3,7,NaN,NaN,NaN,1
7532.0475,0.06710855,303,9,5,5,NaN,NaN,NaN,9,1,8,NaN,NaN,NaN,1
3996.1497,0.3556162,303,9,5,5,NaN,NaN,NaN,9,3,6,NaN,NaN,NaN,1
23.416,-2.216427,303,9,5,4,NaN,NaN,NaN,9,5,5,NaN,NaN,NaN,1
7189.0584,-0.1465455,303,9,7,2,NaN,NaN,NaN,9,5,5,NaN,NaN,NaN,1
16883.937,-0.001159234,303,9,9,0,NaN,NaN,NaN,9,5,5,NaN,NaN,NaN,1
14721.0802,0.002196259,303,9,7,3,NaN,NaN,NaN,9,1,8,NaN,NaN,NaN,1
11185.1824,0.01180767,303,9,7,3,NaN,NaN,NaN,9,3,6,NaN,NaN,NaN,1
7165.6167,0.1466849,303,9,7,3,NaN,NaN,NaN,9,5,4,NaN,NaN,NaN,1
0.0257,-3.195788,303,9,7,2,NaN,NaN,NaN,9,7,3,NaN,NaN,NaN,1
9694.9043,-0.05051896,303,9,9,0,NaN,NaN,NaN,9,7,3,NaN,NaN,NaN,1
16860.5209,0.001160329,303,9,9,1,NaN,NaN,NaN,9,5,4,NaN,NaN,NaN,1
9694.8786,0.05051898,303,9,9,1,NaN,NaN,NaN,9,7,2,NaN,NaN,NaN,1
0,-4.132453,303,9,9,0,NaN,NaN,NaN,9,9,1,NaN,NaN,NaN,1
19922.7498,-2.960187,303,9,0,9,NaN,NaN,NaN,8,0,8,NaN,NaN,NaN,1
15772.105,-0.07799882,303,9,0,9,NaN,NaN,NaN,8,2,6,NaN,NaN,NaN,1
12869.0107,-0.01743405,303,9,0,9,NaN,NaN,NaN,8,4,4,NaN,NaN,NaN,1
6990.1342,-0.0008220061,303,9,0,9,NaN,NaN,NaN,8,6,2,NaN,NaN,NaN,1
24867.8709,0.1846336,303,9,2,7,NaN,NaN,NaN,8,0,8,NaN,NaN,NaN,1
20717.2261,-2.873154,303,9,2,7,NaN,NaN,NaN,8,2,6,NaN,NaN,NaN,1
17814.1317,-0.2820856,303,9,2,7,NaN,NaN,NaN,8,4,4,NaN,NaN,NaN,1
11935.2553,-0.01306874,303,9,2,7,NaN,NaN,NaN,8,6,2,NaN,NaN,NaN,1
27832.8904,0.03942551,303,9,4,5,NaN,NaN,NaN,8,0,8,NaN,NaN,NaN,1
23682.2456,0.5024995,303,9,4,5,NaN,NaN,NaN,8,2,6,NaN,NaN,NaN,1
20779.1512,-2.69477,303,9,4,5,NaN,NaN,NaN,8,4,4,NaN,NaN,NaN,1
14900.2748,-0.07100798,303,9,4,5,NaN,NaN,NaN,8,6,2,NaN,NaN,NaN,1
6422.5918,-0.0006637679,303,9,4,5,NaN,NaN,NaN,8,8,0,NaN,NaN,NaN,1
33549.1969,0.00285185,303,9,6,3,NaN,NaN,NaN,8,0,8,NaN,NaN,NaN,1
29398.5521,0.03383628,303,9,6,3,NaN,NaN,NaN,8,2,6,NaN,NaN,NaN,1
26495.4577,0.2482789,303,9,6,3,NaN,NaN,NaN,8,4,4,NaN,NaN,NaN,1
20616.5813,-2.241278,303,9,6,3,NaN,NaN,NaN,8,6,2,NaN,NaN,NaN,1
12138.8983,-0.01669205,303,9,6,3,NaN,NaN,NaN,8,8,0,NaN,NaN,NaN,1
37847.0668,0.000588145,303,9,8,1,NaN,NaN,NaN,8,2,6,NaN,NaN,NaN,1
34943.9725,0.004288343,303,9,8,1,NaN,NaN,NaN,8,4,4,NaN,NaN,NaN,1
29065.096,0.1524365,303,9,8,1,NaN,NaN,NaN,8,6,2,NaN,NaN,NaN,1
20587.413,-1.377743,303,9,8,1,NaN,NaN,NaN,8,8,0,NaN,NaN,NaN,1
2850.6203,0.6608839,303,9,2,8,NaN,NaN,NaN,9,0,9,NaN,NaN,NaN,1
7659.1754,0.04405488,303,9,4,6,NaN,NaN,NaN,9,0,9,NaN,NaN,NaN,1
13625.3889,0.002504347,303,9,6,4,NaN,NaN,NaN,9,0,9,NaN,NaN,NaN,1
2094.5008,-0.868294,303,9,2,7,NaN,NaN,NaN,9,2,8,NaN,NaN,NaN,1
2714.0543,0.6660874,303,9,4,6,NaN,NaN,NaN,9,2,7,NaN,NaN,NaN,1
8680.2679,0.03981013,303,9,6,4,NaN,NaN,NaN,9,2,7,NaN,NaN,NaN,1
17129.8404,0.0006914873,303,9,8,2,NaN,NaN,NaN,9,2,7,NaN,NaN,NaN,1
5059.5203,-0.2021557,303,9,4,5,NaN,NaN,NaN,9,2,8,NaN,NaN,NaN,1
250.9652,-1.650136,303,9,4,5,NaN,NaN,NaN,9,4,6,NaN,NaN,NaN,1
5715.2484,0.2155872,303,9,6,4,NaN,NaN,NaN,9,4,5,NaN,NaN,NaN,1
14164.8209,0.003755026,303,9,8,2,NaN,NaN,NaN,9,4,5,NaN,NaN,NaN,1
10775.8268,-0.01467706,303,9,6,3,NaN,NaN,NaN,9,2,8,NaN,NaN,NaN,1
5967.2717,-0.2104043,303,9,6,3,NaN,NaN,NaN,9,4,6,NaN,NaN,NaN,1
1.0581,-2.717065,303,9,6,3,NaN,NaN,NaN,9,6,4,NaN,NaN,NaN,1
8448.5144,0.09440686,303,9,8,2,NaN,NaN,NaN,9,6,3,NaN,NaN,NaN,1
14415.7864,-0.003666059,303,9,8,1,NaN,NaN,NaN,9,4,6,NaN,NaN,NaN,1
8449.5729,-0.09440437,303,9,8,1,NaN,NaN,NaN,9,6,4,NaN,NaN,NaN,1
0.0003,-3.666109,303,9,8,1,NaN,NaN,NaN,9,8,2,NaN,NaN,NaN,1
22116.3453,3.124333,303,10,0,10,NaN,NaN,NaN,9,0,9,NaN,NaN,NaN,1
17171.2243,0.06980405,303,10,0,10,NaN,NaN,NaN,9,2,7,NaN,NaN,NaN,1
14206.2047,0.01498192,303,10,0,10,NaN,NaN,NaN,9,4,5,NaN,NaN,NaN,1
8489.8983,0.001083946,303,10,0,10,NaN,NaN,NaN,9,6,3,NaN,NaN,NaN,1
27850.1261,-0.1724245,303,10,2,8,NaN,NaN,NaN,9,0,9,NaN,NaN,NaN,1
22905.0051,3.021852,303,10,2,8,NaN,NaN,NaN,9,2,7,NaN,NaN,NaN,1
19939.9856,0.314592,303,10,2,8,NaN,NaN,NaN,9,4,5,NaN,NaN,NaN,1
14223.6791,0.02228985,303,10,2,8,NaN,NaN,NaN,9,6,3,NaN,NaN,NaN,1
5775.1643,0.0003874984,303,10,2,8,NaN,NaN,NaN,9,8,1,NaN,NaN,NaN,1
31072.371,-0.03143036,303,10,4,6,NaN,NaN,NaN,9,0,9,NaN,NaN,NaN,1
26127.2499,-0.5409295,303,10,4,6,NaN,NaN,NaN,9,2,7,NaN,NaN,NaN,1
23162.2304,2.912459,303,10,4,6,NaN,NaN,NaN,9,4,5,NaN,NaN,NaN,1
17445.9239,0.1017783,303,10,4,6,NaN,NaN,NaN,9,6,3,NaN,NaN,NaN,1
8997.4092,0.001766837,303,10,4,6,NaN,NaN,NaN,9,8,1,NaN,NaN,NaN,1
36552.1812,-0.003380751,303,10,6,4,NaN,NaN,NaN,9,0,9,NaN,NaN,NaN,1
31607.0601,-0.0537717,303,10,6,4,NaN,NaN,NaN,9,2,7,NaN,NaN,NaN,1
28642.0406,-0.2951782,303,10,6,4,NaN,NaN,NaN,9,4,5,NaN,NaN,NaN,1
22925.7341,2.53559,303,10,6,4,NaN,NaN,NaN,9,6,3,NaN,NaN,NaN,1
14477.2194,0.03276582,303,10,6,4,NaN,NaN,NaN,9,8,1,NaN,NaN,NaN,1
40014.0064,-0.001418696,303,10,8,2,NaN,NaN,NaN,9,2,7,NaN,NaN,NaN,1
37048.9869,-0.00770408,303,10,8,2,NaN,NaN,NaN,9,4,5,NaN,NaN,NaN,1
31332.6804,-0.1941212,303,10,8,2,NaN,NaN,NaN,9,6,3,NaN,NaN,NaN,1
22884.1656,1.902002,303,10,8,2,NaN,NaN,NaN,9,8,1,NaN,NaN,NaN,1
42244.1324,-0.001325535,303,10,10,0,NaN,NaN,NaN,9,6,3,NaN,NaN,NaN,1
33795.6177,-0.1029604,303,10,10,0,NaN,NaN,NaN,9,8,1,NaN,NaN,NaN,1
22115.7106,-3.124294,303,10,1,10,NaN,NaN,NaN,9,1,9,NaN,NaN,NaN,1
16811.6195,-0.06699601,303,10,1,10,NaN,NaN,NaN,9,3,7,NaN,NaN,NaN,1
11768.7613,-0.005164227,303,10,1,10,NaN,NaN,NaN,9,5,5,NaN,NaN,NaN,1
28060.9008,0.1699615,303,10,3,8,NaN,NaN,NaN,9,1,9,NaN,NaN,NaN,1
22756.8098,-2.989873,303,10,3,8,NaN,NaN,NaN,9,3,7,NaN,NaN,NaN,1
17713.9515,-0.1302425,303,10,3,8,NaN,NaN,NaN,9,5,5,NaN,NaN,NaN,1
10524.9188,-0.004252625,303,10,3,8,NaN,NaN,NaN,9,7,3,NaN,NaN,NaN,1
33295.1433,0.01398387,303,10,5,6,NaN,NaN,NaN,9,1,9,NaN,NaN,NaN,1
27991.0523,0.3232707,303,10,5,6,NaN,NaN,NaN,9,3,7,NaN,NaN,NaN,1
22948.194,-2.743485,303,10,5,6,NaN,NaN,NaN,9,5,5,NaN,NaN,NaN,1
15759.1612,-0.05898503,303,10,5,6,NaN,NaN,NaN,9,7,3,NaN,NaN,NaN,1
6064.257,-0.0004661138,303,10,5,6,NaN,NaN,NaN,9,9,1,NaN,NaN,NaN,1
40435.4778,0.0006332078,303,10,7,4,NaN,NaN,NaN,9,1,9,NaN,NaN,NaN,1
35131.3868,0.01443896,303,10,7,4,NaN,NaN,NaN,9,3,7,NaN,NaN,NaN,1
30088.5285,0.238912,303,10,7,4,NaN,NaN,NaN,9,5,5,NaN,NaN,NaN,1
22899.4958,-2.263725,303,10,7,4,NaN,NaN,NaN,9,7,3,NaN,NaN,NaN,1
13204.5915,-0.01468676,303,10,7,4,NaN,NaN,NaN,9,9,1,NaN,NaN,NaN,1
39757.7449,0.003462727,303,10,9,2,NaN,NaN,NaN,9,5,5,NaN,NaN,NaN,1
32568.7122,0.1510491,303,10,9,2,NaN,NaN,NaN,9,7,3,NaN,NaN,NaN,1
22873.8079,-1.381807,303,10,9,2,NaN,NaN,NaN,9,9,1,NaN,NaN,NaN,1
22478.0751,3.057243,303,10,1,9,NaN,NaN,NaN,9,1,8,NaN,NaN,NaN,1
18942.1773,0.173407,303,10,1,9,NaN,NaN,NaN,9,3,6,NaN,NaN,NaN,1
14922.6115,0.03100239,303,10,1,9,NaN,NaN,NaN,9,5,4,NaN,NaN,NaN,1
7756.9692,0.001037877,303,10,1,9,NaN,NaN,NaN,9,7,2,NaN,NaN,NaN,1
26751.5237,-0.3409822,303,10,3,7,NaN,NaN,NaN,9,1,8,NaN,NaN,NaN,1
23215.6259,3.022939,303,10,3,7,NaN,NaN,NaN,9,3,6,NaN,NaN,NaN,1
19196.0601,0.2037067,303,10,3,7,NaN,NaN,NaN,9,5,4,NaN,NaN,NaN,1
12030.4178,0.006758162,303,10,3,7,NaN,NaN,NaN,9,7,2,NaN,NaN,NaN,1
30545.705,-0.07424626,303,10,5,5,NaN,NaN,NaN,9,1,8,NaN,NaN,NaN,1
27009.8072,-0.4157901,303,10,5,5,NaN,NaN,NaN,9,3,6,NaN,NaN,NaN,1
22990.2414,2.74407,303,10,5,5,NaN,NaN,NaN,9,5,4,NaN,NaN,NaN,1
15824.5991,0.05916184,303,10,5,5,NaN,NaN,NaN,9,7,2,NaN,NaN,NaN,1
6129.7205,0.0004675151,303,10,5,5,NaN,NaN,NaN,9,9,0,NaN,NaN,NaN,1
37620.7185,-0.003562339,303,10,7,3,NaN,NaN,NaN,9,1,8,NaN,NaN,NaN,1
34084.8207,-0.01915346,303,10,7,3,NaN,NaN,NaN,9,3,6,NaN,NaN,NaN,1
30065.255,-0.239132,303,10,7,3,NaN,NaN,NaN,9,5,4,NaN,NaN,NaN,1
22899.6126,2.263725,303,10,7,3,NaN,NaN,NaN,9,7,2,NaN,NaN,NaN,1
13204.734,0.0146868,303,10,7,3,NaN,NaN,NaN,9,9,0,NaN,NaN,NaN,1
39734.3289,-0.003465998,303,10,9,1,NaN,NaN,NaN,9,5,4,NaN,NaN,NaN,1
32568.6866,-0.1510492,303,10,9,1,NaN,NaN,NaN,9,7,2,NaN,NaN,NaN,1
22873.808,1.381807,303,10,9,1,NaN,NaN,NaN,9,9,0,NaN,NaN,NaN,1
3177.2663,0.6667053,303,10,1,9,NaN,NaN,NaN,10,1,10,NaN,NaN,NaN,1
2767.924,-0.8589683,303,10,3,8,NaN,NaN,NaN,10,1,9,NaN,NaN,NaN,1
8002.1664,-0.07462209,303,10,5,6,NaN,NaN,NaN,10,1,9,NaN,NaN,NaN,1
15142.5009,-0.003380111,303,10,7,4,NaN,NaN,NaN,10,1,9,NaN,NaN,NaN,1
7450.7149,0.05116674,303,10,3,7,NaN,NaN,NaN,10,1,10,NaN,NaN,NaN,1
1505.5246,1.056908,303,10,3,7,NaN,NaN,NaN,10,3,8,NaN,NaN,NaN,1
3728.7178,-0.4731771,303,10,5,6,NaN,NaN,NaN,10,3,7,NaN,NaN,NaN,1
10869.0524,-0.02200868,303,10,7,4,NaN,NaN,NaN,10,3,7,NaN,NaN,NaN,1
20538.2688,-0.0003203421,303,10,9,2,NaN,NaN,NaN,10,3,7,NaN,NaN,NaN,1
11244.8962,0.01145881,303,10,5,5,NaN,NaN,NaN,10,1,10,NaN,NaN,NaN,1
5299.7059,0.2868,303,10,5,5,NaN,NaN,NaN,10,3,8,NaN,NaN,NaN,1
65.4635,2.061303,303,10,5,5,NaN,NaN,NaN,10,5,6,NaN,NaN,NaN,1
7074.8711,-0.192329,303,10,7,4,NaN,NaN,NaN,10,5,5,NaN,NaN,NaN,1
16744.0875,-0.002803568,303,10,9,2,NaN,NaN,NaN,10,5,5,NaN,NaN,NaN,1
18319.9098,0.000550194,303,10,7,3,NaN,NaN,NaN,10,1,10,NaN,NaN,NaN,1
12374.7195,0.01384754,303,10,7,3,NaN,NaN,NaN,10,3,8,NaN,NaN,NaN,1
7140.4771,0.191746,303,10,7,3,NaN,NaN,NaN,10,5,6,NaN,NaN,NaN,1
0.1425,3.025367,303,10,7,3,NaN,NaN,NaN,10,7,4,NaN,NaN,NaN,1
9669.0739,-0.08805786,303,10,9,2,NaN,NaN,NaN,10,7,3,NaN,NaN,NaN,1
16809.551,0.002795165,303,10,9,1,NaN,NaN,NaN,10,5,6,NaN,NaN,NaN,1
9669.2164,0.08805764,303,10,9,1,NaN,NaN,NaN,10,7,4,NaN,NaN,NaN,1
0,3.923566,303,10,9,1,NaN,NaN,NaN,10,9,2,NaN,NaN,NaN,1
22459.386,-3.055522,303,10,2,9,NaN,NaN,NaN,9,2,8,NaN,NaN,NaN,1
17650.8309,-0.1195812,303,10,2,9,NaN,NaN,NaN,9,4,6,NaN,NaN,NaN,1
11684.6173,-0.006784692,303,10,2,9,NaN,NaN,NaN,9,6,4,NaN,NaN,NaN,1
27730.646,0.2826878,303,10,4,7,NaN,NaN,NaN,9,2,8,NaN,NaN,NaN,1
22922.0909,-2.894918,303,10,4,7,NaN,NaN,NaN,9,4,6,NaN,NaN,NaN,1
16955.8773,-0.09572259,303,10,4,7,NaN,NaN,NaN,9,6,4,NaN,NaN,NaN,1
8506.3048,-0.001660941,303,10,4,7,NaN,NaN,NaN,9,8,2,NaN,NaN,NaN,1
33697.4711,0.01990708,303,10,6,5,NaN,NaN,NaN,9,2,8,NaN,NaN,NaN,1
28888.916,0.2884808,303,10,6,5,NaN,NaN,NaN,9,4,6,NaN,NaN,NaN,1
22922.7024,-2.535581,303,10,6,5,NaN,NaN,NaN,9,6,4,NaN,NaN,NaN,1
14473.1299,-0.03276233,303,10,6,5,NaN,NaN,NaN,9,8,2,NaN,NaN,NaN,1
42108.5043,0.0005235263,303,10,8,3,NaN,NaN,NaN,9,2,8,NaN,NaN,NaN,1
37299.9492,0.007521559,303,10,8,3,NaN,NaN,NaN,9,4,6,NaN,NaN,NaN,1
31333.7357,0.1941162,303,10,8,3,NaN,NaN,NaN,9,6,4,NaN,NaN,NaN,1
22884.1631,-1.902002,303,10,8,3,NaN,NaN,NaN,9,8,2,NaN,NaN,NaN,1
42245.1905,0.0013255,303,10,10,1,NaN,NaN,NaN,9,6,4,NaN,NaN,NaN,1
33795.618,0.1029604,303,10,10,1,NaN,NaN,NaN,9,8,2,NaN,NaN,NaN,1
3193.6609,-0.6662864,303,10,2,9,NaN,NaN,NaN,10,0,10,NaN,NaN,NaN,1
2540.1199,0.8755045,303,10,2,8,NaN,NaN,NaN,10,2,9,NaN,NaN,NaN,1
5762.3647,0.1704585,303,10,4,6,NaN,NaN,NaN,10,2,9,NaN,NaN,NaN,1
11242.1749,0.01838691,303,10,6,4,NaN,NaN,NaN,10,2,9,NaN,NaN,NaN,1
19649.1212,0.0004853371,303,10,8,2,NaN,NaN,NaN,10,2,9,NaN,NaN,NaN,1
8464.921,-0.04145506,303,10,4,7,NaN,NaN,NaN,10,0,10,NaN,NaN,NaN,1
2731.1402,-0.8006463,303,10,4,7,NaN,NaN,NaN,10,2,8,NaN,NaN,NaN,1
491.1047,1.487323,303,10,4,6,NaN,NaN,NaN,10,4,7,NaN,NaN,NaN,1
5970.9149,0.2582505,303,10,6,4,NaN,NaN,NaN,10,4,7,NaN,NaN,NaN,1
14377.8612,0.00684112,303,10,8,2,NaN,NaN,NaN,10,4,7,NaN,NaN,NaN,1
14431.7461,-0.002951368,303,10,6,5,NaN,NaN,NaN,10,0,10,NaN,NaN,NaN,1
8697.9652,-0.06067302,303,10,6,5,NaN,NaN,NaN,10,2,8,NaN,NaN,NaN,1
5475.7204,-0.2751071,303,10,6,5,NaN,NaN,NaN,10,4,6,NaN,NaN,NaN,1
4.0898,2.560818,303,10,6,4,NaN,NaN,NaN,10,6,5,NaN,NaN,NaN,1
8411.0361,0.1348659,303,10,8,2,NaN,NaN,NaN,10,6,5,NaN,NaN,NaN,1
19322.4881,0.0009232283,303,10,10,0,NaN,NaN,NaN,10,6,5,NaN,NaN,NaN,1
17108.9985,-0.001596045,303,10,8,3,NaN,NaN,NaN,10,2,8,NaN,NaN,NaN,1
13886.7537,-0.007277298,303,10,8,3,NaN,NaN,NaN,10,4,6,NaN,NaN,NaN,1
8406.9434,-0.1348804,303,10,8,3,NaN,NaN,NaN,10,6,4,NaN,NaN,NaN,1
0.0028,3.477356,303,10,8,2,NaN,NaN,NaN,10,8,3,NaN,NaN,NaN,1
10911.4549,0.04758254,303,10,10,0,NaN,NaN,NaN,10,8,3,NaN,NaN,NaN,1
19318.3983,-0.0009233268,303,10,10,1,NaN,NaN,NaN,10,6,4,NaN,NaN,NaN,1
10911.452,-0.04758254,303,10,10,1,NaN,NaN,NaN,10,8,2,NaN,NaN,NaN,1
0,4.366738,303,10,10,0,NaN,NaN,NaN,10,10,1,NaN,NaN,NaN,1
24657.1005,3.214222,303,11,2,10,NaN,NaN,NaN,10,2,9,NaN,NaN,NaN,1
19385.8405,0.1187998,303,11,2,10,NaN,NaN,NaN,10,4,7,NaN,NaN,NaN,1
13419.0154,0.008442742,303,11,2,10,NaN,NaN,NaN,10,6,5,NaN,NaN,NaN,1
30464.342,-0.2790078,303,11,4,8,NaN,NaN,NaN,10,2,9,NaN,NaN,NaN,1
25193.0819,3.080043,303,11,4,8,NaN,NaN,NaN,10,4,7,NaN,NaN,NaN,1
19226.2569,0.1226257,303,11,4,8,NaN,NaN,NaN,10,6,5,NaN,NaN,NaN,1
10815.2236,0.00321986,303,11,4,8,NaN,NaN,NaN,10,8,3,NaN,NaN,NaN,1
36471.9991,-0.02302045,303,11,6,6,NaN,NaN,NaN,10,2,9,NaN,NaN,NaN,1
31200.7391,-0.3283788,303,11,6,6,NaN,NaN,NaN,10,4,7,NaN,NaN,NaN,1
25233.914,2.785917,303,11,6,6,NaN,NaN,NaN,10,6,5,NaN,NaN,NaN,1
16822.8807,0.051055,303,11,6,6,NaN,NaN,NaN,10,8,3,NaN,NaN,NaN,1
5911.4259,0.0003492652,303,11,6,6,NaN,NaN,NaN,10,10,1,NaN,NaN,NaN,1
44833.0289,-0.0008357163,303,11,8,4,NaN,NaN,NaN,10,2,9,NaN,NaN,NaN,1
39561.7689,-0.01178008,303,11,8,4,NaN,NaN,NaN,10,4,7,NaN,NaN,NaN,1
33594.9438,-0.2330913,303,11,8,4,NaN,NaN,NaN,10,6,5,NaN,NaN,NaN,1
25183.9106,2.281891,303,11,8,4,NaN,NaN,NaN,10,8,3,NaN,NaN,NaN,1
14272.4557,0.013114,303,11,8,4,NaN,NaN,NaN,10,10,1,NaN,NaN,NaN,1
44482.7406,-0.002907587,303,11,10,2,NaN,NaN,NaN,10,6,5,NaN,NaN,NaN,1
36071.7074,-0.1499772,303,11,10,2,NaN,NaN,NaN,10,8,3,NaN,NaN,NaN,1
25160.2525,1.38512,303,11,10,2,NaN,NaN,NaN,10,10,1,NaN,NaN,NaN,1
24665.9842,-3.214857,303,11,1,10,NaN,NaN,NaN,10,1,9,NaN,NaN,NaN,1
20392.5356,-0.1459582,303,11,1,10,NaN,NaN,NaN,10,3,7,NaN,NaN,NaN,1
16598.3543,-0.03253298,303,11,1,10,NaN,NaN,NaN,10,5,5,NaN,NaN,NaN,1
9523.3408,-0.001561875,303,11,1,10,NaN,NaN,NaN,10,7,3,NaN,NaN,NaN,1
29752.89,0.3060585,303,11,3,8,NaN,NaN,NaN,10,1,9,NaN,NaN,NaN,1
25479.4414,-3.175106,303,11,3,8,NaN,NaN,NaN,10,3,7,NaN,NaN,NaN,1
21685.2601,-0.2753315,303,11,3,8,NaN,NaN,NaN,10,5,5,NaN,NaN,NaN,1
14610.2465,-0.01301096,303,11,3,8,NaN,NaN,NaN,10,7,3,NaN,NaN,NaN,1
33415.1022,0.07302622,303,11,5,6,NaN,NaN,NaN,10,1,9,NaN,NaN,NaN,1
29141.6536,0.5063196,303,11,5,6,NaN,NaN,NaN,10,3,7,NaN,NaN,NaN,1
25347.4723,-2.960494,303,11,5,6,NaN,NaN,NaN,10,5,5,NaN,NaN,NaN,1
18272.4587,-0.08308762,303,11,5,6,NaN,NaN,NaN,10,7,3,NaN,NaN,NaN,1
8603.3848,-0.001208698,303,11,5,6,NaN,NaN,NaN,10,9,1,NaN,NaN,NaN,1
40347.5555,0.004880505,303,11,7,4,NaN,NaN,NaN,10,1,9,NaN,NaN,NaN,1
36074.1069,0.03178473,303,11,7,4,NaN,NaN,NaN,10,3,7,NaN,NaN,NaN,1
32279.9256,0.2800116,303,11,7,4,NaN,NaN,NaN,10,5,5,NaN,NaN,NaN,1
25204.9121,-2.564469,303,11,7,4,NaN,NaN,NaN,10,7,3,NaN,NaN,NaN,1
15535.8381,-0.02886025,303,11,7,4,NaN,NaN,NaN,10,9,1,NaN,NaN,NaN,1
45708.3138,0.0006950277,303,11,9,2,NaN,NaN,NaN,10,3,7,NaN,NaN,NaN,1
41914.1325,0.006082755,303,11,9,2,NaN,NaN,NaN,10,5,5,NaN,NaN,NaN,1
34839.119,0.191395,303,11,9,2,NaN,NaN,NaN,10,7,3,NaN,NaN,NaN,1
25170.045,-1.911615,303,11,9,2,NaN,NaN,NaN,10,9,1,NaN,NaN,NaN,1
46966.803,0.001152202,303,11,11,0,NaN,NaN,NaN,10,7,3,NaN,NaN,NaN,1
37297.7291,0.1026899,303,11,11,0,NaN,NaN,NaN,10,9,1,NaN,NaN,NaN,1
24309.9952,3.280309,303,11,1,11,NaN,NaN,NaN,10,1,10,NaN,NaN,NaN,1
18364.8049,0.06342017,303,11,1,11,NaN,NaN,NaN,10,3,8,NaN,NaN,NaN,1
13130.5625,0.005233209,303,11,1,11,NaN,NaN,NaN,10,5,6,NaN,NaN,NaN,1
30923.5958,-0.1625215,303,11,3,9,NaN,NaN,NaN,10,1,10,NaN,NaN,NaN,1
24978.4056,3.154947,303,11,3,9,NaN,NaN,NaN,10,3,8,NaN,NaN,NaN,1
19744.1631,0.1472435,303,11,3,9,NaN,NaN,NaN,10,5,6,NaN,NaN,NaN,1
12603.8286,0.006650222,303,11,3,9,NaN,NaN,NaN,10,7,4,NaN,NaN,NaN,1
36434.7326,-0.01351427,303,11,5,7,NaN,NaN,NaN,10,1,10,NaN,NaN,NaN,1
30489.5424,-0.3454659,303,11,5,7,NaN,NaN,NaN,10,3,8,NaN,NaN,NaN,1
25255.2999,2.958074,303,11,5,7,NaN,NaN,NaN,10,5,6,NaN,NaN,NaN,1
18114.9654,0.08236491,303,11,5,7,NaN,NaN,NaN,10,7,4,NaN,NaN,NaN,1
8445.749,0.001198132,303,11,5,7,NaN,NaN,NaN,10,9,2,NaN,NaN,NaN,1
43524.1975,-0.0007949194,303,11,7,5,NaN,NaN,NaN,10,1,10,NaN,NaN,NaN,1
37579.0072,-0.02000783,303,11,7,5,NaN,NaN,NaN,10,3,8,NaN,NaN,NaN,1
32344.7648,-0.2792014,303,11,7,5,NaN,NaN,NaN,10,5,6,NaN,NaN,NaN,1
25204.4302,2.564468,303,11,7,5,NaN,NaN,NaN,10,7,4,NaN,NaN,NaN,1
15535.2138,0.02885992,303,11,7,5,NaN,NaN,NaN,10,9,2,NaN,NaN,NaN,1
47213.8381,-0.0004373431,303,11,9,3,NaN,NaN,NaN,10,3,8,NaN,NaN,NaN,1
41979.5957,-0.006064524,303,11,9,3,NaN,NaN,NaN,10,5,6,NaN,NaN,NaN,1
34839.2612,-0.1913945,303,11,9,3,NaN,NaN,NaN,10,7,4,NaN,NaN,NaN,1
25170.0448,1.911615,303,11,9,3,NaN,NaN,NaN,10,9,2,NaN,NaN,NaN,1
46966.9455,-0.001152199,303,11,11,1,NaN,NaN,NaN,10,7,4,NaN,NaN,NaN,1
37297.7291,-0.1026899,303,11,11,1,NaN,NaN,NaN,10,9,2,NaN,NaN,NaN,1
3533.2554,-0.6704665,303,11,1,10,NaN,NaN,NaN,11,1,11,NaN,NaN,NaN,1
8620.1611,-0.04223947,303,11,3,8,NaN,NaN,NaN,11,1,11,NaN,NaN,NaN,1
12282.3733,-0.01026395,303,11,5,6,NaN,NaN,NaN,11,1,11,NaN,NaN,NaN,1
19214.8267,-0.000686452,303,11,7,4,NaN,NaN,NaN,11,1,11,NaN,NaN,NaN,1
3080.3453,0.8807213,303,11,3,9,NaN,NaN,NaN,11,1,10,NaN,NaN,NaN,1
2006.5605,-1.027186,303,11,3,8,NaN,NaN,NaN,11,3,9,NaN,NaN,NaN,1
5668.7727,-0.286362,303,11,5,6,NaN,NaN,NaN,11,3,9,NaN,NaN,NaN,1
12601.226,-0.01926385,303,11,7,4,NaN,NaN,NaN,11,3,9,NaN,NaN,NaN,1
22235.4329,-0.0004213166,303,11,9,2,NaN,NaN,NaN,11,3,9,NaN,NaN,NaN,1
8591.4821,0.07694089,303,11,5,7,NaN,NaN,NaN,11,1,10,NaN,NaN,NaN,1
3504.5763,0.6142993,303,11,5,7,NaN,NaN,NaN,11,3,8,NaN,NaN,NaN,1
157.6359,-1.905285,303,11,5,6,NaN,NaN,NaN,11,5,7,NaN,NaN,NaN,1
7090.0892,-0.2378803,303,11,7,4,NaN,NaN,NaN,11,5,7,NaN,NaN,NaN,1
16724.2961,-0.005215252,303,11,9,2,NaN,NaN,NaN,11,5,7,NaN,NaN,NaN,1
15680.9469,0.004527267,303,11,7,5,NaN,NaN,NaN,11,1,10,NaN,NaN,NaN,1
10594.0412,0.03770881,303,11,7,5,NaN,NaN,NaN,11,3,8,NaN,NaN,NaN,1
6931.829,0.2400131,303,11,7,5,NaN,NaN,NaN,11,5,6,NaN,NaN,NaN,1
0.6243,-2.872593,303,11,7,4,NaN,NaN,NaN,11,7,5,NaN,NaN,NaN,1
9634.8312,-0.1255714,303,11,9,2,NaN,NaN,NaN,11,7,5,NaN,NaN,NaN,1
21762.5153,-0.0007574455,303,11,11,0,NaN,NaN,NaN,11,7,5,NaN,NaN,NaN,1
20228.8721,0.0008243805,303,11,9,3,NaN,NaN,NaN,11,3,8,NaN,NaN,NaN,1
16566.6599,0.005261245,303,11,9,3,NaN,NaN,NaN,11,5,6,NaN,NaN,NaN,1
9634.2066,0.1255728,303,11,9,3,NaN,NaN,NaN,11,7,4,NaN,NaN,NaN,1
0.0003,-3.740481,303,11,9,2,NaN,NaN,NaN,11,9,3,NaN,NaN,NaN,1
12127.6843,-0.04510721,303,11,11,0,NaN,NaN,NaN,11,9,3,NaN,NaN,NaN,1
21761.8909,0.0007574542,303,11,11,1,NaN,NaN,NaN,11,7,4,NaN,NaN,NaN,1
12127.684,0.04510721,303,11,11,1,NaN,NaN,NaN,11,9,2,NaN,NaN,NaN,1
0,-4.589236,303,11,11,0,NaN,NaN,NaN,11,11,1,NaN,NaN,NaN,1
24310.2491,-3.280322,303,11,0,11,NaN,NaN,NaN,10,0,10,NaN,NaN,NaN,1
18576.4683,-0.06437583,303,11,0,11,NaN,NaN,NaN,10,2,8,NaN,NaN,NaN,1
15354.2235,-0.01177575,303,11,0,11,NaN,NaN,NaN,10,4,6,NaN,NaN,NaN,1
9874.4132,-0.001266821,303,11,0,11,NaN,NaN,NaN,10,6,4,NaN,NaN,NaN,1
30809.3694,0.163349,303,11,2,9,NaN,NaN,NaN,10,0,10,NaN,NaN,NaN,1
25075.5886,-3.168882,303,11,2,9,NaN,NaN,NaN,10,2,8,NaN,NaN,NaN,1
21853.3437,-0.3039033,303,11,2,9,NaN,NaN,NaN,10,4,6,NaN,NaN,NaN,1
16373.5335,-0.03205982,303,11,2,9,NaN,NaN,NaN,10,6,4,NaN,NaN,NaN,1
7966.5872,-0.0008461356,303,11,2,9,NaN,NaN,NaN,10,8,2,NaN,NaN,NaN,1
34496.831,0.02380834,303,11,4,7,NaN,NaN,NaN,10,0,10,NaN,NaN,NaN,1
28763.0502,0.5257452,303,11,4,7,NaN,NaN,NaN,10,2,8,NaN,NaN,NaN,1
25540.8054,-3.11174,303,11,4,7,NaN,NaN,NaN,10,4,6,NaN,NaN,NaN,1
20060.9951,-0.1402982,303,11,4,7,NaN,NaN,NaN,10,6,4,NaN,NaN,NaN,1
11654.0489,-0.003690722,303,11,4,7,NaN,NaN,NaN,10,8,2,NaN,NaN,NaN,1
39678.9264,0.00364158,303,11,6,5,NaN,NaN,NaN,10,0,10,NaN,NaN,NaN,1
33945.1455,0.07493661,303,11,6,5,NaN,NaN,NaN,10,2,8,NaN,NaN,NaN,1
30722.9007,0.3480278,303,11,6,5,NaN,NaN,NaN,10,4,6,NaN,NaN,NaN,1
25243.0905,-2.785964,303,11,6,5,NaN,NaN,NaN,10,6,4,NaN,NaN,NaN,1
16836.1442,-0.05107387,303,11,6,5,NaN,NaN,NaN,10,8,2,NaN,NaN,NaN,1
5924.6922,-0.0003493945,303,11,6,5,NaN,NaN,NaN,10,10,0,NaN,NaN,NaN,1
42292.9267,0.002748232,303,11,8,3,NaN,NaN,NaN,10,2,8,NaN,NaN,NaN,1
39070.6819,0.01253105,303,11,8,3,NaN,NaN,NaN,10,4,6,NaN,NaN,NaN,1
33590.8717,0.2331156,303,11,8,3,NaN,NaN,NaN,10,6,4,NaN,NaN,NaN,1
25183.9254,-2.281891,303,11,8,3,NaN,NaN,NaN,10,8,2,NaN,NaN,NaN,1
14272.4734,-0.01311401,303,11,8,3,NaN,NaN,NaN,10,10,0,NaN,NaN,NaN,1
44478.6508,0.002907897,303,11,10,1,NaN,NaN,NaN,10,6,4,NaN,NaN,NaN,1
36071.7046,0.1499772,303,11,10,1,NaN,NaN,NaN,10,8,2,NaN,NaN,NaN,1
25160.2525,-1.38512,303,11,10,1,NaN,NaN,NaN,10,10,0,NaN,NaN,NaN,1
3540.5124,0.6703219,303,11,2,10,NaN,NaN,NaN,11,0,11,NaN,NaN,NaN,1
9347.7538,0.03818544,303,11,4,8,NaN,NaN,NaN,11,0,11,NaN,NaN,NaN,1
15355.4109,0.003181808,303,11,6,6,NaN,NaN,NaN,11,0,11,NaN,NaN,NaN,1
2958.6079,-0.8867164,303,11,2,9,NaN,NaN,NaN,11,2,10,NaN,NaN,NaN,1
2848.6335,0.9020215,303,11,4,8,NaN,NaN,NaN,11,2,9,NaN,NaN,NaN,1
8856.2907,0.08048373,303,11,6,6,NaN,NaN,NaN,11,2,9,NaN,NaN,NaN,1
17217.3205,0.002923062,303,11,8,4,NaN,NaN,NaN,11,2,9,NaN,NaN,NaN,1
6646.0695,-0.1363765,303,11,4,7,NaN,NaN,NaN,11,2,10,NaN,NaN,NaN,1
838.8281,-1.347733,303,11,4,7,NaN,NaN,NaN,11,4,8,NaN,NaN,NaN,1
5168.829,0.3473063,303,11,6,6,NaN,NaN,NaN,11,4,7,NaN,NaN,NaN,1
13529.8589,0.01274982,303,11,8,4,NaN,NaN,NaN,11,4,7,NaN,NaN,NaN,1
11828.1649,-0.02089878,303,11,6,5,NaN,NaN,NaN,11,2,10,NaN,NaN,NaN,1
6020.9234,-0.3014994,303,11,6,5,NaN,NaN,NaN,11,4,8,NaN,NaN,NaN,1
13.2663,-2.415905,303,11,6,5,NaN,NaN,NaN,11,6,6,NaN,NaN,NaN,1
8347.7635,0.17624,303,11,8,4,NaN,NaN,NaN,11,6,5,NaN,NaN,NaN,1
19235.5603,0.00220761,303,11,10,2,NaN,NaN,NaN,11,6,5,NaN,NaN,NaN,1
20175.9461,-0.0007670431,303,11,8,3,NaN,NaN,NaN,11,2,10,NaN,NaN,NaN,1
14368.7046,-0.01112309,303,11,8,3,NaN,NaN,NaN,11,4,8,NaN,NaN,NaN,1
8361.0475,-0.1761742,303,11,8,3,NaN,NaN,NaN,11,6,6,NaN,NaN,NaN,1
0.0177,-3.310645,303,11,8,3,NaN,NaN,NaN,11,8,4,NaN,NaN,NaN,1
10887.7791,0.0828486,303,11,10,2,NaN,NaN,NaN,11,8,3,NaN,NaN,NaN,1
19248.8267,-0.002206793,303,11,10,1,NaN,NaN,NaN,11,6,6,NaN,NaN,NaN,1
10887.7968,-0.08284858,303,11,10,1,NaN,NaN,NaN,11,8,4,NaN,NaN,NaN,1
0,-4.166065,303,11,10,1,NaN,NaN,NaN,11,10,2,NaN,NaN,NaN,1
26504.2913,3.42925,303,12,0,12,NaN,NaN,NaN,11,0,11,NaN,NaN,NaN,1
20005.171,0.06038311,303,12,0,12,NaN,NaN,NaN,11,2,9,NaN,NaN,NaN,1
16317.7094,0.008823595,303,12,0,12,NaN,NaN,NaN,11,4,7,NaN,NaN,NaN,1
11135.614,0.001349722,303,12,0,12,NaN,NaN,NaN,11,6,5,NaN,NaN,NaN,1
33744.9315,-0.1559102,303,12,2,10,NaN,NaN,NaN,11,0,11,NaN,NaN,NaN,1
27245.8113,3.31511,303,12,2,10,NaN,NaN,NaN,11,2,9,NaN,NaN,NaN,1
23558.3496,0.2671411,303,12,2,10,NaN,NaN,NaN,11,4,7,NaN,NaN,NaN,1
18376.2543,0.04024509,303,12,2,10,NaN,NaN,NaN,11,6,5,NaN,NaN,NaN,1
10028.4731,0.001476827,303,12,2,10,NaN,NaN,NaN,11,8,3,NaN,NaN,NaN,1
38079.6132,-0.01792461,303,12,4,8,NaN,NaN,NaN,11,0,11,NaN,NaN,NaN,1
31580.4929,-0.4792664,303,12,4,8,NaN,NaN,NaN,11,2,9,NaN,NaN,NaN,1
27893.0313,3.289781,303,12,4,8,NaN,NaN,NaN,11,4,7,NaN,NaN,NaN,1
22710.936,0.1902916,303,12,4,8,NaN,NaN,NaN,11,6,5,NaN,NaN,NaN,1
14363.1548,0.006935919,303,12,4,8,NaN,NaN,NaN,11,8,3,NaN,NaN,NaN,1
42941.0806,-0.003619923,303,12,6,6,NaN,NaN,NaN,11,0,11,NaN,NaN,NaN,1
36441.9604,-0.09169645,303,12,6,6,NaN,NaN,NaN,11,2,9,NaN,NaN,NaN,1
32754.4987,-0.4124913,303,12,6,6,NaN,NaN,NaN,11,4,7,NaN,NaN,NaN,1
27572.4034,3.006444,303,12,6,6,NaN,NaN,NaN,11,6,5,NaN,NaN,NaN,1
19224.6222,0.07149771,303,12,6,6,NaN,NaN,NaN,11,8,3,NaN,NaN,NaN,1
8336.8431,0.0008944213,303,12,6,6,NaN,NaN,NaN,11,10,1,NaN,NaN,NaN,1
44704.4221,-0.004469949,303,12,8,4,NaN,NaN,NaN,11,2,9,NaN,NaN,NaN,1
41016.9604,-0.01949825,303,12,8,4,NaN,NaN,NaN,11,4,7,NaN,NaN,NaN,1
35834.8651,-0.2710714,303,12,8,4,NaN,NaN,NaN,11,6,5,NaN,NaN,NaN,1
27487.0839,2.588223,303,12,8,4,NaN,NaN,NaN,11,8,3,NaN,NaN,NaN,1
16599.3048,0.02579613,303,12,8,4,NaN,NaN,NaN,11,10,1,NaN,NaN,NaN,1
51873.7473,-0.0003640149,303,12,10,2,NaN,NaN,NaN,11,4,7,NaN,NaN,NaN,1
46691.652,-0.005036628,303,12,10,2,NaN,NaN,NaN,11,6,5,NaN,NaN,NaN,1
38343.8708,-0.1892979,303,12,10,2,NaN,NaN,NaN,11,8,3,NaN,NaN,NaN,1
27456.0916,1.919585,303,12,10,2,NaN,NaN,NaN,11,10,1,NaN,NaN,NaN,1
51687.5669,-0.001018725,303,12,12,0,NaN,NaN,NaN,11,8,3,NaN,NaN,NaN,1
40799.7878,-0.102468,303,12,12,0,NaN,NaN,NaN,11,10,1,NaN,NaN,NaN,1
26504.1915,-3.429246,303,12,1,12,NaN,NaN,NaN,11,1,11,NaN,NaN,NaN,1
19890.5908,-0.06006557,303,12,1,12,NaN,NaN,NaN,11,3,9,NaN,NaN,NaN,1
14379.454,-0.005006538,303,12,1,12,NaN,NaN,NaN,11,5,7,NaN,NaN,NaN,1
33802.9207,0.1556287,303,12,3,10,NaN,NaN,NaN,11,1,11,NaN,NaN,NaN,1
27189.3201,-3.309524,303,12,3,10,NaN,NaN,NaN,11,3,9,NaN,NaN,NaN,1
21678.1832,-0.1572927,303,12,3,10,NaN,NaN,NaN,11,5,7,NaN,NaN,NaN,1
14588.7184,-0.009225407,303,12,3,10,NaN,NaN,NaN,11,7,5,NaN,NaN,NaN,1
39680.9385,0.01253454,303,12,5,8,NaN,NaN,NaN,11,1,11,NaN,NaN,NaN,1
33067.3378,0.3574921,303,12,5,8,NaN,NaN,NaN,11,3,9,NaN,NaN,NaN,1
27556.201,-3.150686,303,12,5,8,NaN,NaN,NaN,11,5,7,NaN,NaN,NaN,1
20466.7361,-0.107635,303,12,5,8,NaN,NaN,NaN,11,7,5,NaN,NaN,NaN,1
10831.9052,-0.002350428,303,12,5,8,NaN,NaN,NaN,11,9,3,NaN,NaN,NaN,1
46727.8776,0.000910165,303,12,7,6,NaN,NaN,NaN,11,1,11,NaN,NaN,NaN,1
40114.2769,0.02554386,303,12,7,6,NaN,NaN,NaN,11,3,9,NaN,NaN,NaN,1
34603.1401,0.319058,303,12,7,6,NaN,NaN,NaN,11,5,7,NaN,NaN,NaN,1
27513.6753,-2.820236,303,12,7,6,NaN,NaN,NaN,11,7,5,NaN,NaN,NaN,1
17878.8443,-0.04499282,303,12,7,6,NaN,NaN,NaN,11,9,3,NaN,NaN,NaN,1
49704.3005,0.0007651167,303,12,9,4,NaN,NaN,NaN,11,3,9,NaN,NaN,NaN,1
44193.1636,0.009471036,303,12,9,4,NaN,NaN,NaN,11,5,7,NaN,NaN,NaN,1
37103.6988,0.2287035,303,12,9,4,NaN,NaN,NaN,11,7,5,NaN,NaN,NaN,1
27468.8679,-2.296903,303,12,9,4,NaN,NaN,NaN,11,9,3,NaN,NaN,NaN,1
15341.1835,-0.01184692,303,12,9,4,NaN,NaN,NaN,11,11,1,NaN,NaN,NaN,1
49209.247,0.002502348,303,12,11,2,NaN,NaN,NaN,11,7,5,NaN,NaN,NaN,1
39574.416,0.1491246,303,12,11,2,NaN,NaN,NaN,11,9,3,NaN,NaN,NaN,1
27446.7317,-1.387874,303,12,11,2,NaN,NaN,NaN,11,11,1,NaN,NaN,NaN,1
26856.8011,3.365588,303,12,1,11,NaN,NaN,NaN,11,1,10,NaN,NaN,NaN,1
21769.8953,0.1271215,303,12,1,11,NaN,NaN,NaN,11,3,8,NaN,NaN,NaN,1
18107.6831,0.03079938,303,12,1,11,NaN,NaN,NaN,11,5,6,NaN,NaN,NaN,1
11175.2298,0.002059622,303,12,1,11,NaN,NaN,NaN,11,7,4,NaN,NaN,NaN,1
32784.3739,-0.2824832,303,12,3,9,NaN,NaN,NaN,11,1,10,NaN,NaN,NaN,1
27697.4682,3.309463,303,12,3,9,NaN,NaN,NaN,11,3,8,NaN,NaN,NaN,1
24035.256,0.3392448,303,12,3,9,NaN,NaN,NaN,11,5,6,NaN,NaN,NaN,1
17102.8026,0.02218246,303,12,3,9,NaN,NaN,NaN,11,7,4,NaN,NaN,NaN,1
7468.5957,0.0004851106,303,12,3,9,NaN,NaN,NaN,11,9,2,NaN,NaN,NaN,1
36478.9079,-0.06467762,303,12,5,7,NaN,NaN,NaN,11,1,10,NaN,NaN,NaN,1
31392.0022,-0.584952,303,12,5,7,NaN,NaN,NaN,11,3,8,NaN,NaN,NaN,1
27729.7899,3.158699,303,12,5,7,NaN,NaN,NaN,11,5,6,NaN,NaN,NaN,1
20797.3366,0.1102226,303,12,5,7,NaN,NaN,NaN,11,7,4,NaN,NaN,NaN,1
11163.1297,0.002407389,303,12,5,7,NaN,NaN,NaN,11,9,2,NaN,NaN,NaN,1
43196.9121,-0.005989338,303,12,7,5,NaN,NaN,NaN,11,1,10,NaN,NaN,NaN,1
38110.0063,-0.04991159,303,12,7,5,NaN,NaN,NaN,11,3,8,NaN,NaN,NaN,1
34447.7941,-0.3217442,303,12,7,5,NaN,NaN,NaN,11,5,6,NaN,NaN,NaN,1
27515.3408,2.82024,303,12,7,5,NaN,NaN,NaN,11,7,4,NaN,NaN,NaN,1
17881.1339,0.04499481,303,12,7,5,NaN,NaN,NaN,11,9,2,NaN,NaN,NaN,1
47697.742,-0.001497084,303,12,9,3,NaN,NaN,NaN,11,3,8,NaN,NaN,NaN,1
44035.5298,-0.009554553,303,12,9,3,NaN,NaN,NaN,11,5,6,NaN,NaN,NaN,1
37103.0765,-0.2287061,303,12,9,3,NaN,NaN,NaN,11,7,4,NaN,NaN,NaN,1
27468.8696,2.296903,303,12,9,3,NaN,NaN,NaN,11,9,2,NaN,NaN,NaN,1
15341.1856,0.01184692,303,12,9,3,NaN,NaN,NaN,11,11,0,NaN,NaN,NaN,1
49208.6226,-0.002502377,303,12,11,1,NaN,NaN,NaN,11,7,4,NaN,NaN,NaN,1
39574.4157,-0.1491246,303,12,11,1,NaN,NaN,NaN,11,9,2,NaN,NaN,NaN,1
27446.7317,1.387874,303,12,11,1,NaN,NaN,NaN,11,11,0,NaN,NaN,NaN,1
3885.8649,0.6735584,303,12,1,11,NaN,NaN,NaN,12,1,12,NaN,NaN,NaN,1
3412.8643,-0.8953104,303,12,3,10,NaN,NaN,NaN,12,1,11,NaN,NaN,NaN,1
9290.882,-0.07539005,303,12,5,8,NaN,NaN,NaN,12,1,11,NaN,NaN,NaN,1
16337.8212,-0.00547599,303,12,7,6,NaN,NaN,NaN,12,1,11,NaN,NaN,NaN,1
9813.4378,0.03637827,303,12,3,9,NaN,NaN,NaN,12,1,12,NaN,NaN,NaN,1
2514.7086,1.023731,303,12,3,9,NaN,NaN,NaN,12,3,10,NaN,NaN,NaN,1
3363.3092,-0.7653626,303,12,5,8,NaN,NaN,NaN,12,3,9,NaN,NaN,NaN,1
10410.2483,-0.05896,303,12,7,6,NaN,NaN,NaN,12,3,9,NaN,NaN,NaN,1
20000.2718,-0.001766549,303,12,9,4,NaN,NaN,NaN,12,3,9,NaN,NaN,NaN,1
13507.9718,0.008431419,303,12,5,7,NaN,NaN,NaN,12,1,12,NaN,NaN,NaN,1
6209.2426,0.2627354,303,12,5,7,NaN,NaN,NaN,12,3,10,NaN,NaN,NaN,1
331.2248,1.745346,303,12,5,7,NaN,NaN,NaN,12,5,8,NaN,NaN,NaN,1
6715.7143,-0.2912137,303,12,7,6,NaN,NaN,NaN,12,5,7,NaN,NaN,NaN,1
16305.7378,-0.008766569,303,12,9,4,NaN,NaN,NaN,12,5,7,NaN,NaN,NaN,1
20225.9759,0.0007812356,303,12,7,5,NaN,NaN,NaN,12,1,12,NaN,NaN,NaN,1
12927.2467,0.02447248,303,12,7,5,NaN,NaN,NaN,12,3,10,NaN,NaN,NaN,1
7049.229,0.2841669,303,12,7,5,NaN,NaN,NaN,12,5,8,NaN,NaN,NaN,1
2.2898,2.732263,303,12,7,5,NaN,NaN,NaN,12,7,6,NaN,NaN,NaN,1
9587.7337,-0.1637216,303,12,9,4,NaN,NaN,NaN,12,7,5,NaN,NaN,NaN,1
21693.2818,-0.001797144,303,12,11,2,NaN,NaN,NaN,12,7,5,NaN,NaN,NaN,1
22514.9825,0.0007343536,303,12,9,3,NaN,NaN,NaN,12,3,10,NaN,NaN,NaN,1
16636.9647,0.008559134,303,12,9,3,NaN,NaN,NaN,12,5,8,NaN,NaN,NaN,1
9590.0256,0.1637143,303,12,9,3,NaN,NaN,NaN,12,7,6,NaN,NaN,NaN,1
0.0021,3.577311,303,12,9,3,NaN,NaN,NaN,12,9,4,NaN,NaN,NaN,1
12105.5461,-0.07847351,303,12,11,2,NaN,NaN,NaN,12,9,3,NaN,NaN,NaN,1
21695.5717,0.001797064,303,12,11,1,NaN,NaN,NaN,12,7,6,NaN,NaN,NaN,1
12105.5482,0.07847351,303,12,11,1,NaN,NaN,NaN,12,9,4,NaN,NaN,NaN,1
0,4.39588,303,12,11,1,NaN,NaN,NaN,12,11,2,NaN,NaN,NaN,1
26852.7666,-3.365354,303,12,2,11,NaN,NaN,NaN,11,2,10,NaN,NaN,NaN,1
21045.5252,-0.1151046,303,12,2,11,NaN,NaN,NaN,11,4,8,NaN,NaN,NaN,1
15037.868,-0.0095761,303,12,2,11,NaN,NaN,NaN,11,6,6,NaN,NaN,NaN,1
6676.8382,-0.0003476584,303,12,2,11,NaN,NaN,NaN,11,8,4,NaN,NaN,NaN,1
33255.5777,0.2715493,303,12,4,9,NaN,NaN,NaN,11,2,10,NaN,NaN,NaN,1
27448.3363,-3.248352,303,12,4,9,NaN,NaN,NaN,11,4,8,NaN,NaN,NaN,1
21440.6792,-0.1480902,303,12,4,9,NaN,NaN,NaN,11,6,6,NaN,NaN,NaN,1
13079.6493,-0.005363609,303,12,4,9,NaN,NaN,NaN,11,8,4,NaN,NaN,NaN,1
39363.236,0.02473097,303,12,6,7,NaN,NaN,NaN,11,2,10,NaN,NaN,NaN,1
33555.9945,0.364144,303,12,6,7,NaN,NaN,NaN,11,4,8,NaN,NaN,NaN,1
27548.3374,-3.006239,303,12,6,7,NaN,NaN,NaN,11,6,6,NaN,NaN,NaN,1
19187.3076,-0.07141583,303,12,6,7,NaN,NaN,NaN,11,8,4,NaN,NaN,NaN,1
8299.5107,-0.0008933932,303,12,6,7,NaN,NaN,NaN,11,10,2,NaN,NaN,NaN,1
47662.9435,0.001173053,303,12,8,5,NaN,NaN,NaN,11,2,10,NaN,NaN,NaN,1
41855.7021,0.01701125,303,12,8,5,NaN,NaN,NaN,11,4,8,NaN,NaN,NaN,1
35848.045,0.270974,303,12,8,5,NaN,NaN,NaN,11,6,6,NaN,NaN,NaN,1
27487.0151,-2.588223,303,12,8,5,NaN,NaN,NaN,11,8,4,NaN,NaN,NaN,1
16599.2183,-0.0257961,303,12,8,5,NaN,NaN,NaN,11,10,2,NaN,NaN,NaN,1
52712.5754,0.0003175734,303,12,10,3,NaN,NaN,NaN,11,4,8,NaN,NaN,NaN,1
46704.9182,0.005034764,303,12,10,3,NaN,NaN,NaN,11,6,6,NaN,NaN,NaN,1
38343.8884,0.1892978,303,12,10,3,NaN,NaN,NaN,11,8,4,NaN,NaN,NaN,1
27456.0916,-1.919585,303,12,10,3,NaN,NaN,NaN,11,10,2,NaN,NaN,NaN,1
51687.5846,0.001018725,303,12,12,1,NaN,NaN,NaN,11,8,4,NaN,NaN,NaN,1
40799.7878,0.102468,303,12,12,1,NaN,NaN,NaN,11,10,2,NaN,NaN,NaN,1
3888.9877,-0.6735083,303,12,2,11,NaN,NaN,NaN,12,0,12,NaN,NaN,NaN,1
3351.6526,0.897491,303,12,2,10,NaN,NaN,NaN,12,2,11,NaN,NaN,NaN,1
7686.3342,0.1080469,303,12,4,8,NaN,NaN,NaN,12,2,11,NaN,NaN,NaN,1
12547.8017,0.02184571,303,12,6,6,NaN,NaN,NaN,12,2,11,NaN,NaN,NaN,1
20810.2634,0.001066061,303,12,8,4,NaN,NaN,NaN,12,2,11,NaN,NaN,NaN,1
10291.7988,-0.03486616,303,12,4,9,NaN,NaN,NaN,12,0,12,NaN,NaN,NaN,1
3051.1586,-0.9698844,303,12,4,9,NaN,NaN,NaN,12,2,10,NaN,NaN,NaN,1
1283.5231,1.243678,303,12,4,8,NaN,NaN,NaN,12,4,9,NaN,NaN,NaN,1
6144.9905,0.3347953,303,12,6,6,NaN,NaN,NaN,12,4,9,NaN,NaN,NaN,1
14407.4522,0.01644677,303,12,8,4,NaN,NaN,NaN,12,4,9,NaN,NaN,NaN,1
16399.457,-0.003202553,303,12,6,7,NaN,NaN,NaN,12,0,12,NaN,NaN,NaN,1
9158.8168,-0.09542812,303,12,6,7,NaN,NaN,NaN,12,2,10,NaN,NaN,NaN,1
4824.1351,-0.4395247,303,12,6,7,NaN,NaN,NaN,12,4,8,NaN,NaN,NaN,1
37.3323,2.276203,303,12,6,6,NaN,NaN,NaN,12,6,7,NaN,NaN,NaN,1
8299.794,0.2185576,303,12,8,4,NaN,NaN,NaN,12,6,7,NaN,NaN,NaN,1
19156.5809,0.004087194,303,12,10,2,NaN,NaN,NaN,12,6,7,NaN,NaN,NaN,1
17458.5244,-0.004528901,303,12,8,5,NaN,NaN,NaN,12,2,10,NaN,NaN,NaN,1
13123.8427,-0.02126916,303,12,8,5,NaN,NaN,NaN,12,4,8,NaN,NaN,NaN,1
8262.3753,-0.2188124,303,12,8,5,NaN,NaN,NaN,12,6,6,NaN,NaN,NaN,1
0.0864,3.160555,303,12,8,4,NaN,NaN,NaN,12,8,5,NaN,NaN,NaN,1
10856.8733,0.1179793,303,12,10,2,NaN,NaN,NaN,12,8,5,NaN,NaN,NaN,1
24200.5695,0.0006359556,303,12,12,0,NaN,NaN,NaN,12,8,5,NaN,NaN,NaN,1
23980.716,-0.000397085,303,12,10,3,NaN,NaN,NaN,12,4,8,NaN,NaN,NaN,1
19119.2485,-0.004091897,303,12,10,3,NaN,NaN,NaN,12,6,6,NaN,NaN,NaN,1
10856.7868,-0.1179795,303,12,10,3,NaN,NaN,NaN,12,8,4,NaN,NaN,NaN,1
0,3.988235,303,12,10,2,NaN,NaN,NaN,12,10,3,NaN,NaN,NaN,1
13343.6962,0.04298344,303,12,12,0,NaN,NaN,NaN,12,10,3,NaN,NaN,NaN,1
24200.483,-0.0006359563,303,12,12,1,NaN,NaN,NaN,12,8,4,NaN,NaN,NaN,1
13343.6962,-0.04298344,303,12,12,1,NaN,NaN,NaN,12,10,2,NaN,NaN,NaN,1
0,4.80155,303,12,12,0,NaN,NaN,NaN,12,12,1,NaN,NaN,NaN,1
29047.4317,3.510022,303,13,2,12,NaN,NaN,NaN,12,2,11,NaN,NaN,NaN,1
22644.6205,0.1101062,303,13,2,12,NaN,NaN,NaN,12,4,9,NaN,NaN,NaN,1
16536.9623,0.01010025,303,13,2,12,NaN,NaN,NaN,12,6,7,NaN,NaN,NaN,1
8237.2547,0.0004791044,303,13,2,12,NaN,NaN,NaN,12,8,5,NaN,NaN,NaN,1
36090.41,-0.2625129,303,13,4,10,NaN,NaN,NaN,12,2,11,NaN,NaN,NaN,1
29687.5989,3.403544,303,13,4,10,NaN,NaN,NaN,12,4,9,NaN,NaN,NaN,1
23579.9407,0.1698368,303,13,4,10,NaN,NaN,NaN,12,6,7,NaN,NaN,NaN,1
15280.2331,0.008030818,303,13,4,10,NaN,NaN,NaN,12,8,5,NaN,NaN,NaN,1
42374.2246,-0.0250425,303,13,6,8,NaN,NaN,NaN,12,2,11,NaN,NaN,NaN,1
35971.4135,-0.393398,303,13,6,8,NaN,NaN,NaN,12,4,9,NaN,NaN,NaN,1
29863.7552,3.204501,303,13,6,8,NaN,NaN,NaN,12,6,7,NaN,NaN,NaN,1
21564.0477,0.09370658,303,13,6,8,NaN,NaN,NaN,12,8,5,NaN,NaN,NaN,1
10707.1744,0.001748296,303,13,6,8,NaN,NaN,NaN,12,10,3,NaN,NaN,NaN,1
50604.0297,-0.001492361,303,13,8,6,NaN,NaN,NaN,12,2,11,NaN,NaN,NaN,1
44201.2186,-0.02302489,303,13,8,6,NaN,NaN,NaN,12,4,9,NaN,NaN,NaN,1
38093.5603,-0.308539,303,13,8,6,NaN,NaN,NaN,12,6,7,NaN,NaN,NaN,1
29793.8528,2.848809,303,13,8,6,NaN,NaN,NaN,12,8,5,NaN,NaN,NaN,1
18936.9795,0.0402342,303,13,8,6,NaN,NaN,NaN,12,10,3,NaN,NaN,NaN,1
55018.4417,-0.0005850688,303,13,10,4,NaN,NaN,NaN,12,4,9,NaN,NaN,NaN,1
48910.7835,-0.007787562,303,13,10,4,NaN,NaN,NaN,12,6,7,NaN,NaN,NaN,1
40611.076,-0.2253257,303,13,10,4,NaN,NaN,NaN,12,8,5,NaN,NaN,NaN,1
29754.2027,2.30952,303,13,10,4,NaN,NaN,NaN,12,10,3,NaN,NaN,NaN,1
16410.5065,0.01080403,303,13,10,4,NaN,NaN,NaN,12,12,1,NaN,NaN,NaN,1
53933.8054,-0.002194718,303,13,12,2,NaN,NaN,NaN,12,8,5,NaN,NaN,NaN,1
43076.9321,-0.1484307,303,13,12,2,NaN,NaN,NaN,12,10,3,NaN,NaN,NaN,1
29733.2359,1.390199,303,13,12,2,NaN,NaN,NaN,12,12,1,NaN,NaN,NaN,1
29049.2023,-3.510108,303,13,1,12,NaN,NaN,NaN,12,1,11,NaN,NaN,NaN,1
23121.6294,-0.1148182,303,13,1,12,NaN,NaN,NaN,12,3,9,NaN,NaN,NaN,1
19427.0954,-0.02656117,303,13,1,12,NaN,NaN,NaN,12,5,7,NaN,NaN,NaN,1
12709.0913,-0.002460869,303,13,1,12,NaN,NaN,NaN,12,7,5,NaN,NaN,NaN,1
35805.433,0.2665363,303,13,3,10,NaN,NaN,NaN,12,1,11,NaN,NaN,NaN,1
29877.8601,-3.436322,303,13,3,10,NaN,NaN,NaN,12,3,9,NaN,NaN,NaN,1
26183.3262,-0.3701304,303,13,3,10,NaN,NaN,NaN,12,5,7,NaN,NaN,NaN,1
19465.322,-0.03342328,303,13,3,10,NaN,NaN,NaN,12,7,5,NaN,NaN,NaN,1
9877.5863,-0.00100279,303,13,3,10,NaN,NaN,NaN,12,9,3,NaN,NaN,NaN,1
39749.8073,0.05279337,303,13,5,8,NaN,NaN,NaN,12,1,11,NaN,NaN,NaN,1
33822.2344,0.6218379,303,13,5,8,NaN,NaN,NaN,12,3,9,NaN,NaN,NaN,1
30127.7004,-3.345414,303,13,5,8,NaN,NaN,NaN,12,5,7,NaN,NaN,NaN,1
23409.6963,-0.1421711,303,13,5,8,NaN,NaN,NaN,12,7,5,NaN,NaN,NaN,1
13821.9605,-0.004254595,303,13,5,8,NaN,NaN,NaN,12,9,3,NaN,NaN,NaN,1
46172.4555,0.006745314,303,13,7,6,NaN,NaN,NaN,12,1,11,NaN,NaN,NaN,1
40244.8826,0.07269739,303,13,7,6,NaN,NaN,NaN,12,3,9,NaN,NaN,NaN,1
36550.3486,0.366331,303,13,7,6,NaN,NaN,NaN,12,5,7,NaN,NaN,NaN,1
29832.3445,-3.045221,303,13,7,6,NaN,NaN,NaN,12,7,5,NaN,NaN,NaN,1
20244.6087,-0.06294468,303,13,7,6,NaN,NaN,NaN,12,9,3,NaN,NaN,NaN,1
8139.0626,-0.0006903119,303,13,7,6,NaN,NaN,NaN,12,11,1,NaN,NaN,NaN,1
49770.8429,0.002842842,303,13,9,4,NaN,NaN,NaN,12,3,9,NaN,NaN,NaN,1
46076.3089,0.01410801,303,13,9,4,NaN,NaN,NaN,12,5,7,NaN,NaN,NaN,1
39358.3047,0.2646364,303,13,9,4,NaN,NaN,NaN,12,7,5,NaN,NaN,NaN,1
29770.569,-2.608126,303,13,9,4,NaN,NaN,NaN,12,9,3,NaN,NaN,NaN,1
17665.0229,-0.02332596,303,13,9,4,NaN,NaN,NaN,12,11,1,NaN,NaN,NaN,1
51435.5357,0.004291693,303,13,11,2,NaN,NaN,NaN,12,7,5,NaN,NaN,NaN,1
41847.7999,0.1876365,303,13,11,2,NaN,NaN,NaN,12,9,3,NaN,NaN,NaN,1
29742.2538,-1.926299,303,13,11,2,NaN,NaN,NaN,12,11,1,NaN,NaN,NaN,1
56407.3561,0.0009128255,303,13,13,0,NaN,NaN,NaN,12,9,3,NaN,NaN,NaN,1
44301.81,0.1022825,303,13,13,0,NaN,NaN,NaN,12,11,1,NaN,NaN,NaN,1
28698.3574,3.57199,303,13,1,13,NaN,NaN,NaN,12,1,12,NaN,NaN,NaN,1
21399.6282,0.05705694,303,13,1,13,NaN,NaN,NaN,12,3,10,NaN,NaN,NaN,1
15521.6104,0.004604386,303,13,1,13,NaN,NaN,NaN,12,5,8,NaN,NaN,NaN,1
8474.6713,0.0003343407,303,13,1,13,NaN,NaN,NaN,12,7,6,NaN,NaN,NaN,1
36691.3917,-0.1493966,303,13,3,11,NaN,NaN,NaN,12,1,12,NaN,NaN,NaN,1
29392.6625,3.456101,303,13,3,11,NaN,NaN,NaN,12,3,10,NaN,NaN,NaN,1
23514.6448,0.1608195,303,13,3,11,NaN,NaN,NaN,12,5,8,NaN,NaN,NaN,1
16467.7056,0.01164343,303,13,3,11,NaN,NaN,NaN,12,7,6,NaN,NaN,NaN,1
6877.6821,0.0003487737,303,13,3,11,NaN,NaN,NaN,12,9,4,NaN,NaN,NaN,1
43023.1488,-0.0113289,303,13,5,9,NaN,NaN,NaN,12,1,12,NaN,NaN,NaN,1
35724.4196,-0.3604885,303,13,5,9,NaN,NaN,NaN,12,3,10,NaN,NaN,NaN,1
29846.4019,3.325772,303,13,5,9,NaN,NaN,NaN,12,5,8,NaN,NaN,NaN,1
22799.4627,0.1340911,303,13,5,9,NaN,NaN,NaN,12,7,6,NaN,NaN,NaN,1
13209.4392,0.004009895,303,13,5,9,NaN,NaN,NaN,12,9,4,NaN,NaN,NaN,1
50051.0323,-0.0009689362,303,13,7,7,NaN,NaN,NaN,12,1,12,NaN,NaN,NaN,1
42752.3031,-0.03035564,303,13,7,7,NaN,NaN,NaN,12,3,10,NaN,NaN,NaN,1
36874.2854,-0.358156,303,13,7,7,NaN,NaN,NaN,12,5,8,NaN,NaN,NaN,1
29827.3463,3.045203,303,13,7,7,NaN,NaN,NaN,12,7,6,NaN,NaN,NaN,1
20237.3227,0.06293532,303,13,7,7,NaN,NaN,NaN,12,9,4,NaN,NaN,NaN,1
8131.7746,0.0006902089,303,13,7,7,NaN,NaN,NaN,12,11,2,NaN,NaN,NaN,1
52285.5403,-0.001181778,303,13,9,5,NaN,NaN,NaN,12,3,10,NaN,NaN,NaN,1
46407.5226,-0.01377424,303,13,9,5,NaN,NaN,NaN,12,5,8,NaN,NaN,NaN,1
39360.5835,-0.264625,303,13,9,5,NaN,NaN,NaN,12,7,6,NaN,NaN,NaN,1
29770.5599,2.608126,303,13,9,5,NaN,NaN,NaN,12,9,4,NaN,NaN,NaN,1
17665.0118,0.02332595,303,13,9,5,NaN,NaN,NaN,12,11,2,NaN,NaN,NaN,1
51437.8255,-0.004291503,303,13,11,3,NaN,NaN,NaN,12,7,6,NaN,NaN,NaN,1
41847.802,-0.1876365,303,13,11,3,NaN,NaN,NaN,12,9,4,NaN,NaN,NaN,1
29742.2538,1.926299,303,13,11,3,NaN,NaN,NaN,12,11,2,NaN,NaN,NaN,1
56407.3581,-0.0009128255,303,13,13,1,NaN,NaN,NaN,12,9,4,NaN,NaN,NaN,1
44301.81,-0.1022825,303,13,13,1,NaN,NaN,NaN,12,11,2,NaN,NaN,NaN,1
4236.7098,-0.6761341,303,13,1,12,NaN,NaN,NaN,13,1,13,NaN,NaN,NaN,1
10992.9406,-0.03232411,303,13,3,10,NaN,NaN,NaN,13,1,13,NaN,NaN,NaN,1
14937.3148,-0.006458287,303,13,5,8,NaN,NaN,NaN,13,1,13,NaN,NaN,NaN,1
21359.963,-0.000825513,303,13,7,6,NaN,NaN,NaN,13,1,13,NaN,NaN,NaN,1
3756.3245,0.9059079,303,13,3,11,NaN,NaN,NaN,13,1,12,NaN,NaN,NaN,1
2999.9062,-1.034648,303,13,3,10,NaN,NaN,NaN,13,3,11,NaN,NaN,NaN,1
6944.2805,-0.2239797,303,13,5,8,NaN,NaN,NaN,13,3,11,NaN,NaN,NaN,1
13366.9287,-0.02874718,303,13,7,6,NaN,NaN,NaN,13,3,11,NaN,NaN,NaN,1
22892.8889,-0.001125039,303,13,9,4,NaN,NaN,NaN,13,3,11,NaN,NaN,NaN,1
10088.0816,0.07151104,303,13,5,9,NaN,NaN,NaN,13,1,12,NaN,NaN,NaN,1
3331.8509,0.9035706,303,13,5,9,NaN,NaN,NaN,13,3,10,NaN,NaN,NaN,1
612.5234,-1.588898,303,13,5,8,NaN,NaN,NaN,13,5,9,NaN,NaN,NaN,1
7035.1716,-0.3287391,303,13,7,6,NaN,NaN,NaN,13,5,9,NaN,NaN,NaN,1
16561.1318,-0.01293462,303,13,9,4,NaN,NaN,NaN,13,5,9,NaN,NaN,NaN,1
17115.9652,0.006117839,303,13,7,7,NaN,NaN,NaN,13,1,12,NaN,NaN,NaN,1
10359.7344,0.08304755,303,13,7,7,NaN,NaN,NaN,13,3,10,NaN,NaN,NaN,1
6415.3601,0.3494583,303,13,7,7,NaN,NaN,NaN,13,5,8,NaN,NaN,NaN,1
7.2881,-2.60006,303,13,7,6,NaN,NaN,NaN,13,7,7,NaN,NaN,NaN,1
9533.2483,-0.2027336,303,13,9,4,NaN,NaN,NaN,13,7,7,NaN,NaN,NaN,1
21610.4792,-0.003303872,303,13,11,2,NaN,NaN,NaN,13,7,7,NaN,NaN,NaN,1
19892.9716,0.003234726,303,13,9,5,NaN,NaN,NaN,13,3,10,NaN,NaN,NaN,1
15948.5973,0.013724,303,13,9,5,NaN,NaN,NaN,13,5,8,NaN,NaN,NaN,1
9525.9491,0.2027642,303,13,9,5,NaN,NaN,NaN,13,7,6,NaN,NaN,NaN,1
0.0111,-3.429639,303,13,9,4,NaN,NaN,NaN,13,9,5,NaN,NaN,NaN,1
12077.242,-0.11163,303,13,11,2,NaN,NaN,NaN,13,9,5,NaN,NaN,NaN,1
26636.7982,-0.0005438147,303,13,13,0,NaN,NaN,NaN,13,9,5,NaN,NaN,NaN,1
21603.1912,0.003304365,303,13,11,3,NaN,NaN,NaN,13,7,6,NaN,NaN,NaN,1
12077.2309,0.11163,303,13,11,3,NaN,NaN,NaN,13,9,4,NaN,NaN,NaN,1
0,-4.222927,303,13,11,2,NaN,NaN,NaN,13,11,3,NaN,NaN,NaN,1
14559.5562,-0.04113501,303,13,13,0,NaN,NaN,NaN,13,11,3,NaN,NaN,NaN,1
26636.7871,0.0005438147,303,13,13,1,NaN,NaN,NaN,13,9,4,NaN,NaN,NaN,1
14559.5562,0.04113501,303,13,13,1,NaN,NaN,NaN,13,11,2,NaN,NaN,NaN,1
0,-5.004953,303,13,13,0,NaN,NaN,NaN,13,13,1,NaN,NaN,NaN,1
28698.396,-3.571992,303,13,0,13,NaN,NaN,NaN,12,0,12,NaN,NaN,NaN,1
21457.7558,-0.05716395,303,13,0,13,NaN,NaN,NaN,12,2,10,NaN,NaN,NaN,1
17123.0741,-0.006585223,303,13,0,13,NaN,NaN,NaN,12,4,8,NaN,NaN,NaN,1
12261.6066,-0.00132997,303,13,0,13,NaN,NaN,NaN,12,6,6,NaN,NaN,NaN,1
36663.3598,0.1494942,303,13,2,11,NaN,NaN,NaN,12,0,12,NaN,NaN,NaN,1
29422.7195,-3.458295,303,13,2,11,NaN,NaN,NaN,12,2,10,NaN,NaN,NaN,1
25088.0379,-0.2266341,303,13,2,11,NaN,NaN,NaN,12,4,8,NaN,NaN,NaN,1
20226.5704,-0.04529028,303,13,2,11,NaN,NaN,NaN,12,6,6,NaN,NaN,NaN,1
11964.1087,-0.002209633,303,13,2,11,NaN,NaN,NaN,12,8,4,NaN,NaN,NaN,1
41780.0928,0.01385196,303,13,4,9,NaN,NaN,NaN,12,0,12,NaN,NaN,NaN,1
34539.4526,0.4294132,303,13,4,9,NaN,NaN,NaN,12,2,10,NaN,NaN,NaN,1
30204.7709,-3.444511,303,13,4,9,NaN,NaN,NaN,12,4,8,NaN,NaN,NaN,1
25343.3035,-0.2537752,303,13,4,9,NaN,NaN,NaN,12,6,6,NaN,NaN,NaN,1
17080.8418,-0.01222882,303,13,4,9,NaN,NaN,NaN,12,8,4,NaN,NaN,NaN,1
46356.1017,0.003341577,303,13,6,7,NaN,NaN,NaN,12,0,12,NaN,NaN,NaN,1
39115.4614,0.09973998,303,13,6,7,NaN,NaN,NaN,12,2,10,NaN,NaN,NaN,1
34780.7798,0.4920088,303,13,6,7,NaN,NaN,NaN,12,4,8,NaN,NaN,NaN,1
29919.3123,-3.205328,303,13,6,7,NaN,NaN,NaN,12,6,6,NaN,NaN,NaN,1
21656.8506,-0.0940159,303,13,6,7,NaN,NaN,NaN,12,8,4,NaN,NaN,NaN,1
10800.0638,-0.001754101,303,13,6,7,NaN,NaN,NaN,12,10,2,NaN,NaN,NaN,1
47252.7299,0.006337995,303,13,8,5,NaN,NaN,NaN,12,2,10,NaN,NaN,NaN,1
42918.0483,0.02977016,303,13,8,5,NaN,NaN,NaN,12,4,8,NaN,NaN,NaN,1
38056.5808,0.3088806,303,13,8,5,NaN,NaN,NaN,12,6,6,NaN,NaN,NaN,1
29794.1191,-2.84881,303,13,8,5,NaN,NaN,NaN,12,8,4,NaN,NaN,NaN,1
18937.3323,-0.0402344,303,13,8,5,NaN,NaN,NaN,12,10,2,NaN,NaN,NaN,1
53734.9189,0.0007565855,303,13,10,3,NaN,NaN,NaN,12,4,8,NaN,NaN,NaN,1
48873.4514,0.007796523,303,13,10,3,NaN,NaN,NaN,12,6,6,NaN,NaN,NaN,1
40610.9897,0.225326,303,13,10,3,NaN,NaN,NaN,12,8,4,NaN,NaN,NaN,1
29754.2029,-2.30952,303,13,10,3,NaN,NaN,NaN,12,10,2,NaN,NaN,NaN,1
16410.5067,-0.01080403,303,13,10,3,NaN,NaN,NaN,12,12,0,NaN,NaN,NaN,1
53933.719,0.00219472,303,13,12,1,NaN,NaN,NaN,12,8,4,NaN,NaN,NaN,1
43076.9321,0.1484307,303,13,12,1,NaN,NaN,NaN,12,10,2,NaN,NaN,NaN,1
29733.2359,-1.390199,303,13,12,1,NaN,NaN,NaN,12,12,0,NaN,NaN,NaN,1
4238.0233,0.6761167,303,13,2,12,NaN,NaN,NaN,13,0,13,NaN,NaN,NaN,1
11281.0017,0.0318024,303,13,4,10,NaN,NaN,NaN,13,0,13,NaN,NaN,NaN,1
17564.8163,0.00305573,303,13,6,8,NaN,NaN,NaN,13,0,13,NaN,NaN,NaN,1
3726.9404,-0.9067085,303,13,2,11,NaN,NaN,NaN,13,2,12,NaN,NaN,NaN,1
3316.038,1.013406,303,13,4,10,NaN,NaN,NaN,13,2,11,NaN,NaN,NaN,1
9599.8525,0.1039781,303,13,6,8,NaN,NaN,NaN,13,2,11,NaN,NaN,NaN,1
17829.6576,0.006200238,303,13,8,6,NaN,NaN,NaN,13,2,11,NaN,NaN,NaN,1
8843.6735,-0.08750503,303,13,4,9,NaN,NaN,NaN,13,2,12,NaN,NaN,NaN,1
1800.6951,-1.178984,303,13,4,9,NaN,NaN,NaN,13,4,10,NaN,NaN,NaN,1
4483.1194,0.5570233,303,13,6,8,NaN,NaN,NaN,13,4,9,NaN,NaN,NaN,1
12712.9245,0.03431047,303,13,8,6,NaN,NaN,NaN,13,4,9,NaN,NaN,NaN,1
23530.1477,0.0008719548,303,13,10,4,NaN,NaN,NaN,13,4,9,NaN,NaN,NaN,1
13419.6823,-0.02112375,303,13,6,7,NaN,NaN,NaN,13,2,12,NaN,NaN,NaN,1
6376.704,-0.3513827,303,13,6,7,NaN,NaN,NaN,13,4,10,NaN,NaN,NaN,1
92.8894,-2.135614,303,13,6,7,NaN,NaN,NaN,13,6,8,NaN,NaN,NaN,1
8136.9157,0.2629017,303,13,8,6,NaN,NaN,NaN,13,6,7,NaN,NaN,NaN,1
18954.1389,0.006699243,303,13,10,4,NaN,NaN,NaN,13,6,7,NaN,NaN,NaN,1
21556.9508,-0.001343955,303,13,8,5,NaN,NaN,NaN,13,2,12,NaN,NaN,NaN,1
14513.9725,-0.02252697,303,13,8,5,NaN,NaN,NaN,13,4,10,NaN,NaN,NaN,1
8230.1579,-0.2620159,303,13,8,5,NaN,NaN,NaN,13,6,8,NaN,NaN,NaN,1
0.3528,-3.022917,303,13,8,5,NaN,NaN,NaN,13,8,6,NaN,NaN,NaN,1
10816.8704,0.1535744,303,13,10,4,NaN,NaN,NaN,13,8,5,NaN,NaN,NaN,1
24139.5998,0.001499748,303,13,12,2,NaN,NaN,NaN,13,8,5,NaN,NaN,NaN,1
25330.8431,-0.0005725957,303,13,10,3,NaN,NaN,NaN,13,4,10,NaN,NaN,NaN,1
19047.0285,-0.006677072,303,13,10,3,NaN,NaN,NaN,13,6,8,NaN,NaN,NaN,1
10817.2234,-0.1535736,303,13,10,3,NaN,NaN,NaN,13,8,6,NaN,NaN,NaN,1
0.0002,-3.82847,303,13,10,3,NaN,NaN,NaN,13,10,4,NaN,NaN,NaN,1
13322.7292,0.0747307,303,13,12,2,NaN,NaN,NaN,13,10,3,NaN,NaN,NaN,1
24139.9526,-0.00149974,303,13,12,1,NaN,NaN,NaN,13,8,6,NaN,NaN,NaN,1
13322.7295,-0.0747307,303,13,12,1,NaN,NaN,NaN,13,10,4,NaN,NaN,NaN,1
0,-4.614768,303,13,12,1,NaN,NaN,NaN,13,12,2,NaN,NaN,NaN,1
30892.5301,3.709257,303,14,0,14,NaN,NaN,NaN,13,0,13,NaN,NaN,NaN,1
22927.5663,0.05443686,303,14,0,14,NaN,NaN,NaN,13,2,11,NaN,NaN,NaN,1
17810.8333,0.005052292,303,14,0,14,NaN,NaN,NaN,13,4,9,NaN,NaN,NaN,1
13234.8244,0.001218823,303,14,0,14,NaN,NaN,NaN,13,6,7,NaN,NaN,NaN,1
39571.2055,-0.1438332,303,14,2,12,NaN,NaN,NaN,13,0,13,NaN,NaN,NaN,1
31606.2418,3.597175,303,14,2,12,NaN,NaN,NaN,13,2,11,NaN,NaN,NaN,1
26489.5087,0.1937654,303,14,2,12,NaN,NaN,NaN,13,4,9,NaN,NaN,NaN,1
21913.4998,0.04642244,303,14,2,12,NaN,NaN,NaN,13,6,7,NaN,NaN,NaN,1
13776.2313,0.002952811,303,14,2,12,NaN,NaN,NaN,13,8,5,NaN,NaN,NaN,1
45549.8817,-0.01115435,303,14,4,10,NaN,NaN,NaN,13,0,13,NaN,NaN,NaN,1
37584.9179,-0.3901482,303,14,4,10,NaN,NaN,NaN,13,2,11,NaN,NaN,NaN,1
32468.1848,3.577748,303,14,4,10,NaN,NaN,NaN,13,4,9,NaN,NaN,NaN,1
27892.176,0.3258369,303,14,4,10,NaN,NaN,NaN,13,6,7,NaN,NaN,NaN,1
19754.9075,0.02032133,303,14,4,10,NaN,NaN,NaN,13,8,5,NaN,NaN,NaN,1
8938.0369,0.0005164928,303,14,4,10,NaN,NaN,NaN,13,10,3,NaN,NaN,NaN,1
49947.751,-0.002866764,303,14,6,8,NaN,NaN,NaN,13,0,13,NaN,NaN,NaN,1
41982.7872,-0.0977176,303,14,6,8,NaN,NaN,NaN,13,2,11,NaN,NaN,NaN,1
36866.0541,-0.5807223,303,14,6,8,NaN,NaN,NaN,13,4,9,NaN,NaN,NaN,1
32290.0453,3.388518,303,14,6,8,NaN,NaN,NaN,13,6,7,NaN,NaN,NaN,1
24152.7768,0.1188282,303,14,6,8,NaN,NaN,NaN,13,8,5,NaN,NaN,NaN,1
13335.9062,0.003016575,303,14,6,8,NaN,NaN,NaN,13,10,3,NaN,NaN,NaN,1
49935.6885,-0.008085646,303,14,8,6,NaN,NaN,NaN,13,2,11,NaN,NaN,NaN,1
44818.9554,-0.0447613,303,14,8,6,NaN,NaN,NaN,13,4,9,NaN,NaN,NaN,1
40242.9466,-0.3472262,303,14,8,6,NaN,NaN,NaN,13,6,7,NaN,NaN,NaN,1
32105.6781,3.077911,303,14,8,6,NaN,NaN,NaN,13,8,5,NaN,NaN,NaN,1
21288.8074,0.05627734,303,14,8,6,NaN,NaN,NaN,13,10,3,NaN,NaN,NaN,1
7966.0782,0.000549224,303,14,8,6,NaN,NaN,NaN,13,12,1,NaN,NaN,NaN,1
55584.9589,-0.001469463,303,14,10,4,NaN,NaN,NaN,13,4,9,NaN,NaN,NaN,1
51008.9501,-0.01129001,303,14,10,4,NaN,NaN,NaN,13,6,7,NaN,NaN,NaN,1
42871.6815,-0.259727,303,14,10,4,NaN,NaN,NaN,13,8,5,NaN,NaN,NaN,1
32054.8109,2.625051,303,14,10,4,NaN,NaN,NaN,13,10,3,NaN,NaN,NaN,1
18732.0817,0.02129121,303,14,10,4,NaN,NaN,NaN,13,12,1,NaN,NaN,NaN,1
56168.0994,-0.003734477,303,14,12,2,NaN,NaN,NaN,13,8,5,NaN,NaN,NaN,1
45351.2288,-0.1862891,303,14,12,2,NaN,NaN,NaN,13,10,3,NaN,NaN,NaN,1
32028.4996,1.932034,303,14,12,2,NaN,NaN,NaN,13,12,1,NaN,NaN,NaN,1
61126.535,-0.0008267844,303,14,14,0,NaN,NaN,NaN,13,10,3,NaN,NaN,NaN,1
47803.8058,-0.1021253,303,14,14,0,NaN,NaN,NaN,13,12,1,NaN,NaN,NaN,1
30892.5153,-3.709256,303,14,1,14,NaN,NaN,NaN,13,1,13,NaN,NaN,NaN,1
22899.481,-0.05440005,303,14,1,14,NaN,NaN,NaN,13,3,11,NaN,NaN,NaN,1
16567.7239,-0.004131864,303,14,1,14,NaN,NaN,NaN,13,5,9,NaN,NaN,NaN,1
9539.8404,-0.0003533931,303,14,1,14,NaN,NaN,NaN,13,7,7,NaN,NaN,NaN,1
39584.2576,0.1437988,303,14,3,12,NaN,NaN,NaN,13,1,13,NaN,NaN,NaN,1
31591.2233,-3.596313,303,14,3,12,NaN,NaN,NaN,13,3,11,NaN,NaN,NaN,1
25259.4662,-0.1593535,303,14,3,12,NaN,NaN,NaN,13,5,9,NaN,NaN,NaN,1
18231.5827,-0.01359186,303,14,3,12,NaN,NaN,NaN,13,7,7,NaN,NaN,NaN,1
8698.3455,-0.0005291825,303,14,3,12,NaN,NaN,NaN,13,9,5,NaN,NaN,NaN,1
46447.0123,0.01009964,303,14,5,10,NaN,NaN,NaN,13,1,13,NaN,NaN,NaN,1
38453.978,0.3568054,303,14,5,10,NaN,NaN,NaN,13,3,11,NaN,NaN,NaN,1
32122.2209,-3.486357,303,14,5,10,NaN,NaN,NaN,13,5,9,NaN,NaN,NaN,1
25094.3373,-0.1605321,303,14,5,10,NaN,NaN,NaN,13,7,7,NaN,NaN,NaN,1
15561.1001,-0.006234462,303,14,5,10,NaN,NaN,NaN,13,9,5,NaN,NaN,NaN,1
53497.7397,0.0009719928,303,14,7,8,NaN,NaN,NaN,13,1,13,NaN,NaN,NaN,1
45504.7054,0.03385283,303,14,7,8,NaN,NaN,NaN,13,3,11,NaN,NaN,NaN,1
39172.9483,0.3953767,303,14,7,8,NaN,NaN,NaN,13,5,9,NaN,NaN,NaN,1
32145.0647,-3.247631,303,14,7,8,NaN,NaN,NaN,13,7,7,NaN,NaN,NaN,1
22611.8275,-0.08257871,303,14,7,8,NaN,NaN,NaN,13,9,5,NaN,NaN,NaN,1
10534.5855,-0.001343657,303,14,7,8,NaN,NaN,NaN,13,11,3,NaN,NaN,NaN,1
54968.3054,0.001654206,303,14,9,6,NaN,NaN,NaN,13,3,11,NaN,NaN,NaN,1
48636.5483,0.01901913,303,14,9,6,NaN,NaN,NaN,13,5,9,NaN,NaN,NaN,1
41608.6647,0.2999926,303,14,9,6,NaN,NaN,NaN,13,7,7,NaN,NaN,NaN,1
32075.4275,-2.873026,303,14,9,6,NaN,NaN,NaN,13,9,5,NaN,NaN,NaN,1
19998.1855,-0.0363996,303,14,9,6,NaN,NaN,NaN,13,11,3,NaN,NaN,NaN,1
60678.164,0.0004191221,303,14,11,4,NaN,NaN,NaN,13,5,9,NaN,NaN,NaN,1
53650.2804,0.006576744,303,14,11,4,NaN,NaN,NaN,13,7,7,NaN,NaN,NaN,1
44117.0432,0.2226549,303,14,11,4,NaN,NaN,NaN,13,9,5,NaN,NaN,NaN,1
32039.8012,-2.320275,303,14,11,4,NaN,NaN,NaN,13,11,3,NaN,NaN,NaN,1
17480.245,-0.009930504,303,14,11,4,NaN,NaN,NaN,13,13,1,NaN,NaN,NaN,1
58656.5572,0.001953593,303,14,13,2,NaN,NaN,NaN,13,9,5,NaN,NaN,NaN,1
46579.3151,0.1478552,303,14,13,2,NaN,NaN,NaN,13,11,3,NaN,NaN,NaN,1
32019.759,-1.392188,303,14,13,2,NaN,NaN,NaN,13,13,1,NaN,NaN,NaN,1
31242.4138,3.649065,303,14,1,13,NaN,NaN,NaN,13,1,12,NaN,NaN,NaN,1
24486.183,0.1065217,303,14,1,13,NaN,NaN,NaN,13,3,10,NaN,NaN,NaN,1
20541.8088,0.02125494,303,14,1,13,NaN,NaN,NaN,13,5,8,NaN,NaN,NaN,1
14119.1606,0.002716681,303,14,1,13,NaN,NaN,NaN,13,7,6,NaN,NaN,NaN,1
38796.0558,-0.2546601,303,14,3,11,NaN,NaN,NaN,13,1,12,NaN,NaN,NaN,1
32039.8251,3.563606,303,14,3,11,NaN,NaN,NaN,13,3,10,NaN,NaN,NaN,1
28095.4508,0.3580141,303,14,3,11,NaN,NaN,NaN,13,5,8,NaN,NaN,NaN,1
21672.8026,0.04467403,303,14,3,11,NaN,NaN,NaN,13,7,6,NaN,NaN,NaN,1
12146.8424,0.001747922,303,14,3,11,NaN,NaN,NaN,13,9,4,NaN,NaN,NaN,1
43219.6631,-0.04114794,303,14,5,9,NaN,NaN,NaN,13,1,12,NaN,NaN,NaN,1
36463.4323,-0.6064222,303,14,5,9,NaN,NaN,NaN,13,3,10,NaN,NaN,NaN,1
32519.058,3.521069,303,14,5,9,NaN,NaN,NaN,13,5,8,NaN,NaN,NaN,1
26096.4098,0.1820135,303,14,5,9,NaN,NaN,NaN,13,7,6,NaN,NaN,NaN,1
16570.4496,0.00708621,303,14,5,9,NaN,NaN,NaN,13,9,4,NaN,NaN,NaN,1
49281.6247,-0.007069875,303,14,7,7,NaN,NaN,NaN,13,1,12,NaN,NaN,NaN,1
42525.3939,-0.09612152,303,14,7,7,NaN,NaN,NaN,13,3,10,NaN,NaN,NaN,1
38581.0196,-0.4176508,303,14,7,7,NaN,NaN,NaN,13,5,8,NaN,NaN,NaN,1
32158.3715,3.247708,303,14,7,7,NaN,NaN,NaN,13,7,6,NaN,NaN,NaN,1
22632.4112,0.08261625,303,14,7,7,NaN,NaN,NaN,13,9,4,NaN,NaN,NaN,1
10555.1803,0.001344271,303,14,7,7,NaN,NaN,NaN,13,11,2,NaN,NaN,NaN,1
58724.6798,-0.0003502166,303,14,9,5,NaN,NaN,NaN,13,1,12,NaN,NaN,NaN,1
51968.449,-0.004756017,303,14,9,5,NaN,NaN,NaN,13,3,10,NaN,NaN,NaN,1
48024.0747,-0.02017946,303,14,9,5,NaN,NaN,NaN,13,5,8,NaN,NaN,NaN,1
41601.4265,-0.3000359,303,14,9,5,NaN,NaN,NaN,13,7,6,NaN,NaN,NaN,1
32075.4663,2.873027,303,14,9,5,NaN,NaN,NaN,13,9,4,NaN,NaN,NaN,1
19998.2354,0.03639962,303,14,9,5,NaN,NaN,NaN,13,11,2,NaN,NaN,NaN,1
60065.6406,-0.000444699,303,14,11,3,NaN,NaN,NaN,13,5,8,NaN,NaN,NaN,1
53642.9924,-0.006577725,303,14,11,3,NaN,NaN,NaN,13,7,6,NaN,NaN,NaN,1
44117.0322,-0.222655,303,14,11,3,NaN,NaN,NaN,13,9,4,NaN,NaN,NaN,1
32039.8012,2.320275,303,14,11,3,NaN,NaN,NaN,13,11,2,NaN,NaN,NaN,1
17480.2451,0.009930504,303,14,11,3,NaN,NaN,NaN,13,13,0,NaN,NaN,NaN,1
58656.5461,-0.001953593,303,14,13,1,NaN,NaN,NaN,13,9,4,NaN,NaN,NaN,1
46579.3151,-0.1478552,303,14,13,1,NaN,NaN,NaN,13,11,2,NaN,NaN,NaN,1
32019.759,1.392188,303,14,13,1,NaN,NaN,NaN,13,13,0,NaN,NaN,NaN,1
4586.6082,0.6783104,303,14,1,13,NaN,NaN,NaN,14,1,14,NaN,NaN,NaN,1
4105.134,-0.9141243,303,14,3,12,NaN,NaN,NaN,14,1,13,NaN,NaN,NaN,1
10967.8887,-0.06658663,303,14,5,10,NaN,NaN,NaN,14,1,13,NaN,NaN,NaN,1
18018.6161,-0.00640974,303,14,7,8,NaN,NaN,NaN,14,1,13,NaN,NaN,NaN,1
12140.2503,0.02927539,303,14,3,11,NaN,NaN,NaN,14,1,14,NaN,NaN,NaN,1
3448.508,1.050034,303,14,3,11,NaN,NaN,NaN,14,3,12,NaN,NaN,NaN,1
3414.2467,-1.011489,303,14,5,10,NaN,NaN,NaN,14,3,11,NaN,NaN,NaN,1
10464.9741,-0.1053192,303,14,7,8,NaN,NaN,NaN,14,3,11,NaN,NaN,NaN,1
19928.5741,-0.005149998,303,14,9,6,NaN,NaN,NaN,14,3,11,NaN,NaN,NaN,1
16563.8575,0.004761588,303,14,5,9,NaN,NaN,NaN,14,1,14,NaN,NaN,NaN,1
7872.1152,0.1826031,303,14,5,9,NaN,NaN,NaN,14,3,12,NaN,NaN,NaN,1
1009.3606,1.451882,303,14,5,9,NaN,NaN,NaN,14,5,10,NaN,NaN,NaN,1
6041.3668,-0.4209305,303,14,7,8,NaN,NaN,NaN,14,5,9,NaN,NaN,NaN,1
15504.9668,-0.02087783,303,14,9,6,NaN,NaN,NaN,14,5,9,NaN,NaN,NaN,1
27546.5826,-0.0004601074,303,14,11,4,NaN,NaN,NaN,14,5,9,NaN,NaN,NaN,1
22625.8191,0.0008183383,303,14,7,7,NaN,NaN,NaN,14,1,14,NaN,NaN,NaN,1
13934.0768,0.0314723,303,14,7,7,NaN,NaN,NaN,14,3,12,NaN,NaN,NaN,1
7071.3222,0.3681609,303,14,7,7,NaN,NaN,NaN,14,5,10,NaN,NaN,NaN,1
20.5948,2.47198,303,14,7,7,NaN,NaN,NaN,14,7,8,NaN,NaN,NaN,1
9443.0052,-0.242874,303,14,9,6,NaN,NaN,NaN,14,7,7,NaN,NaN,NaN,1
21484.6209,-0.005362124,303,14,11,4,NaN,NaN,NaN,14,7,7,NaN,NaN,NaN,1
23377.1319,0.001559099,303,14,9,5,NaN,NaN,NaN,14,3,12,NaN,NaN,NaN,1
16514.3772,0.01836794,303,14,9,5,NaN,NaN,NaN,14,5,10,NaN,NaN,NaN,1
9463.6498,0.2427616,303,14,9,5,NaN,NaN,NaN,14,7,8,NaN,NaN,NaN,1
0.0499,3.294028,303,14,9,5,NaN,NaN,NaN,14,9,6,NaN,NaN,NaN,1
12041.5659,-0.1451295,303,14,11,4,NaN,NaN,NaN,14,9,5,NaN,NaN,NaN,1
26581.0798,-0.001276143,303,14,13,2,NaN,NaN,NaN,14,9,5,NaN,NaN,NaN,1
28555.9431,0.0004048016,303,14,11,3,NaN,NaN,NaN,14,5,10,NaN,NaN,NaN,1
21505.2157,0.005359676,303,14,11,3,NaN,NaN,NaN,14,7,8,NaN,NaN,NaN,1
12041.6157,0.1451294,303,14,11,3,NaN,NaN,NaN,14,9,6,NaN,NaN,NaN,1
0,4.066436,303,14,11,3,NaN,NaN,NaN,14,11,4,NaN,NaN,NaN,1
14539.5139,-0.07148067,303,14,13,2,NaN,NaN,NaN,14,11,3,NaN,NaN,NaN,1
26581.1297,0.001276143,303,14,13,1,NaN,NaN,NaN,14,9,6,NaN,NaN,NaN,1
14539.5139,0.07148067,303,14,13,1,NaN,NaN,NaN,14,11,4,NaN,NaN,NaN,1
0,4.824119,303,14,13,1,NaN,NaN,NaN,14,13,2,NaN,NaN,NaN,1
31241.6573,-3.649034,303,14,2,13,NaN,NaN,NaN,13,2,12,NaN,NaN,NaN,1
24198.6789,-0.1048224,303,14,2,13,NaN,NaN,NaN,13,4,10,NaN,NaN,NaN,1
17914.8643,-0.01006092,303,14,2,13,NaN,NaN,NaN,13,6,8,NaN,NaN,NaN,1
9685.0592,-0.000599592,303,14,2,13,NaN,NaN,NaN,13,8,6,NaN,NaN,NaN,1
38955.3338,0.2532284,303,14,4,11,NaN,NaN,NaN,13,2,12,NaN,NaN,NaN,1
31912.3554,-3.548623,303,14,4,11,NaN,NaN,NaN,13,4,10,NaN,NaN,NaN,1
25628.5409,-0.1858889,303,14,4,11,NaN,NaN,NaN,13,6,8,NaN,NaN,NaN,1
17398.7357,-0.01103677,303,14,4,11,NaN,NaN,NaN,13,8,6,NaN,NaN,NaN,1
45503.4847,0.02421926,303,14,6,9,NaN,NaN,NaN,13,2,12,NaN,NaN,NaN,1
38460.5063,0.4141257,303,14,6,9,NaN,NaN,NaN,13,4,10,NaN,NaN,NaN,1
32176.6917,-3.385523,303,14,6,9,NaN,NaN,NaN,13,6,8,NaN,NaN,NaN,1
23946.8866,-0.1177618,303,14,6,9,NaN,NaN,NaN,13,8,6,NaN,NaN,NaN,1
13129.6634,-0.002989268,303,14,6,9,NaN,NaN,NaN,13,10,4,NaN,NaN,NaN,1
53661.3815,0.00175448,303,14,8,7,NaN,NaN,NaN,13,2,12,NaN,NaN,NaN,1
46618.4031,0.02941093,303,14,8,7,NaN,NaN,NaN,13,4,10,NaN,NaN,NaN,1
40334.5885,0.3461317,303,14,8,7,NaN,NaN,NaN,13,6,8,NaN,NaN,NaN,1
32104.7834,-3.077909,303,14,8,7,NaN,NaN,NaN,13,8,6,NaN,NaN,NaN,1
21287.5602,-0.0562763,303,14,8,7,NaN,NaN,NaN,13,10,4,NaN,NaN,NaN,1
7964.8308,-0.0005492138,303,14,8,7,NaN,NaN,NaN,13,12,2,NaN,NaN,NaN,1
57385.6527,0.0009649683,303,14,10,5,NaN,NaN,NaN,13,4,10,NaN,NaN,NaN,1
51101.8381,0.01125265,303,14,10,5,NaN,NaN,NaN,13,6,8,NaN,NaN,NaN,1
42872.033,0.2597257,303,14,10,5,NaN,NaN,NaN,13,8,6,NaN,NaN,NaN,1
32054.8098,-2.625051,303,14,10,5,NaN,NaN,NaN,13,10,4,NaN,NaN,NaN,1
18732.0804,-0.02129121,303,14,10,5,NaN,NaN,NaN,13,12,2,NaN,NaN,NaN,1
56168.4522,0.003734458,303,14,12,3,NaN,NaN,NaN,13,8,6,NaN,NaN,NaN,1
45351.2291,0.1862891,303,14,12,3,NaN,NaN,NaN,13,10,4,NaN,NaN,NaN,1
32028.4996,-1.932034,303,14,12,3,NaN,NaN,NaN,13,12,2,NaN,NaN,NaN,1
61126.5352,0.0008267844,303,14,14,1,NaN,NaN,NaN,13,10,4,NaN,NaN,NaN,1
47803.8058,0.1021253,303,14,14,1,NaN,NaN,NaN,13,12,2,NaN,NaN,NaN,1
4587.1505,-0.6783044,303,14,2,13,NaN,NaN,NaN,14,0,14,NaN,NaN,NaN,1
4091.5249,0.9144197,303,14,2,12,NaN,NaN,NaN,14,2,13,NaN,NaN,NaN,1
10070.2011,0.07356004,303,14,4,10,NaN,NaN,NaN,14,2,13,NaN,NaN,NaN,1
14468.0704,0.01891325,303,14,6,8,NaN,NaN,NaN,14,2,13,NaN,NaN,NaN,1
22420.9716,0.001566833,303,14,8,6,NaN,NaN,NaN,14,2,13,NaN,NaN,NaN,1
12300.827,-0.0290997,303,14,4,11,NaN,NaN,NaN,14,0,14,NaN,NaN,NaN,1
3622.1516,-1.041934,303,14,4,11,NaN,NaN,NaN,14,2,12,NaN,NaN,NaN,1
2356.5245,1.15025,303,14,4,10,NaN,NaN,NaN,14,4,11,NaN,NaN,NaN,1
6754.3938,0.3454413,303,14,6,8,NaN,NaN,NaN,14,4,11,NaN,NaN,NaN,1
14707.2951,0.02883962,303,14,8,6,NaN,NaN,NaN,14,4,11,NaN,NaN,NaN,1
25473.2986,0.0009470986,303,14,10,4,NaN,NaN,NaN,14,4,11,NaN,NaN,NaN,1
18848.9779,-0.002800018,303,14,6,9,NaN,NaN,NaN,14,0,14,NaN,NaN,NaN,1
10170.3025,-0.106562,303,14,6,9,NaN,NaN,NaN,14,2,12,NaN,NaN,NaN,1
4191.6263,-0.6982572,303,14,6,9,NaN,NaN,NaN,14,4,10,NaN,NaN,NaN,1
206.243,1.988698,303,14,6,8,NaN,NaN,NaN,14,6,9,NaN,NaN,NaN,1
8159.1442,0.3062211,303,14,8,6,NaN,NaN,NaN,14,6,9,NaN,NaN,NaN,1
18925.1477,0.01009465,303,14,10,4,NaN,NaN,NaN,14,6,9,NaN,NaN,NaN,1
18328.1993,-0.007724344,303,14,8,7,NaN,NaN,NaN,14,2,12,NaN,NaN,NaN,1
12349.5231,-0.05314598,303,14,8,7,NaN,NaN,NaN,14,4,10,NaN,NaN,NaN,1
7951.6538,-0.3090857,303,14,8,7,NaN,NaN,NaN,14,6,8,NaN,NaN,NaN,1
1.2474,2.894354,303,14,8,6,NaN,NaN,NaN,14,8,7,NaN,NaN,NaN,1
10767.2509,0.1898558,303,14,10,4,NaN,NaN,NaN,14,8,7,NaN,NaN,NaN,1
24063.6688,0.002740414,303,14,12,2,NaN,NaN,NaN,14,8,7,NaN,NaN,NaN,1
23116.7727,-0.001744185,303,14,10,5,NaN,NaN,NaN,14,4,10,NaN,NaN,NaN,1
18718.9034,-0.01018687,303,14,10,5,NaN,NaN,NaN,14,6,8,NaN,NaN,NaN,1
10766.0022,-0.1898594,303,14,10,5,NaN,NaN,NaN,14,8,6,NaN,NaN,NaN,1
0.0013,3.68311,303,14,10,4,NaN,NaN,NaN,14,10,5,NaN,NaN,NaN,1
13296.4192,0.1062171,303,14,12,2,NaN,NaN,NaN,14,10,5,NaN,NaN,NaN,1
29071.7254,0.0004719729,303,14,14,0,NaN,NaN,NaN,14,10,5,NaN,NaN,NaN,1
24062.4214,-0.002740465,303,14,12,3,NaN,NaN,NaN,14,8,6,NaN,NaN,NaN,1
13296.4179,-0.1062171,303,14,12,3,NaN,NaN,NaN,14,10,4,NaN,NaN,NaN,1
0,4.44635,303,14,12,2,NaN,NaN,NaN,14,12,3,NaN,NaN,NaN,1
15775.3062,0.039507,303,14,14,0,NaN,NaN,NaN,14,12,3,NaN,NaN,NaN,1
29071.7241,-0.0004719729,303,14,14,1,NaN,NaN,NaN,14,10,4,NaN,NaN,NaN,1
15775.3062,-0.039507,303,14,14,1,NaN,NaN,NaN,14,12,2,NaN,NaN,NaN,1
0,-5.200475,303,14,14,1,NaN,NaN,NaN,14,14,0,NaN,NaN,NaN,1
